ogle_id,has_M,n_gaia_within,ruwe,ipd_frac_multi_peak,phot_g_mean_mag,I,amp_I,matched,sigma_all,dGI,pct_n_gaia_within,pct_sigma_all,pct_ruwe,pct_ipd_frac_multi_peak,pct_dGI,pct_amp_I,flag_crowded
OGLE-LMC-RRLYR-01106,True,1,0.9745977,0,19.274736,18.618,0.639,True,229183.1180523293,0.16268547058105653,0.294010889292196,0.0019661222020568663,0.1370404132482528,0.3545069570477919,0.8966560750491753,0.6537588867039782,False
OGLE-LMC-RRLYR-01548,False,2,1.0338238,0,19.250063,18.773,0.786,True,545455.8209645437,-0.016987991333007102,0.7052225082751011,0.5315813739050254,0.48378038152416,0.3464049282824568,0.24349510979885589,0.9149043766090474,False
OGLE-LMC-RRLYR-02150,True,1,1.0530262,0,19.3592,18.867,0.686,True,531704.8338814039,-0.0018514099121098582,0.294010889292196,0.22996067755595886,0.5454269219082346,0.3545069570477919,0.346043274322893,0.7396006655574043,False
OGLE-LMC-RRLYR-03183,True,3,0.9825594,0,19.297955,18.682,0.722,True,838810.2120715252,0.12190362548828304,0.9492589231699939,0.6265124016938899,0.1689456092373139,0.3545069570477919,0.8214555908609472,0.7956436242625926,True
OGLE-LMC-RRLYR-03269,True,1,1.0694971,0,19.320427,18.891,0.619,True,770055.2766558264,-0.06462399291991971,0.294010889292196,0.5632940108892922,0.6140990580370708,0.3545069570477919,0.12997427750037827,0.6114808652246256,False
OGLE-LMC-RRLYR-03360,True,1,1.0380342,0,19.380333,18.803,0.793,True,522537.5091593108,0.0832820129394527,0.294010889292196,0.2178614640048397,0.47356426618049224,0.3545069570477919,0.7220456952640338,0.9001663893510815,False
OGLE-LMC-RRLYR-03594,True,2,0.9828011,0,19.555355,19.054,0.804,True,348358.3394395405,0.007304138183595654,0.7493194192377496,0.05134603750756201,0.16970525676086295,0.3545069570477919,0.3908306854289605,0.9127212222054152,False
OGLE-LMC-RRLYR-03700,True,2,1.0169756,0,19.359709,18.872,0.547,True,719634.9906843139,-0.006342147827147926,0.7493194192377496,0.506578947368421,0.3514129443938013,0.3545069570477919,0.32728098048116205,0.44569656632884586,False
OGLE-LMC-RRLYR-03881,True,1,0.9996367,0,19.387262,18.911,0.827,True,343774.6770784939,-0.01778858947754003,0.294010889292196,0.048926194797338174,0.25691279246429655,0.3545069570477919,0.28022393705553034,0.9370745726818938,False
OGLE-LMC-RRLYR-04280,True,1,1.0111542,0,19.194439,18.692,0.744,True,843393.8744325718,0.008388000488281477,0.294010889292196,0.6305202661826981,0.3204193254329991,0.3545069570477919,0.3952186412467847,0.8335350173952504,False
OGLE-LMC-RRLYR-04315,True,1,1.183561,0,19.184639,18.625,0.429,True,990071.0699860625,0.06558804321289102,0.294010889292196,0.7433454325468845,0.8079611060467943,0.3545069570477919,0.6541080344984113,0.19830585387989713,False
OGLE-LMC-RRLYR-04400,True,2,1.0016484,0,19.227318,18.783,0.793,True,527121.1715203574,-0.04973312377929773,0.7493194192377496,0.2236842105263158,0.2670920692798541,0.3545069570477919,0.17234074746557723,0.9001663893510815,False
OGLE-LMC-RRLYR-04633,True,1,0.9927598,0,19.305046,18.733,0.513,True,385027.6383279132,0.07799514770507798,0.294010889292196,0.07282214156079855,0.2210574293527803,0.3545069570477919,0.70388863670752,0.36802299198305854,False
OGLE-LMC-RRLYR-04978,True,2,1.3582251,13,19.30873,18.685,0.435,True,788389.9261000127,0.12967823791504074,0.7493194192377496,0.580989110707804,0.8948647827408083,0.9428312159709619,0.8387047964896354,0.20821358342157012,True
OGLE-LMC-RRLYR-05048,True,2,1.1280024,0,19.852245,19.139,0.742,True,577541.4574918698,0.2191943969726573,0.7493194192377496,0.2912129461584997,0.7485566697052568,0.3545069570477919,0.953850809502194,0.830661019512933,False
OGLE-LMC-RRLYR-05066,True,5,0.93169755,0,19.2043,18.934,0.738,True,852561.1991546649,-0.22375100708007878,0.9992437991530551,0.6391409558378706,0.0249164387724096,0.3545069570477919,0.0066575881373884096,0.822644078051732,True
OGLE-LMC-RRLYR-05817,False,1,0.9947345,0,19.764011,19.11,0.78,True,572957.7951308232,0.15996044921875097,0.2801121735932328,0.549792531120332,0.2468287014621865,0.3464049282824568,0.8250599741649751,0.909341669731519,False
OGLE-LMC-RRLYR-05821,True,1,0.91770977,0,19.664906,19.01,0.89,True,1012989.3817912954,0.16085461425781133,0.294010889292196,0.7617211131276467,0.012914007900334245,0.3545069570477919,0.8942351339083069,0.9850249584026622,False
OGLE-LMC-RRLYR-06521,True,2,1.0247278,0,19.281319,18.809,0.594,True,985487.4076250159,-0.02173226928711003,0.7493194192377496,0.7402450090744102,0.3995745973868125,0.3545069570477919,0.26660614313814496,0.5577824837392225,False
OGLE-LMC-RRLYR-07393,True,1,1.0607066,0,19.016088,18.516,0.652,True,957985.4334587364,0.0060375518798849725,0.294010889292196,0.7180127041742287,0.5774840474020054,0.3545069570477919,0.38447571493418065,0.6766752382392981,False
OGLE-LMC-RRLYR-07529,True,1,0.9601413,0,19.549776,19.071,0.813,True,600459.7692971027,-0.015274856567383921,0.294010889292196,0.3282667876588022,0.07900334244910362,0.3545069570477919,0.2912694810107429,0.9213432158523672,False
OGLE-LMC-RRLYR-07553,True,1,1.0083114,0,19.475975,18.939,0.544,True,618794.4187412891,0.042924102783203466,0.294010889292196,0.3587416817906836,0.3038590094196293,0.3545069570477919,0.5628688152519292,0.4378308879140826,False
OGLE-LMC-RRLYR-07617,True,1,1.1482861,0,19.546015,18.91,0.697,True,1095495.304290134,0.1419638519287112,0.294010889292196,0.8293254688445251,0.7748404740200547,0.3545069570477919,0.8648812225752761,0.7557101800030253,False
OGLE-LMC-RRLYR-07957,True,2,1.1006051,2,19.299295,18.824,0.384,True,976320.0829029228,-0.018755508422852785,0.7493194192377496,0.7320780399274047,0.7023701002734731,0.8067906836055656,0.2771977606294447,0.13197700801694146,False
OGLE-LMC-RRLYR-08101,True,1,1.0827836,0,19.252468,18.809,0.823,True,990071.0699860625,-0.050582824707031904,0.294010889292196,0.7433454325468845,0.6567912488605288,0.3545069570477919,0.1693145710394916,0.9320828921494478,False
OGLE-LMC-RRLYR-08205,True,3,1.4498187,0,19.525198,18.897,0.658,True,967152.7581808296,0.13414704895019725,0.9492589231699939,0.7256503327283726,0.9167426314190216,0.3545069570477919,0.8495990316235437,0.6877174406292543,True
OGLE-LMC-RRLYR-08275,True,2,1.021731,0,19.34109,18.965,0.902,True,527121.1715203574,-0.11796168518066352,0.7493194192377496,0.2236842105263158,0.3808872683075053,0.3545069570477919,0.047208352246935995,0.9884283769475117,False
OGLE-LMC-RRLYR-08601,True,2,1.0728896,1,19.33104,18.719,0.657,True,742553.3024895468,0.11798849487304608,0.7493194192377496,0.5333484573502723,0.6242783348526284,0.7512099213551119,0.8135875321531245,0.6855997579791256,False
OGLE-LMC-RRLYR-09642,True,1,1.0295038,0,19.04514,18.63,0.657,True,962569.0958197829,-0.07891162109374861,0.294010889292196,0.7222474289171203,0.427073837739289,0.3545069570477919,0.0977454985625662,0.6855997579791256,False
OGLE-LMC-RRLYR-10449,True,2,1.0770451,0,19.363464,18.925,0.78,True,660047.3799907083,-0.05558657836914094,0.7493194192377496,0.4249848759830611,0.6361288362199939,0.3545069570477919,0.1558480859434105,0.881939192255332,False
OGLE-LMC-RRLYR-10900,True,1,1.0578003,0,19.438326,18.875,0.37,True,527121.1715203574,0.06927494812011759,0.294010889292196,0.2236842105263158,0.5650258280158007,0.3545069570477919,0.6690876078075352,0.11427923158372409,False
OGLE-LMC-RRLYR-11047,True,2,0.99715126,0,19.139519,18.645,0.623,True,398778.62541105296,0.00046780395507894923,0.7493194192377496,0.0823502722323049,0.24308720753570343,0.3545069570477919,0.3557270388863671,0.6182120707911057,False
OGLE-LMC-RRLYR-11055,True,1,1.0386376,0,19.032234,18.565,0.56,True,426280.59957733244,-0.026816741943360256,0.294010889292196,0.10458257713248639,0.47766636280765723,0.3545069570477919,0.24738992283250114,0.4767054908485857,False
OGLE-LMC-RRLYR-11058,True,1,1.0348331,0,19.34689,18.832,0.741,True,669214.7047128015,0.02083856201171841,0.294010889292196,0.4381427707199032,0.4556365846247341,0.3545069570477919,0.45453169919806324,0.8289971260021177,False
OGLE-LMC-RRLYR-11166,True,1,0.9775046,0,19.7573,19.093,0.822,True,449198.9113825654,0.17024848937988324,0.294010889292196,0.12711736237144586,0.14813126709206928,0.3545069570477919,0.907701619004388,0.9307971562547269,False
OGLE-LMC-RRLYR-11189,True,3,1.810728,2,19.310686,18.702,0.755,True,1100078.9666511805,0.11463517761230335,0.9492589231699939,0.8333333333333334,0.9601944697660285,0.8067906836055656,0.8051142381600848,0.8481319013764937,True
OGLE-LMC-RRLYR-11538,True,1,0.9921488,0,19.381302,19.033,0.716,True,490451.87263198465,-0.14574905395507898,0.294010889292196,0.17785843920145192,0.21756305074445456,0.3545069570477919,0.02541988197911938,0.7869459990924217,False
OGLE-LMC-RRLYR-11998,False,2,4.04154,11,19.569088,18.698,0.542,True,1343013.0717866495,0.37703704833984375,0.7052225082751011,0.9625172890733057,0.9921564830057131,0.893205222508275,0.9513747923971212,0.557052225082751,True
OGLE-LMC-RRLYR-12015,True,2,1.1983376,0,19.166819,18.737,0.401,True,1338429.409425603,-0.06423231506347449,0.7493194192377496,0.9816999395039322,0.8190519598906107,0.3545069570477919,0.13103343924950825,0.15572530630766904,True
OGLE-LMC-RRLYR-12371,True,2,1.0144222,0,19.515976,18.841,0.71,True,939650.78401455,0.1809250183105462,0.7493194192377496,0.7016787658802178,0.33576420540869034,0.3545069570477919,0.9196550158874263,0.7790046891544395,False
OGLE-LMC-RRLYR-12613,True,1,1.0100591,0,19.782259,19.287,0.833,True,517953.8467982642,0.0012080535888685517,0.294010889292196,0.2132486388384755,0.31358249772105745,0.3545069570477919,0.3607202299894084,0.942520042353653,False
OGLE-LMC-RRLYR-13392,True,1,0.98503697,0,19.216173,18.793,0.901,True,614210.7563802425,-0.07087776184081918,0.294010889292196,0.35110405323653965,0.1815557581282285,0.3545069570477919,0.1145407777273415,0.9879745878081985,False
OGLE-LMC-RRLYR-13469,True,1,1.0442078,1,19.257978,18.836,0.714,True,330023.68999535416,-0.07207249450683406,0.294010889292196,0.03977616454930429,0.5045578851412944,0.7512099213551119,0.1119685277651687,0.7845257903494176,False
OGLE-LMC-RRLYR-13854,True,2,1.1413163,0,19.356752,18.875,0.677,True,1228421.512760485,-0.012298538208007415,0.7493194192377496,0.9362522686025408,0.7660285627468855,0.3545069570477919,0.3023150249659555,0.7231886250189079,True
OGLE-LMC-RRLYR-14801,True,1,1.0744317,0,19.3206,18.824,0.823,True,792973.5884610593,0.0025495758056628404,0.294010889292196,0.5857531760435571,0.6288362199939228,0.3545069570477919,0.3675291269481011,0.9320828921494478,False
OGLE-LMC-RRLYR-15103,True,1,1.5002964,0,19.21853,18.73,0.465,True,916732.4722093171,-0.005520278930664091,0.294010889292196,0.6860254083484574,0.9250987541780614,0.3545069570477919,0.33076108337116056,0.2687188019966722,True
OGLE-LMC-RRLYR-15158,True,1,0.99392897,0,19.404198,18.859,0.426,True,563790.47040873,0.05114675903320176,0.294010889292196,0.27155172413793105,0.2280461865694318,0.3545069570477919,0.5963080647601755,0.19172591135985478,False
OGLE-LMC-RRLYR-15201,True,1,1.0058122,0,19.466326,18.918,0.909,True,1132164.6031785067,0.054274826049805824,0.294010889292196,0.8588929219600726,0.2903372835004558,0.3545069570477919,0.6079588440006052,0.9911511117833913,False
OGLE-LMC-RRLYR-15209,True,3,1.4466275,5,19.134539,18.841,0.793,True,1173417.564427926,-0.200512283325196,0.9492589231699939,0.8914095583787054,0.9162868429048922,0.8687991530550514,0.009532455742169769,0.9001663893510815,True
OGLE-LMC-RRLYR-15355,True,2,0.98774624,0,19.286253,18.754,0.672,True,1081744.3172069942,0.038202041625975625,0.7493194192377496,0.8178312159709619,0.19386204800972348,0.3545069570477919,0.5395672567710698,0.7139615791862048,False
OGLE-LMC-RRLYR-15400,True,1,1.0903996,4,19.218271,18.662,0.482,True,1136748.2655395532,0.0622203216552748,0.294010889292196,0.8625983061101028,0.6782133090246126,0.8519358741681791,0.6415494023301559,0.30003025260928756,True
OGLE-LMC-RRLYR-15551,False,4,1.3114568,10,19.387358,18.648,0.586,True,1443853.6437296744,0.24530677795410227,0.9743471864656124,0.97989857076994,0.8716955553403699,0.8857116586980508,0.9063480346927477,0.6365851415961751,True
OGLE-LMC-RRLYR-15587,True,3,1.1436859,0,19.411335,18.714,0.437,True,1095495.304290134,0.20328405761718926,0.9492589231699939,0.8293254688445251,0.7687632938316621,0.3545069570477919,0.9411408685126342,0.2116926334896385,True
OGLE-LMC-RRLYR-16187,True,2,1.0136712,0,19.21549,18.697,0.617,True,637129.0681854754,0.024439407348634035,0.7493194192377496,0.38853599516031456,0.33211789729565483,0.3545069570477919,0.47329399303979425,0.6067160792618363,False
OGLE-LMC-RRLYR-16544,True,2,1.146399,6,19.320028,18.995,0.857,True,1237588.8374825781,-0.16902262878418028,0.7493194192377496,0.9426043557168784,0.7724096019446977,0.8830913490623109,0.016190043879558177,0.965436393888973,True
OGLE-LMC-RRLYR-16628,False,2,1.0353667,5,18.982664,18.417,0.657,True,1292592.7858151372,0.07161317443847537,0.7052225082751011,0.9401106500691563,0.49143023143216813,0.8308201544685546,0.6146890570215907,0.7573096726737771,True
OGLE-LMC-RRLYR-16750,True,1,1.1490303,0,19.174318,18.675,0.595,True,999238.3947081557,0.005267379760741875,0.294010889292196,0.749395039322444,0.7752962625341842,0.3545069570477919,0.38114692086548646,0.5594463772500378,False
OGLE-LMC-RRLYR-16755,True,1,1.1017929,0,19.031288,18.7,0.696,True,1045075.0183186216,-0.16276278686523327,0.294010889292196,0.7851633393829401,0.7043451838347007,0.3545069570477919,0.018459676199122407,0.7538193919225533,False
OGLE-LMC-RRLYR-16828,True,1,0.9658296,0,19.337452,18.914,0.52,True,1164250.2397058327,-0.07059899902343858,0.294010889292196,0.8840744101633394,0.10027347310847767,0.3545069570477919,0.1154486306551672,0.38352745424292845,False
OGLE-LMC-RRLYR-17484,True,1,0.9928335,0,19.71079,19.112,0.874,True,669214.7047128015,0.10473970031738489,0.294010889292196,0.4381427707199032,0.22136128836219993,0.3545069570477919,0.7812074443940081,0.9760248071396158,False
OGLE-LMC-RRLYR-17610,True,1,0.96243435,0,19.646671,19.011,0.812,True,838810.2120715252,0.14162036132812617,0.294010889292196,0.6265124016938899,0.0870556061987238,0.3545069570477919,0.8639733696474504,0.9202087430040841,False
OGLE-LMC-RRLYR-17780,True,1,1.0125171,0,19.356918,18.933,0.865,True,1081744.3172069942,-0.07013259887695256,0.294010889292196,0.8178312159709619,0.32649650562139165,0.3545069570477919,0.11650779240429716,0.9705037059446378,False
OGLE-LMC-RRLYR-17818,True,3,3.2585878,2,18.784937,18.41,0.556,True,1310927.4352593236,-0.1191140289306638,0.9492589231699939,0.9754234724742892,0.9946824673351565,0.8067906836055656,0.0463004993191103,0.4667221297836938,True
OGLE-LMC-RRLYR-18547,True,1,1.0120927,0,19.316252,18.798,0.561,True,646296.3929075686,0.024200820922853694,0.294010889292196,0.4025257108287961,0.3239137040413248,0.3545069570477919,0.47223483129066424,0.4793525941612464,False
OGLE-LMC-RRLYR-19183,True,2,1.2553339,10,19.433697,18.826,0.595,True,770055.2766558264,0.11364581298828114,0.7493194192377496,0.5632940108892922,0.8574901245821939,0.9244555353901996,0.8036011499470419,0.5594463772500378,True
OGLE-LMC-RRLYR-19535,True,1,0.98291826,0,19.585299,18.94,0.819,True,1022156.7065133885,0.1512476043701163,0.294010889292196,0.7689806412583182,0.1701610452749924,0.3545069570477919,0.8815251929187472,0.926410527908032,False
OGLE-LMC-RRLYR-19579,True,1,1.0176102,0,19.170424,18.695,0.707,True,737969.6401285003,-0.018627426147460824,0.294010889292196,0.5289624924379915,0.35445153448799754,0.3545069570477919,0.27780299591466184,0.7743155347148691,False
OGLE-LMC-RRLYR-19763,True,1,0.9383472,0,19.301926,18.952,0.815,True,591292.4445750095,-0.14412527465820446,0.294010889292196,0.31518451300665457,0.03433606806441811,0.3545069570477919,0.026479043728249357,0.9233852669792769,False
OGLE-LMC-RRLYR-19810,True,1,1.048844,0,19.662811,19.05,0.546,True,650880.0552686151,0.11876034545898406,0.294010889292196,0.4103901996370236,0.527043451838347,0.3545069570477919,0.8154032380087759,0.442520042353653,False
OGLE-LMC-RRLYR-19911,True,1,1.0371076,0,19.194147,18.746,0.566,True,783806.2637389662,-0.04590382385253733,0.294010889292196,0.5759225650332729,0.4687025220297782,0.3545069570477919,0.18399152670600696,0.49145363787626684,False
OGLE-LMC-RRLYR-21835,True,1,1.0682801,0,19.98941,19.225,0.447,True,508786.522076171,0.27035946655273335,0.294010889292196,0.2026618269812462,0.6096931024004861,0.3545069570477919,0.9770010591617492,0.2332476176070186,False
OGLE-LMC-RRLYR-22402,False,2,1.4797004,6,19.218897,18.754,0.586,True,614210.7563802425,-0.029154067993165,0.7052225082751011,0.5744582757030889,0.9064587973273942,0.8445200441338727,0.2076028787599188,0.6365851415961751,True
OGLE-LMC-RRLYR-22581,True,1,1.0442729,0,20.057907,19.417,0.559,True,352942.0018005871,0.14685617065429568,0.294010889292196,0.05376588021778585,0.5047098146460043,0.3545069570477919,0.873959751853533,0.47315080925729847,False
OGLE-LMC-RRLYR-22630,True,1,1.0743624,0,19.485111,18.978,0.492,True,719634.9906843139,0.013060302734373863,0.294010889292196,0.506578947368421,0.6283804314797934,0.3545069570477919,0.41473747919503706,0.32271970957495083,False
OGLE-LMC-RRLYR-22947,True,1,1.0333083,0,19.502893,18.963,0.493,True,655463.7176296618,0.04584251403808537,0.294010889292196,0.41840592861464004,0.44697660285627466,0.3545069570477919,0.5757300650627931,0.3247617607018605,False
