ogle_id,V,I,P_orb_yr,e,K1_kms,dv_2027_2030,rv_2027,rv_2030,next_tau_max_yr,precision_needed_kms
OGLE-LMC-RRLYR-05048,19.716,19.139,3.998009760464628,0.95,131.29798391477252,238.25186311329043,0.8300145607245385,0.8476170624121886,2029.7506307151996,43.7659946382575
OGLE-LMC-RRLYR-12371,19.433,18.841,4.217805722374519,0.95,94.60150539668268,169.51014638980797,3.1440793596064833,3.8225713091953475,2027.6600865955515,31.533835132227562
OGLE-LMC-RRLYR-14801,19.321,18.824,13.559139068998352,0.95,41.92724675045552,82.14885445678657,1.3694357341756125,-0.7650172497893617,2028.5728601320038,13.975748916818505
OGLE-LMC-RRLYR-07957,19.432,18.824,6.150184610149999,0.4518396142900541,22.05913011816593,39.50374344764842,26.16367361708104,-13.082034111536014,2028.2607878450808,7.353043372721976
OGLE-LMC-RRLYR-21835,20.054,19.225,7.66886538121147,0.6718523421689436,17.972576157852572,35.943820543675145,-11.033668998875036,0.8170802723402358,2031.1987037962133,5.990858719284191
OGLE-LMC-RRLYR-17818,18.769,18.41,7.996940239412738,0.95,35.368854853770095,35.01403682354188,1.7551910682942466,-33.097137051547925,2030.5546399364189,11.789618284590032
OGLE-LMC-RRLYR-13469,19.333,18.836,2.3259141847284392,0.2104011491717751,15.16389200415087,30.3255146382087,-8.378218209852117,14.894604100814792,2029.1828704623676,5.05463066805029
OGLE-LMC-RRLYR-07393,19.025,18.516,2.6120198480007315,0.4244015646531767,12.302654267625222,24.604959584056946,1.1530691782040106,5.859833845813856,2027.05877044658,4.100884755875074
OGLE-LMC-RRLYR-15103,19.259,18.73,9.847384596134196,0.3719495009747313,14.80143837468908,21.39268584786631,-1.762116095548896,3.3850585750530726,2031.2392990686358,4.933812791563027
OGLE-LMC-RRLYR-11998,19.205,18.698,10.294065268604559,0.3029097940201475,10.625692052874903,21.25131793739181,-10.64028917722723,9.725500627162045,2034.4631973197384,3.541897350958301
OGLE-LMC-RRLYR-16628,19.03,18.417,4.277834158386418,0.0172835663581092,10.271916045988206,20.543789993186138,-2.399814515072332,-6.300315259438279,2029.3078915284495,3.423972015329402
OGLE-LMC-RRLYR-11166,19.689,19.093,4.058635846499129,0.5677989391358769,10.064613718541006,20.129029717007867,-4.530797328579674,-3.1958390893746484,2030.7867072447837,3.3548712395136686
OGLE-LMC-RRLYR-09642,19.227,18.63,5.387329191703852,0.3440535448753341,9.482551282330473,18.29533061546112,0.7139316881195338,11.708558394412071,2027.0942782608547,3.1608504274434908
OGLE-LMC-RRLYR-04315,19.178,18.625,9.138179507649042,0.3435216327300476,9.07881951391533,18.050832690014676,6.780876634712583,-6.285333790216651,2028.5077996187622,3.02627317130511
OGLE-LMC-RRLYR-15158,19.491,18.859,8.508535175537395,0.4698012468492818,9.500250172814232,16.36505198953858,2.8729576791534885,1.4512935804568956,2027.4084096884258,3.166750057604744
OGLE-LMC-RRLYR-22947,19.604,18.963,12.159543713443792,0.529240971551492,7.688644010899913,14.569640013656894,-11.751695988501188,2.817944025155706,2037.2383358067198,2.5628813369666377
OGLE-LMC-RRLYR-01548,19.365,18.773,7.313815046689422,0.004659228065398,7.447094416618894,14.36611187462479,-6.948616905821367,5.789027393113153,2032.0428754746924,2.4823648055396315
OGLE-LMC-RRLYR-03700,19.428,18.872,5.8040095792939645,0.2449033084535155,7.531546446943808,14.205262507740425,1.2158560399797935,5.3464021166883615,2027.1131781867962,2.5105154823146028
OGLE-LMC-RRLYR-11055,19.143,18.565,12.336387295023892,0.2197818429375199,7.154525593797103,12.080778453807326,-5.2319134597291095,6.474960323090153,2034.327814053244,2.3848418645990344
OGLE-LMC-RRLYR-08601,19.269,18.719,5.969328224321938,0.3197712919162546,5.826789284770113,11.653441960510019,0.12584123737584163,4.771819602181129,2027.035815969346,1.942263094923371
OGLE-LMC-RRLYR-16187,19.241,18.697,5.736687590117946,0.2759477414335842,8.15107384035877,11.346865933012054,2.213514763871324,5.112784466847939,2027.3212545050467,2.717024613452923
OGLE-LMC-RRLYR-15551,19.086,18.648,7.592418468324205,0.3726026481724579,6.236773979701034,10.640690497739747,-6.038043625910314,2.9675161946540527,2034.0078022462633,2.078924659900345
OGLE-LMC-RRLYR-03360,19.286,18.803,8.515483434681542,0.3588624103572174,5.1828034580142575,10.36558441011288,4.230555951588174,-4.322554611379098,2029.0522315077583,1.7276011526714192
OGLE-LMC-RRLYR-19535,19.457,18.94,9.047436607097046,0.0765594590696694,5.371413637065246,10.225136853633362,-5.355790945937855,4.869345907695506,2033.6498659062163,1.790471212355082
OGLE-LMC-RRLYR-13854,19.371,18.875,12.65502390509673,0.2015605983099658,7.108567206060027,10.195163377112298,2.239266980274607,-7.95589639683769,2027.9301442570247,2.3695224020200087
OGLE-LMC-RRLYR-08101,19.308,18.809,13.577984431119098,0.5066704053659469,9.932367307780742,10.037330665657763,-6.145911979811005,3.891418685846757,2037.373580105375,3.310789102593581
OGLE-LMC-RRLYR-10449,19.438,18.925,11.463475912141881,0.1493039437082823,6.195082849950988,9.987287246486268,-3.1723513137609616,5.94811132281334,2033.2361308962052,2.065027616650329
OGLE-LMC-RRLYR-01106,19.157,18.618,13.0385710615454,0.2340560440310019,7.517454035361861,9.871266817961015,-6.291374522481233,2.7877535863484435,2036.8050054382823,2.505818011787287
OGLE-LMC-RRLYR-19183,19.392,18.826,8.086666488082093,0.3021062428691121,5.44985928535556,9.689274249472625,-3.1182398321901523,6.366236168821999,2032.042036555319,1.8166197617851865
OGLE-LMC-RRLYR-12613,19.89,19.287,12.588116475327935,0.3903625986082238,5.914926681222771,8.882278668678076,-5.528904599777656,3.353374068900421,2036.2585596676038,1.971642227074257
OGLE-LMC-RRLYR-06521,19.357,18.809,10.492915095509185,0.5744117656973111,9.679327233219436,8.070323069396176,-3.6977110682754035,4.372612001120773,2033.972542080966,3.2264424110731453
OGLE-LMC-RRLYR-22630,19.715,18.978,7.900583167951066,0.4291235746104073,11.535904969504845,7.768665046614357,-1.182837250451725,5.20351260788906,2032.174881975008,3.845301656501615
OGLE-LMC-RRLYR-22581,20.346,19.417,14.414034178107727,0.3688668145030604,8.327668664297137,7.328462082963414,-0.41541642107104265,5.92343885304738,2034.9925819517607,2.7758895547657123
OGLE-LMC-RRLYR-16750,19.251,18.675,5.393938189980616,0.283022507963249,5.324517021520195,7.0838150938470354,-2.344580716281508,-3.205807196556074,2030.4575143797776,1.7748390071733982
OGLE-LMC-RRLYR-15209,19.341,18.841,9.760388670733448,0.2302882084831272,8.286343336314914,6.565215142747753,6.015005312340983,0.6296310609706215,2031.1725661567386,2.762114445438305
OGLE-LMC-RRLYR-03269,19.468,18.891,14.484701033142484,0.5285158363660404,6.425518750998887,6.359579206542784,0.6189930334684507,-5.740586173074333,2027.6011150928755,2.141839583666296
OGLE-LMC-RRLYR-15201,19.409,18.918,8.134205875892393,0.1874883327464921,2.979713500926872,5.903127733742646,-2.368063543862263,3.2405000962608206,2032.441783730972,0.9932378336422906
OGLE-LMC-RRLYR-19763,19.47,18.952,9.676041413101613,0.1668537346675072,3.337719981094835,5.585995568802419,2.3902074645873004,-2.1818937397785882,2030.188255645617,1.1125733270316116
OGLE-LMC-RRLYR-08275,19.46,18.965,7.7983339879769,0.2151573634732455,2.9798374454218215,5.543138800546731,-3.32624150762539,2.192591717890005,2033.5233063809426,0.9932791484739405
OGLE-LMC-RRLYR-11047,19.233,18.645,12.759887980413264,0.3370624750983902,5.526456556813195,5.467575830152335,1.6786286393623417,-3.7889471907899934,2028.1292500862667,1.8421521856043983
OGLE-LMC-RRLYR-13392,19.304,18.793,7.733712482452507,0.057028384224455,2.78081023029731,5.231237462823076,2.5609919848728975,-2.388897017383017,2029.5521251192092,0.9269367434324366
OGLE-LMC-RRLYR-11538,19.601,19.033,13.79193482107866,0.207626216693225,4.143850183767931,4.637653807039847,2.998446002802205,-1.6392078042376417,2029.9032022798372,1.3812833945893104
OGLE-LMC-RRLYR-16828,19.42,18.914,12.075773064932203,0.1574477645809294,6.154835207333117,4.375484013285256,1.2474527471415793,4.231004059503914,2033.0560001920635,2.0516117357777057
OGLE-LMC-RRLYR-16755,19.157,18.7,7.977416344895549,0.5699086160495433,5.533013746468583,4.274676330299884,2.6483830555399592,-1.6262932747599244,2030.3465261566837,1.8443379154895279
OGLE-LMC-RRLYR-05066,19.45,18.934,13.817380256146594,0.2899904666484015,5.930272770914343,4.2455098318936075,-4.275473390088279,-0.10937176600808327,2036.7757965312237,1.976757590304781
OGLE-LMC-RRLYR-05821,19.466,19.01,7.546328579569368,0.2144491456244507,3.1891020484674786,4.205107846356751,-1.49803369053096,2.1608423969326567,2031.8447429480834,1.0630340161558263
OGLE-LMC-RRLYR-03183,19.218,18.682,12.549820899837638,0.3572320596709761,6.666021515915912,3.9063913666350145,3.045515307426237,2.955614791561477,2031.404987135843,2.222007171971971
OGLE-LMC-RRLYR-07553,19.557,18.939,9.345041430056812,0.95,43.24577129764808,3.900686525866737,4.60438989998419,0.7037033741174525,2031.5323450935775,14.415257099216028
OGLE-LMC-RRLYR-17484,19.688,19.112,9.24362118539457,0.3733906306789913,3.4771506406152426,3.7594076412414177,-1.2536513843386317,1.7204687801716234,2032.7033142713885,1.1590502135384142
OGLE-LMC-RRLYR-17780,19.375,18.933,11.529576579243813,0.3706476063636595,2.692612684396648,3.659347519906438,-0.8741414695365101,2.785206050369928,2033.2490305059503,0.8975375614655493
OGLE-LMC-RRLYR-08205,19.428,18.897,13.802328915260949,0.3219430016004176,1.9467508882191409,3.3272222358351717,2.573234273978105,-0.7537445240480879,2029.7535646185945,0.6489169627397137
OGLE-LMC-RRLYR-18547,19.341,18.798,12.992963459214396,0.6099958372640709,4.537868819587722,3.3119601213030103,-0.5053731185479369,2.8065870027550734,2033.6523972911177,1.512622939862574
OGLE-LMC-RRLYR-02150,19.425,18.867,13.821545332056798,0.2770015926930118,4.113631120404608,3.301202872332229,-0.08074523803246086,3.2204576342997684,2034.7055115226217,1.3712103734682026
OGLE-LMC-RRLYR-19911,19.308,18.746,11.369972472299507,0.5843807075151078,5.026471057887777,3.284878103648434,-1.098416192665499,2.186461910982935,2034.8395960196506,1.675490352629259
OGLE-LMC-RRLYR-04633,19.305,18.733,13.491435642286323,0.6985685600713176,9.200954114588686,3.158722909471687,-0.436017265028187,2.7227056444435,2036.336073464462,3.0669847048628953
OGLE-LMC-RRLYR-03594,19.647,19.054,8.823782706128991,0.5288683154651956,3.407076268643227,2.841668986079334,-0.22106184146328345,-2.4880695035469826,2035.5678930076513,1.1356920895477425
OGLE-LMC-RRLYR-16544,19.509,18.995,11.107661690682516,0.4273008789411238,2.001629549785958,2.732060627120226,0.4299657953697844,-2.3020948317504417,2027.8775052735639,0.6672098499286526
OGLE-LMC-RRLYR-10900,19.53,18.875,22.063343887160737,0.691710768633895,15.923336454274466,2.288315200615428,-9.317074558329141,-7.253991905395595,2047.6733532222697,5.307778818091489
OGLE-LMC-RRLYR-07617,19.44,18.91,10.452709982286292,0.2877009458461497,2.604570057202681,2.2636319065058204,-2.283686702158518,-0.09847454229385187,2036.0311414246953,0.8681900190675603
OGLE-LMC-RRLYR-05817,19.832,19.11,8.572437647284435,0.6020214450568492,10.338753771364628,2.0570555634212786,2.248682792195541,3.006727745336352,2032.4092081554365,3.4462512571215425
OGLE-LMC-RRLYR-03881,19.458,18.911,17.714180015877915,0.5636962602939202,5.6094134530461295,1.7161739803588283,-2.3557746616653854,-0.6396006813065571,2037.9827916098443,1.8698044843487098
OGLE-LMC-RRLYR-04400,,18.783,12.972606082086228,0.3107763233718993,3.525481773232765,1.6537103290860198,-2.6276464814905034,-1.0039830358255968,2037.5207835325718,1.1751605910775884
OGLE-LMC-RRLYR-15587,19.317,18.714,10.68633745450937,0.3982610488085971,6.117515220312799,1.4216477969912766,-2.263877529445598,-2.9201856016272894,2036.671135396331,2.0391717401042664
OGLE-LMC-RRLYR-04280,19.238,18.692,12.89428198037237,0.1526170707746812,2.7932105510067338,1.4030653528022135,2.10913808945373,0.9806105678388186,2031.8869328705612,0.9310701836689113
OGLE-LMC-RRLYR-17610,19.486,19.011,9.24075357770181,0.3935709479926939,2.48095304225283,1.3787390725200979,-0.5742714737073545,-1.2381383952991718,2035.5014932914858,0.8269843474176101
OGLE-LMC-RRLYR-11189,19.215,18.702,21.234989368037436,0.6008742786824256,9.83546883658087,1.2358348398699555,4.6922321753038885,3.456397335433933,2035.9505480186278,3.278489612193623
OGLE-LMC-RRLYR-19810,19.889,19.05,22.34648976087864,0.6407468257519198,12.04990422392068,1.0943297331112696,-3.695287514300454,-4.764582767342446,2047.4917311107258,4.016634741306894
OGLE-LMC-RRLYR-19579,19.248,18.695,13.671971986101301,0.2427942434490871,3.36664771982465,0.8868697956822218,-1.6891029770071104,-2.2272845120950757,2038.9561395018457,1.1222159066082167
OGLE-LMC-RRLYR-04978,19.244,18.685,116.69253943341937,0.8913286837966655,22.567163426213483,0.8454299477086744,-2.173774386493335,-1.3283444387846606,2121.87103455937,7.522387808737828
OGLE-LMC-RRLYR-11058,19.329,18.832,36.25681527591132,0.838729342464752,3.4351507579346827,0.5078203876168159,-0.33436072509494263,-0.8421811127117586,2059.8668030476138,1.1450502526448942
OGLE-LMC-RRLYR-12015,19.3,18.737,72.21119891073367,0.6950001507998006,8.651559794854839,0.367583731168049,-2.933686240869665,-2.566102509701616,2074.551074482718,2.883853264951613
OGLE-LMC-RRLYR-15400,19.126,18.662,172.69579395511767,0.8678202293663325,18.101482911757913,0.2033783006910086,1.7638366386843454,1.967214939375354,2145.642010447166,6.033827637252638
OGLE-LMC-RRLYR-15355,19.277,18.754,933.4438557837925,0.95,19.54437229915032,0.0862580195796685,2.7515184525159944,2.837776472095663,2624.4040677016274,6.514790766383441
