ogle_id,err_msg,P_kep,A_kep_s,e_kep,omega_kep,tp_kep,chi2_kep,chi2_circ,n,dBIC_ecc,P_circ,A_circ_s,fM_kep,M2min_kep,K1_kep,chi2nu_kep,P_p16,P_p50,P_p84,A_s_p16,A_s_p50,A_s_p84,e_p16,e_p50,e_p84,fM_p16,fM_p50,fM_p84,K1_p16,K1_p50,K1_p84
OGLE-LMC-RRLYR-07529,f(a) and f(b) must have different signs,,,,,,,,,,,,,,,,,,,,,,,,,,,,,,
OGLE-LMC-RRLYR-05066,,5046.798138557543,1313.7995706283884,0.28999046664840156,5.870562144175144,3491.7185467175186,31.753168125172888,33.862458880957135,33.0,-4.883724367148716,4996.968637041474,1206.4607444443216,0.09559566015774652,0.5026695956765835,5.930272770914343,1.38057252718143,4834.280043691819,5035.505229879616,5251.7210238115,1243.4737184367573,1359.094731533443,1441.7972297296021,0.2150480781359317,0.3252824286730924,0.45736680408998936,0.08289204578971812,0.10540372734530869,0.1286620246309847,5.590070235175006,6.226965597493713,6.926742584537271
OGLE-LMC-RRLYR-18547,,4745.679903478058,782.7274197437664,0.6099958372640709,1.267293698766523,4274.553361448316,19.754975709097423,31.281496861634565,30.0,4.7241263892128345,4799.578546373153,688.0019498406717,0.022862170461408617,0.268101786430331,4.537868819587722,0.9877487854548711,4617.203214909933,4719.177994994737,4819.0773615849985,731.9860402349916,797.972816415345,922.5346300641806,0.5152809361848945,0.6321005234363675,0.8399617967727064,0.01875954433394228,0.024206126324654364,0.038778063166052215,4.050365168107921,4.863397757073719,7.0598721872701535
OGLE-LMC-RRLYR-17484,,3376.232637965367,499.5333907016556,0.3733906306789913,-2.416117143083758,1094.4424104897807,29.680005547975384,32.57022702741179,30.0,-3.9121732838879026,3324.8916882284825,431.39178039627853,0.011741174448878046,0.20469727420541547,3.4771506406152426,1.4840002773987693,3295.507098219096,3342.8880266334995,3407.2313629503583,445.7435459157161,493.15536866697914,596.8860529043121,0.23051831566743786,0.38372759638030035,0.65676937676264,0.008577584719710827,0.011548515202285892,0.020126722276666554,3.0002507522334585,3.528511361356621,4.78094345516152
OGLE-LMC-RRLYR-13854,,4622.247481336581,1476.1899995281508,0.20156059830996587,3.913627975189031,4127.584103269474,35.82188833185525,39.19016997109608,35.0,-3.7424144837379885,4625.2020477851665,1439.8118449194028,0.1616601903872343,0.6483187486333543,7.108567206060027,1.43287553327421,4539.3208142348885,4626.865929132689,4697.671491769757,1425.9755338220684,1511.5415155503335,1594.6615471223704,0.15587478959488363,0.22507365993150147,0.30482267251275036,0.14513946995182544,0.17286833186983314,0.20507212364827285,6.877604311792185,7.317043589639052,7.809641303744956
OGLE-LMC-RRLYR-11998,,3759.907339357815,1746.4220396614894,0.30290979402014756,-1.828448432132276,782.3232643926461,4.224634303479765,11.136411310500332,19.0,1.0228990486876874,3786.8239859888495,1608.158340613338,0.40455355742081356,1.055920412016976,10.625692052874905,0.3840576639527059,3715.8672731320835,3761.6616374326286,3796.248794931211,1697.0493386737442,1757.8194156743498,1816.321263367854,0.2499673631793643,0.3193870838355606,0.38183121250802293,0.36951560847818665,0.41368635749705474,0.4595828452542455,10.178405745486543,10.753454881541735,11.389532198182467
OGLE-LMC-RRLYR-11189,,7756.079866675674,2796.9453583329614,0.6008742786824256,-2.6031018736624465,1302.1208438363078,4.801169281561391,28.496896095023352,30.0,16.893332050137644,5177.851602118278,1362.2705241939632,0.3905261314098079,1.035038826035399,9.83546883658087,0.24005846407806955,7109.013497156035,7818.3672753940755,9736.478379350157,2547.0078244519977,2827.268428715528,3656.086919919908,0.5783052294808041,0.6199472544716211,0.6759389711901981,0.33629556045019077,0.39716117287558866,0.5576006421330878,9.455621102774309,10.048403348015107,10.922603729428365
OGLE-LMC-RRLYR-04633,,4927.74686834508,1488.0935742012496,0.6985685600713176,2.5735915582049165,286.2559308961868,20.54891197319583,29.760352024736136,30.0,2.4090452882159994,4683.531927363723,1180.624410246636,0.14570573335266856,0.6157214996029565,9.200954114588686,1.0274455986597915,4873.638530076743,4923.011542890194,5018.065061232613,1334.2998821876465,1499.8915293298032,2053.500123985676,0.5999031843455166,0.7192754120300253,0.8776171013494105,0.10344635289111997,0.15297942121772687,0.3861913160661085,7.357013918766339,9.363642775204328,19.076054514249446
OGLE-LMC-RRLYR-19763,,3534.174126135364,533.4820963666716,0.16685373466750725,1.4513107971163008,1912.9450990101873,29.419992714169744,31.12496208949789,30.0,-5.097425387996168,3534.878768714733,509.60934546383214,0.01305167826334033,0.2134994908749391,3.337719981094835,1.4709996357084871,3453.031080148478,3525.138504702593,3615.1230054662196,508.52638693489934,549.7255183186655,594.8019661742715,0.14381151364010009,0.22679602937624607,0.3656949233175226,0.011258908135156662,0.014456155595635456,0.017971527404219555,3.2108214895651948,3.5199530325604185,3.911161302059987
OGLE-LMC-RRLYR-11058,,13242.801779526611,1136.2540205815553,0.838729342464752,-1.9907652809700314,2632.953314658962,14.7634703131686,25.64283440450513,30.0,4.076969328012211,4406.860001639384,304.5194015702655,0.0089815075676356,0.1842034373172015,3.4351507579346827,0.73817351565843,6946.406952095873,17894.792778021045,69831.1037503704,717.6387571991675,1426.2555724499437,3471.834875374311,0.7741821778220404,0.9026557714148176,0.95,0.007112442806249892,0.009146647892825285,0.011150633740647013,2.808787494550891,3.439721971516933,4.79912738810876
OGLE-LMC-RRLYR-11047,,4660.549084845945,1112.2672999355898,0.3370624750983902,4.922479087160444,362.8725431311246,20.920592873828813,32.87542967848289,30.0,5.152442041329763,4443.988283048218,1079.342540288818,0.06801990699781867,0.4295860733318269,5.526456556813195,1.0460296436914407,4621.001954703742,4672.994248395384,4735.087603868749,1071.9457955275989,1116.982143416918,1179.1407662666081,0.29219623362575176,0.3588992513276408,0.4343250555265185,0.06080653182445702,0.06876666744336654,0.08069717436499249,5.309487942938766,5.596963604987632,6.009827120558658
OGLE-LMC-RRLYR-15551,,2773.130845555416,736.1855607192912,0.3726026481724579,2.237245262728222,283.3220837862845,12.639016577194484,15.268812299828115,19.0,-3.259082235699246,2775.2926671840964,725.3772692764861,0.055706241875782624,0.39271605995339964,6.236773979701034,1.1490015070176804,2737.0295276873258,2772.232835494645,2804.4100721690606,703.8217752164534,746.4578897807746,800.1008706571613,0.22910492765919524,0.35638229082824957,0.5091513228483759,0.04796296749999185,0.058217809292175265,0.07137510139123258,5.773262517492219,6.352779614331171,7.143522237566046
OGLE-LMC-RRLYR-19911,,4152.882445507395,776.9688676080381,0.5843807075151078,2.2422244823474804,1982.071740466803,13.02197525949683,25.083405033656277,30.0,5.2590350108351345,4164.05966459491,648.309428128096,0.02920076806397607,0.2969495339651176,5.026471057887777,0.6510987629748415,4053.028452566325,4116.621524601754,4208.633830384672,728.805572176513,787.2276680604098,877.254137349797,0.4772859249493073,0.6067140957628414,0.7517422389081455,0.024731022313862996,0.031017030811333196,0.04285390418323841,4.393519766798889,5.319901209623029,6.852541967675031
OGLE-LMC-RRLYR-11538,,5037.5041933989805,936.6211334384003,0.207626216693225,3.8968898355106245,4146.780692376772,25.08619664651966,30.41880294954279,30.0,-1.4697884603011815,5022.369442914505,898.1505156442579,0.03476511859180441,0.3197599505418973,4.143850183767931,1.254309832325983,4998.7381732682725,5036.648144624052,5108.592941089716,891.9438468205308,938.7537319679452,981.1734326054398,0.13614899133606356,0.20945950905684463,0.2822361615756272,0.029643960021532134,0.035040504838935324,0.03987829569787531,3.8891719775954585,4.154502746291117,4.36593059871363
OGLE-LMC-RRLYR-03594,,3222.886633413614,427.4607587891078,0.5288683154651956,-1.3785322898807182,162.4861557603994,26.29117852843095,30.984210263664167,30.0,-2.1093630280910958,3270.8586052377536,434.01752895912404,0.008073863388523868,0.17671069563468156,3.407076268643227,1.3145589264215476,3198.876852185424,3259.140251356435,3299.1130701180705,420.2482968325272,464.4982787964352,512.204583906609,0.3289213247062703,0.5170922666548314,0.7228627181857175,0.007578738425709626,0.010286025017642336,0.013396674663075307,3.1024150337345864,3.555042008161718,4.703288021372285
OGLE-LMC-RRLYR-15400,,63077.13874210673,26022.519647984285,0.8678202293663325,-3.0320962901788278,1126.8055302517812,16.66339860020572,40.15539361604021,35.0,16.381298892855668,4442.071187314232,2021.5375720900024,4.755396827440919,5.867382279430701,18.101482911757913,0.6665359440082288,11147.440759281071,71549.11138646942,278881.78982885974,7077.1730887197455,29351.943130410364,73516.78670794003,0.6758266806450892,0.8762067295531883,0.95,2.176047060191534,4.178263372475269,6.233092872883052,16.083444933091933,17.852331888617194,19.417465781510128
OGLE-LMC-RRLYR-08101,,4959.3588134662505,1947.9113472585886,0.5066704053659469,2.8804938402352502,940.8726115435514,14.370129326509483,35.650427747068726,30.0,14.477903657234926,4834.1908578837665,1733.006937233506,0.32265559389120496,0.9307105406852525,9.932367307780742,0.7185064663254741,4908.744125168878,4962.193196751437,5015.67459317689,1871.462235576035,1968.7706599776466,2105.2716596828204,0.46199943140964644,0.5150902201951175,0.5929611444275157,0.28292793289046503,0.3305199821431396,0.4115064636209954,9.31099116864871,10.081821519946772,11.522578525657236
OGLE-LMC-RRLYR-08275,,2848.3414891085627,380.1940849632178,0.2151573634732455,2.1873981899362542,2615.502542060363,11.245654397865739,13.08093186460728,29.0,-4.899314193231405,2854.0991378041967,390.4040180668515,0.007273017860876642,0.1696968264288201,2.9798374454218215,0.5918765472560915,2834.3170392461407,2848.6693832956616,2866.3382309325784,359.34380232465594,382.3897594355743,403.1265485453322,0.17031099754238338,0.24606047543171738,0.3381065601611154,0.006082382019345647,0.007463527357973688,0.00874854500409088,2.82387242447038,3.02795992749375,3.215197444746152
OGLE-LMC-RRLYR-03360,,3110.280324517433,690.1457322521846,0.35886241035721744,1.4320236337334205,2784.9149553515554,16.42672968511379,23.58488825978788,30.0,0.35576381134977453,3132.415531099192,671.4256435493314,0.03648430287369317,0.3264358309138308,5.1828034580142575,0.8213364842556896,3063.183420448417,3103.420873649922,3140.4093600346955,650.5445834501018,691.0974901039858,725.4225429043445,0.3025477555636075,0.4009044260236659,0.4905950331618319,0.031090648406020285,0.036930273641223664,0.04262012944848102,4.92467312241868,5.324815309407977,5.681081733248655
OGLE-LMC-RRLYR-15355,,340940.3683250302,95436.74790309029,0.95,-2.678345892642929,1659.2571322296187,11.178850213644331,23.75542238023439,28.0,5.912163146239649,4611.8176414742275,2128.1115681553915,8.029208617775714,9.203401410480879,19.54437229915032,0.6210472340913518,227518.53371872593,356612.8949649753,503831.49652906973,63343.82544400751,99882.98557006642,153289.51753021975,0.95,0.95,0.95,5.480148192216948,8.670603668574763,15.393980577795704,18.86459974928701,20.530478632070103,22.039518055512467
OGLE-LMC-RRLYR-19579,,4993.6877679235,748.0640781835374,0.24279424344908715,6.026754939711221,4516.55928164724,45.849849072560254,50.722043531839,35.0,-2.2385016637000774,4992.7349516442855,746.3707369573103,0.01802421383182276,0.2431687690192657,3.36664771982465,1.8339939629024102,4793.468703125034,4982.645260302565,5245.003313670036,726.42174757803,769.4260443414458,820.8861633975528,0.16597119379582775,0.3020767211300297,0.4329517113507024,0.015585229978560874,0.020102458796432382,0.024591486643184942,3.2304147970861137,3.5630966900137446,4.005188928781833
OGLE-LMC-RRLYR-02150,,5048.319432533745,915.2710648010205,0.2770015926930118,2.2349432646943055,4510.6534877489285,29.012666676992723,33.1417129495031,30.0,-2.673348490813929,5121.778507917504,936.1181255566634,0.03230265675960889,0.3099077281499558,4.113631120404608,1.4506333338496362,4955.7241251614805,5033.1853406998525,5163.501148337023,883.8132119290347,937.4003635560393,984.795501255119,0.1762642278427937,0.30118123800130886,0.39739614167589504,0.02804000618939776,0.034732080796923775,0.04091812374173057,3.9226582039334836,4.248695554746371,4.609637162012837
OGLE-LMC-RRLYR-12015,,26375.140402145473,7525.5292485711225,0.6950001507998006,0.6214383246003887,1167.0377276826948,21.776452369040786,34.67836364088367,35.0,5.791215148864055,5194.140269008874,1142.1743793715893,0.6578157718288922,1.4063859114431057,8.651559794854839,0.8710580947616314,9955.745793922313,25999.927143632467,346325.4396807563,2765.036479547901,7447.707101662679,43551.580462083635,0.5019604939192593,0.6936022254188271,0.95,0.25588437160475574,0.6915278816438241,1.3540739734813454,7.286508137690901,8.74325982865688,10.181947973045233
OGLE-LMC-RRLYR-12613,,4597.809542613528,1148.4533371486273,0.39036259860822387,3.206298302201299,1912.6002372197333,30.08219437218202,37.33709557950049,27.0,0.6632274753098173,4263.371028861563,910.5944195963566,0.07693444157583805,0.45442817974998595,5.914926681222771,1.7695408454224717,4497.72521861611,4613.493151344204,4745.10185704408,1111.7585872370487,1177.366640630137,1260.0137472258027,0.3331341727054506,0.4139953143444419,0.5040984374402705,0.07047889159139886,0.08290309297480176,0.09960066291092866,5.65361801531139,6.184260453799723,6.758059424017559
OGLE-LMC-RRLYR-10449,,4187.034576909822,1176.4446404321486,0.14930394370828232,-0.8363863160495651,3769.455634143614,17.94372325500223,22.773434889158437,30.0,-1.9726831291681037,4252.8647260533135,1156.122336387734,0.09972041798387528,0.5127721746997683,6.195082849950988,0.8971861627501114,4140.032542387448,4181.319014176643,4233.973584835701,1132.375446861317,1161.9426788983394,1186.9978982736145,0.10780590284559333,0.15296513668342043,0.2124101258023333,0.08904840721990431,0.09613509204789344,0.10269081896491258,5.914747098394794,6.122433421064626,6.36178526051297
OGLE-LMC-RRLYR-13392,,2824.738484215778,359.71239696106886,0.057028384224455074,5.110850457754976,2641.9072994240883,28.769254934971023,28.997884732344684,30.0,-6.573764965950652,2821.0893401854464,367.09680563802283,0.006263144344864159,0.16019849356500868,2.78081023029731,1.4384627467485511,2802.6728023122673,2823.431205205188,2849.618949666795,345.1663986032726,367.3769158094076,395.4055139620758,0.010926609111469535,0.11589694141010502,0.21269008789163868,0.005445137578603252,0.006728949693660856,0.008251542248618493,2.6858280851425977,2.881429318581225,3.0999115309047083
OGLE-LMC-RRLYR-16828,,4410.676111966487,1229.656715550225,0.1574477645809294,4.131368357137825,2128.546747426367,39.46257716159673,41.0897950851934,35.0,-5.483478199382162,4391.256620974046,1170.440567266861,0.10261811223566329,0.519765097597808,6.154835207333117,1.5785030864638692,4292.907162855121,4405.456427808639,4537.261919588653,1144.6736676659975,1255.0577732067218,1422.5389415040022,0.18136791291511675,0.27898190945767315,0.41302730517239733,0.08389634928822716,0.1120729275943824,0.16233113127919008,5.898510610143243,6.565800999637923,7.569184389626479
OGLE-LMC-RRLYR-17780,,4211.177845568803,483.0593487481358,0.37064760636365957,0.9269802561037985,790.6578353595229,21.877927225616276,29.059673922309415,34.0,0.12902564746081424,4231.162104758923,463.5393398984294,0.00682459694118787,0.1655780167940627,2.692612684396648,0.9115803010673448,4128.731696627591,4204.04133545052,4305.6111382762,463.7227085373864,485.1022186791371,515.3271418291198,0.279422023580937,0.35702075028629754,0.4668819539785094,0.005969991886911794,0.006953093230439315,0.008507354793649804,2.512541264093965,2.728378702377925,3.0077848165358305
OGLE-LMC-RRLYR-09642,,1967.7219872698322,803.6086257635608,0.3440535448753341,5.804478424412624,1046.7164827254733,20.84531799154268,33.61025616182764,30.0,5.962543406960648,1964.8276083117348,760.5473010242424,0.14390934303308053,0.6119676776874869,9.482551282330473,1.042265899577134,1957.8577423829079,1966.5767221160777,1975.0299848558268,774.1773602117308,815.7604487602542,857.7204466615052,0.2889595318120284,0.385295924809457,0.4613303922272636,0.12901724487812513,0.15114978244946892,0.17586242598333338,8.995904704484792,9.790608978681295,10.788828506001268
OGLE-LMC-RRLYR-22581,,5264.725983553847,1869.1901613229768,0.36886681450306047,4.233810051434281,654.9023666058371,29.559386623731726,31.06802260431578,29.0,-5.225955679388896,4987.733262737589,1853.348251512861,0.2529831601386936,0.8162879378465832,8.327668664297137,1.5557571907227223,5075.055561855028,5229.733952985568,5422.109069373623,1815.2243127798426,1937.7167614505731,2119.6778569424396,0.2891146245657486,0.43262145262669166,0.5687593006084184,0.22922324683458856,0.28357028532145256,0.3650293906331197,8.149327588979824,8.888407717305745,10.405385782316468
OGLE-LMC-RRLYR-05821,,2756.296513687712,393.80782646150675,0.21444914562445078,2.352966580996939,2424.8425680989917,25.336735338892638,29.18154542331692,33.0,-3.148205038508685,2746.6841577974833,388.39406177712254,0.008631451918557883,0.1813661221710444,3.1891020484674786,1.101597188647506,2728.8636120019614,2754.9339570512057,2770.2762295179873,370.8370921116803,400.0583027936446,421.4025070080199,0.14542009972839912,0.2395877658808688,0.34102477118513513,0.007218723476988055,0.009107380151210074,0.010661594082915522,3.0563217941086713,3.2553112898409458,3.505093334190345
OGLE-LMC-RRLYR-08205,,5041.300636299062,426.19231694429214,0.3219430016004176,0.005096210015270165,1332.1386270552482,34.10169189554764,38.131337983283245,30.0,-2.7727486755887014,5098.703139890294,427.72992056305486,0.0032705015014421143,0.12526774556161116,1.9467508882191409,1.7050845947773818,4890.595968867999,5050.6842852255995,5237.5660540125355,405.5586362326283,455.67376831327044,545.5199326894434,0.23472661472114148,0.4212062686357462,0.6398496743948193,0.0028310922816435153,0.003964596724339033,0.006879234531256656,1.8404614338734004,2.1684428231265938,2.885261424254996
OGLE-LMC-RRLYR-04280,,4709.636493331008,596.3299366868249,0.15261707077468123,-2.860248331183288,344.52210986168535,35.03740496092977,36.613817364616004,34.0,-5.476308645546098,4695.675356422702,598.7973471262917,0.010265208117298918,0.19411389238634383,2.7932105510067338,1.4598918733720738,4545.285167945312,4680.1332739278805,4836.672285727663,566.2503754015423,604.0814806299741,647.0261938638574,0.1321691072557985,0.2691734480031056,0.4016940312093138,0.009107410813933138,0.010831749457485265,0.013961657249541407,2.7030251769338527,2.913445504798224,3.2806066513452405
OGLE-LMC-RRLYR-21835,,2801.0530804874893,1710.32426012127,0.6718523421689436,5.264641967675679,651.8074907444202,26.110878088038213,31.93026770006402,30.0,-0.9830051512984994,2730.642989174746,1555.865895064956,0.6846606824208741,1.4413919007966804,17.972576157852572,1.3055439044019106,2762.5016945407124,2802.4720433467037,2859.560440124797,1628.587135049976,1987.933839985571,3015.3836040249894,0.5300026429965611,0.7869627971960529,0.95,0.5768029492971203,1.035983058379876,3.8923387273099257,14.883114880742468,24.180322366605047,76.55367590687838
OGLE-LMC-RRLYR-03881,,6470.104250799408,1375.03124817246,0.5636962602939202,0.46393309465365196,1919.6153968275603,12.192509284918243,30.76893414450634,28.0,11.912015839237682,4725.309136039862,663.2169688966293,0.06668034603930373,0.42573072859757516,5.6094134530461295,0.6773616269399024,6041.114808980123,6497.647715736221,7350.072387274032,1316.773548627086,1434.3621377961326,1703.0491292344302,0.5214349593467239,0.5997918325314502,0.6771833279160009,0.05921880775164516,0.07725936322994953,0.10068157138485835,5.223115141217588,5.953934592313875,6.8396227278251525
OGLE-LMC-RRLYR-22402,f(a) and f(b) must have different signs,,,,,,,,,,,,,,,,,,,,,,,,,,,,,,
OGLE-LMC-RRLYR-22947,,4441.273341335345,1328.9471769541224,0.529240971551492,3.0885712220153008,2515.963183306241,24.52608464588947,29.585661300729104,30.0,-1.742818108484677,4340.477597422168,1036.8879918066946,0.12775880741454884,0.5773565802990398,7.688644010899913,1.2263042322944735,4318.805464353137,4447.998636493463,4616.818832260564,1218.7532179313803,1485.1825569899793,2474.687733715075,0.4429615051040107,0.6173149316173439,0.903350848759122,0.09437613797091186,0.17802462174006373,0.7768219764177636,6.799517432257866,9.19519900890266,26.232363433844863
OGLE-LMC-RRLYR-08601,,2180.2971339335877,552.1219141678896,0.31977129191625464,4.159953085974379,1368.8959818640412,27.485826534591297,34.20210754702414,30.0,-0.08611375089146378,2187.3149891926614,537.1713797828819,0.038015112971645136,0.3322517752346169,5.826789284770113,1.3742913267295649,2168.8321454421243,2178.842073889362,2195.121257396034,527.0341928059773,561.9203370254767,615.2267441523043,0.222327211926182,0.34198513038121703,0.5183444224031847,0.03303982893831855,0.04066008988824806,0.051194334577210156,5.4789331539855555,5.972654568422627,7.004860599337471
OGLE-LMC-RRLYR-15158,,3107.7424728650335,1195.4788387561214,0.4698012468492818,2.6780686888993253,2552.553078893969,22.177913102218795,35.24670606640626,30.0,6.266398200863158,3145.862107526638,1116.5994996809272,0.18994082977981025,0.7032873151801614,9.500250172814233,1.1088956551109397,3074.8693553229773,3113.11340042137,3142.2084395461575,1157.7130319569208,1234.5861437565486,1319.1776286394258,0.38770339452863833,0.48345771394419385,0.5943137153142899,0.17218382460630363,0.20949873251084633,0.25332930982053903,8.826372274486461,10.038750652914203,11.406659753472336
OGLE-LMC-RRLYR-11055,,4505.865459507477,1442.5183333981724,0.21978184293751998,-1.7664210750438019,2651.9576123297657,20.187531779623473,30.88526102514889,30.0,3.8953344822011005,4667.1563551992895,1360.4409186539372,0.1587414279335358,0.6424498407160469,7.154525593797103,1.0093765889811737,4424.4942077159985,4489.409562494083,4547.269285855017,1420.4247758128563,1464.3269015178585,1500.4815710510811,0.1811704668919763,0.23527208986808368,0.2887033186607159,0.15068340319539622,0.1663278986846623,0.1818040355903352,7.05200756491375,7.308760066943035,7.592904028254245
OGLE-LMC-RRLYR-15209,,3564.981961985392,1318.5631445323404,0.2302882084831272,-2.179714785898093,42.78789994219918,46.951910709111004,58.37766416422173,35.0,4.3150573321319,3598.4268374182266,1342.6297744071126,0.19367377704636396,0.7103123559471564,8.286343336314914,1.8780764283644402,3539.970778966187,3565.847694854804,3598.788705208382,1294.2125277730318,1330.0687487107812,1373.34986375314,0.18408594790796476,0.24104300115121574,0.3111390486948893,0.18411655048253403,0.19960567261609535,0.2216593806973052,8.10561368163639,8.377598905488092,8.83909202888286
OGLE-LMC-RRLYR-14801,,4952.475544951648,2973.95342746212,0.95,3.1680846622083587,2635.4944856127854,13.50786276520652,32.143530605393074,29.0,11.901076180213607,4964.386123509574,715.7597208935221,1.1514378680629949,2.0144069203366244,41.927246750455524,0.7109401455371852,4841.33893181801,4974.618861187623,5462.557680029647,2745.7220018484672,2978.9315937097563,3210.040465473437,0.95,0.95,0.95,0.7925357944812669,1.0850363068189435,1.4064364677595829,36.03307662274794,41.17769820574148,45.174023217169655
OGLE-LMC-RRLYR-16187,,2095.32514229058,752.9754607031258,0.27594774143358425,-0.5504950559471345,410.9932734000274,23.463693634545823,28.288042471553155,30.0,-1.9780459263169803,2093.6237358239096,701.9194643638225,0.10440524538985271,0.5240370179017508,8.15107384035877,1.173184681727291,2081.56153292083,2099.0890039601304,2116.847269663134,718.2855232907664,769.2965714277718,818.737921650288,0.2022681036619061,0.28996602175272523,0.4070216344322919,0.09191068801316368,0.11136920918321545,0.13169995754166977,7.7019721913306505,8.413207338479353,9.227563130013607
OGLE-LMC-RRLYR-03269,,5290.537052355292,1323.7002569732647,0.5285158363660404,-2.239195882732631,2946.443796862396,14.461938943343949,32.94001704573316,33.0,11.485062979456245,4943.007628068418,984.7903366410108,0.08897175087828832,0.4860521852041272,6.425518750998887,0.6287799540584326,5086.230567881893,5325.064554226305,5582.081023069189,1272.7246902364564,1344.62860894849,1454.2910443877304,0.46719033993316533,0.5314713732397036,0.6032806796090652,0.08085346199899542,0.09228569115960558,0.10794688325882193,5.9782878412698945,6.446120342780652,7.15535779750305
OGLE-LMC-RRLYR-04315,,3337.7200651688127,1305.344082595307,0.34352163273004765,2.349825973732898,2217.366112003672,29.83162162315381,35.29708204846159,34.0,-1.5872606239245428,3387.5141533094074,1213.3860145615124,0.21436698186696881,0.7484173142431683,9.07881951391533,1.2429842342980755,3281.4310829627534,3328.9432634808722,3380.595489795957,1245.700910762006,1346.8729178967978,1506.9582352699922,0.26570649944203634,0.3667716564771012,0.49463862259568936,0.18465270359661748,0.2332167936126435,0.337355885361993,8.649962397212597,9.374017924391946,11.296817680323858
OGLE-LMC-RRLYR-13469,,849.5401559720625,577.6645056157246,0.21040114917177516,1.5194133294968744,305.0617641240691,24.54758222128155,28.343884631609328,30.0,-3.006092352996532,849.322247513592,547.11420278111,0.28677541995640277,0.8728904768307135,15.16389200415087,1.2273791110640775,847.5734304658724,849.0304633539815,851.1704446044545,560.9920710245989,585.5600510854774,617.5891834113204,0.1739472135844419,0.2644746362019148,0.35263097251251146,0.2629801766848105,0.2991457369741579,0.35100379299669315,14.804779251971384,15.67927366477241,16.867348581145556
OGLE-LMC-RRLYR-10900,,8058.63635478546,4250.607811331509,0.691710768633895,0.9528800287073518,2641.1492745718424,17.15118674522835,30.099254774973424,30.0,6.145673266420758,4335.574040978019,2017.8647895906838,1.2697338241424487,2.1524134993340116,15.923336454274466,0.8575593372614175,6203.607109080781,8184.113350993166,22297.069139639636,3500.659818818405,4407.392133175699,9393.503987829572,0.6125055075286586,0.71445709574374,0.8508435464970406,1.1118874371052128,1.4498218828593104,1.9117294994825456,14.537199618094645,16.658411391752626,19.322272481976622
OGLE-LMC-RRLYR-04400,,4738.244371481995,728.271791303712,0.3107763233718993,0.656654399481563,547.5579067678729,24.353048662416132,36.349894433461024,29.0,5.26225411107194,4622.075054503693,717.8556466346869,0.018472609635740416,0.24561645605410182,3.525481773232765,1.2817394032850595,4610.89558473268,4727.260833300741,4917.533071051829,706.284026163221,740.1770848136196,782.6116944058708,0.2338534490701149,0.3208545872851982,0.4179402265539632,0.016556593332692236,0.019013732196618394,0.023905606549186935,3.3851396004399046,3.6069890603861814,3.90431041837385
OGLE-LMC-RRLYR-15103,,3596.7572237380155,2266.7027033439103,0.37194950097473134,0.5008559199444163,1754.6217059263706,33.25531426090097,34.11163119600873,29.0,-5.878274724865179,3415.827529919701,1869.9017574198383,0.9665940934665904,1.7939439782166964,14.801438374689079,1.7502796979421562,3513.7456355188237,3594.9212815997857,3701.6158000282558,2031.5895866172507,2345.4183711189758,3072.4097352258,0.2626929816259292,0.407527268356481,0.6266578232902449,0.7182693631256765,1.0665829628545362,2.2729149059619553,13.249494270027208,15.403567789138982,22.709457268967693
OGLE-LMC-RRLYR-15587,,3903.1847552595473,1004.6285843910792,0.3982610488085971,0.05996628489571691,2543.691442617606,33.63213180205335,43.01565431177788,35.0,2.2728263867456917,4023.315496272253,874.8381052789589,0.07145968098670777,0.439333422226643,6.117515220312799,1.345285272082134,3863.277574084862,3913.339940408109,3989.5851747819506,948.7056747180777,1033.6066761345671,1126.7805644261425,0.2973594079466364,0.42817384495418753,0.5283341468716362,0.05822355438606979,0.07820489797087574,0.10261621595953908,5.520433973989588,6.355609007901901,7.278483542004757
OGLE-LMC-RRLYR-16628,,1562.4789263506393,736.0611988465822,0.01728356635810923,4.039278787168628,361.33198853643705,17.301909256841114,17.3289633984909,19.0,-5.861823816683099,1562.4015748807144,734.2029014923877,0.17538648939299026,0.6754054162969514,10.271916045988206,1.5729008415310104,1551.6342991158374,1562.8770189328975,1574.8137664958076,707.9264063234607,752.3079368525127,803.4579133759083,4.412158045610242e-07,0.12164115239741016,0.2531197663064427,0.15592021371926384,0.18691521413715118,0.22936464998371078,9.924668678775648,10.685753548204612,11.733632810932399
OGLE-LMC-RRLYR-16750,,1970.1359238904197,461.4870086867344,0.283022507963249,3.4258484161383116,1349.8208087422995,19.24440741911899,21.656837632556993,27.0,-4.179243518570651,1980.9762491528372,451.676047477504,0.02718746763093958,0.2881659783293788,5.324517021520195,1.1320239658305287,1954.5874733675262,1972.1942169746037,1986.4687726466489,441.52545158002266,474.46028856093795,526.3344387168081,0.20449793616087622,0.3114535938316014,0.5076152081401325,0.023494364472568387,0.029219927812905257,0.040181947185472,5.005291857653884,5.531996255820912,6.665921648023119
OGLE-LMC-RRLYR-01548,,2671.3709458033113,912.4929451544317,0.004659228065398081,3.690670595241836,792.7211623571771,9.006718406807318,9.008377958729783,14.0,-5.276455107308053,2671.2168923166796,913.7488996782656,0.11431490194613075,0.5471987909080174,7.447094416618894,1.5011197344678864,2644.1687403671413,2668.7600469169306,2702.259011226736,874.042201181506,907.4390297032876,953.6545118223424,2.1145447377008562e-07,0.07912050201464507,0.15410253806499585,0.09963774433735612,0.11135704653772335,0.13142339051985627,7.15434483982559,7.444813017207688,7.827807688636224
OGLE-LMC-RRLYR-19183,,2953.6549347719847,703.8434676502719,0.30210624286911214,0.821701356252855,1187.268139045385,30.255981021923553,31.758049360077536,30.0,-5.300326425170326,3014.074762546524,693.891939470129,0.042913253042292515,0.3501357404391039,5.44985928535556,1.5127990510961777,2883.372348145167,2942.7804662380395,3010.2695985626465,660.321898838946,732.1477885073022,808.0072026380027,0.1850961762247599,0.3515854441172761,0.5836098288262549,0.03606155834837702,0.0492468587361595,0.06682432703426512,5.166935274054982,5.736518570280648,7.07902453755249
OGLE-LMC-RRLYR-01106,,4762.338080229457,1596.504378263214,0.23405604403100194,4.9615857127990415,3311.1309186032363,13.908869732701005,31.744658624698552,30.0,11.03339412867323,4887.110873736581,1519.4198205372816,0.19264271669782757,0.7083768980673792,7.517454035361861,0.6954434866350503,4652.621574125705,4740.874144868256,4872.778582041083,1566.9038360260267,1605.7040778168355,1643.6508601989976,0.20645357793156402,0.24351542773094664,0.2679316343795158,0.18493863745665517,0.19647055221876492,0.2078485711856881,7.439065182057467,7.570026870565561,7.794545358778321
OGLE-LMC-RRLYR-16755,,2913.7513199730993,607.6380499917142,0.5699086160495433,-2.7215477097005096,1701.0950231542306,27.10046576834569,33.72163230455081,35.0,-0.4895295867737133,2914.632006440923,431.0593784929343,0.028373480693248705,0.29337841847798307,5.533013746468583,1.0840186307338275,2860.9329531196154,2913.0932215867642,2960.1724236984683,541.7251872826865,676.8620013055956,1271.3541498859877,0.4767234321462768,0.6562368791263332,0.9338953140626128,0.0200534104235964,0.038231664450578684,0.27225822180771064,4.7095534918295,6.789852076541459,26.5917935551802
OGLE-LMC-RRLYR-06521,,3832.53723863473,1392.8318743619348,0.5744117656973111,1.4410991944389755,2429.3955157739592,17.06452395188175,27.789835181544777,35.0,3.614615106684205,3812.763931295129,1140.3681931871165,0.19751770108793384,0.7174957448994762,9.679327233219437,0.68258095807527,3775.8986347936557,3834.693198805223,3900.3923335646,1329.9767192639044,1463.8848962517106,1684.1432467397606,0.4806200007651035,0.6327000503975976,0.7918390496171094,0.17399529648324014,0.2312073197956304,0.33554054807796135,8.928968911960183,10.762555334639558,15.704714898419143
OGLE-LMC-RRLYR-19535,,3304.576220742196,811.7849979523346,0.07655945906966946,2.0532199559458504,851.9538075440456,36.2151051992102,37.42566697668381,34.0,-5.842159271758717,3304.317730028722,809.1089155943691,0.05259860364339274,0.38283546893598086,5.371413637065246,1.5089627166337582,3266.9823574019397,3304.6441784506687,3333.296047883098,792.5548605004916,815.729395604375,849.9345777305293,0.04192143842943956,0.0978649099879518,0.16658992200790557,0.04874358302874074,0.0535280611521445,0.060679175860776306,5.238110989398048,5.450253774401868,5.649512712394756
OGLE-LMC-RRLYR-15201,,2971.0186961696963,398.8618904458492,0.18748833274649218,6.174560733336336,803.4900027628385,32.22992033523837,36.120587526817964,29.0,-2.8439244683933538,2913.407723275765,388.9771161376779,0.007718618191247026,0.17365009324250033,2.979713500926872,1.696311596591493,2890.4053827898906,2956.1775937406483,3035.250843377976,379.8524065258885,399.1389554459564,424.34392580460405,0.1168371081330989,0.2203665321110208,0.30080159168684917,0.006904270459765623,0.007970156916836382,0.00905790688570173,2.857253714607595,3.0477678906614063,3.235742132717893
OGLE-LMC-RRLYR-17610,,3375.185244255586,353.0887419860847,0.3935709479926939,5.283640081854996,3094.044140588755,22.14180925062244,28.417991776136567,34.0,-0.7765385237182016,3441.3639008017176,363.01614453850834,0.004148958421312395,0.13696751077946964,2.48095304225283,0.9225753854426016,3335.6683877378646,3375.636832117695,3414.82319071387,340.9260002234858,372.073531069444,387.40516742249406,0.32529555283876876,0.4560440461689154,0.5716313798750206,0.003855908501850262,0.004782774759487487,0.0054036033126618095,2.4341834741273245,2.666291603925848,3.017366355823834
OGLE-LMC-RRLYR-05817,,3131.08285067064,1185.604723863764,0.6020214450568492,-2.893127254139762,1508.3665400683317,5.4190698845194785,10.902801232511814,14.0,0.20561668876182182,3146.996715555006,754.7334868891182,0.18252121131002563,0.6891745684180643,10.338753771364628,0.9031783140865798,3009.0833826622375,3128.72201550086,3312.692613054068,894.2639753180749,1164.633331046623,3510.4583263755753,0.32765400763628044,0.5855295575476738,0.95,0.07660709710200975,0.1667457184672359,4.738378795237432,6.378407196566418,9.625107389567745,78.90903406473494
OGLE-LMC-RRLYR-22630,,2885.6880020941267,1379.1774919494108,0.4291235746104073,3.131497734504807,2273.9569523736054,19.87195500636111,25.5515898735771,29.0,-1.054956792756954,2882.9014919659385,1201.4638755798526,0.3382551623545507,0.9552240551062836,11.535904969504845,1.045892368755848,2853.0492237979443,2889.6177028725688,2915.4588705821498,1296.0304294125485,1398.507807710988,1500.0495198627727,0.3179811235950682,0.4154335916378814,0.5333124576314577,0.28198988992490825,0.3501754545723978,0.4329841863910567,10.458909288863284,11.504945440292438,13.353495540203232
OGLE-LMC-RRLYR-03183,,4583.822083665697,1309.0667538496436,0.3572320596709761,1.4884017295046206,3812.1713192764237,26.06441217211495,29.249256982880127,34.0,-3.8678762384671472,4812.901747187928,1228.877884754253,0.11463376935316429,0.5479301314324319,6.666021515915912,1.0860171738381228,4498.824500458832,4580.236864996994,4679.288208164763,1260.1028158720842,1344.76210025526,1471.0684409750666,0.28191886673915534,0.37667071537305175,0.54480240655013,0.1004373582956975,0.12307574303457611,0.16199603188973918,6.318026609321864,6.941309922414383,8.2073020540868
OGLE-LMC-RRLYR-03700,,2119.9144988371204,710.0431946893838,0.24490330845351557,2.3740386646537157,1055.265699257086,20.36031237664779,22.39422074667297,30.0,-4.768486393299128,2119.8301807662583,694.1068719326356,0.08552642442463557,0.47720049559195477,7.531546446943808,1.0180156188323894,2107.4965518366744,2125.2992767196683,2145.385411307678,694.197704473022,756.7555346432426,815.1109689359015,0.1713210027095513,0.32282109283909455,0.46248063931357575,0.07878386442225051,0.10221755316000028,0.12906199546222386,7.3484963269406105,8.22635556026901,9.28969562267881
OGLE-LMC-RRLYR-11166,,1482.416742933807,563.3375377938667,0.5677989391358769,3.1126048845956147,1159.7370540550198,34.847754613581586,35.07280398328827,28.0,-6.439359650643723,1498.149632943758,422.5963666135725,0.08734703134087873,0.4818966379573361,10.064613718541006,1.9359863674211992,1476.8238996628115,1482.634227000609,1489.7406635522866,472.9263135382184,591.5900670368844,977.5349843810026,0.38617362088785134,0.6176243726108532,0.8567830708132984,0.05138848738227773,0.1008678558269087,0.4557156687850055,7.333842472544498,10.975999315058814,26.250620057976086
OGLE-LMC-RRLYR-07553,,3413.2763823282503,2114.1246111930054,0.95,3.564702333381468,492.73602972623735,10.342196260762252,28.939128395121408,30.0,11.794537371034842,3442.1136105757832,864.5038638894384,0.8708262921553764,1.6768144838349641,43.24577129764808,0.5171098130381127,3379.820935129861,3407.1074007420584,3426.8726662759864,1958.9386394015316,2174.7831048447642,2368.152381270304,0.95,0.95,0.95,0.6917996149411597,0.958579054836934,1.228120700374175,40.0424910333073,44.68843889593175,48.59631799395717
OGLE-LMC-RRLYR-04978,,42621.950028056424,20001.585770155736,0.8913286837966655,2.7237038904209676,4531.280358711979,12.666633803521178,39.48193252916144,34.0,19.762577676407943,4590.668581703785,1758.8893800611322,4.729436009741688,5.840674534985464,22.567163426213483,0.527776408480049,17072.688609942532,36325.19443955016,181432.8736031192,11107.004621902439,21205.819284464378,57109.63315864755,0.8299078408129893,0.95,0.95,4.196773975873897,5.692547585600922,9.618974019348514,21.363151971246698,23.87877678278555,36.63950252132081
OGLE-LMC-RRLYR-07617,,3817.852321030068,436.824542994894,0.28770094584614975,1.241308098123001,3115.433034027415,40.60504352946488,42.88759681777694,34.0,-4.770167760920259,3843.043679808059,425.3146238008304,0.006139959991149042,0.15898191434743897,2.604570057202681,1.6918768137277034,3739.1870951505653,3823.121254552694,3895.7816762707707,421.3834464887496,474.30107032993783,521.2531279108514,0.2478935855805209,0.40958876951226325,0.648386544134117,0.005404289468858595,0.007945652688030633,0.010800303940749639,2.504577436228783,2.911725889915693,3.7810468170021374
OGLE-LMC-RRLYR-16544,,4057.073432521789,336.76796173087973,0.42730087894112384,-2.1463413613728353,1101.7929409593858,42.58365325482364,47.06126481199441,35.0,-2.6330845658080477,3870.4071302061147,320.1133310797665,0.002491433309644164,0.11321800375116516,2.001629549785958,1.7033461301929456,3899.9106858798846,4088.877569336192,4270.326036638734,327.22849012814936,356.7691057280989,424.24404274154483,0.3060408664569204,0.47625002738045497,0.8887813262278709,0.0021858248386497996,0.0030876710727708017,0.004778013785292992,1.926103041206508,2.176939568970477,4.7547866956477405
OGLE-LMC-RRLYR-07393,,954.0402494822673,487.4776528755295,0.42440156465317674,-2.9865974687885743,180.43553416482106,24.43048293668326,27.850863073945128,29.0,-3.3142115227110764,954.262260075547,449.8730342357041,0.13665119625790342,0.5966120613194291,12.302654267625222,1.285814891404382,948.1140194043606,954.5263819371677,959.590322937704,444.222906952303,545.5414559246943,1148.394678729741,0.38206613082102114,0.6009496230107806,0.9499999943501443,0.1032168061381746,0.1905850166260079,1.829064262948341,10.898965822301133,15.382484694854504,68.7287636873389
OGLE-LMC-RRLYR-19810,,8162.055385160924,3463.517585744554,0.6407468257519198,0.3471757445607717,1854.8147905604922,10.720886205271976,31.223286201665193,29.0,13.767808336420273,4290.0004079591035,1456.1950404076654,0.6696314068945457,1.421832070145647,12.04990422392068,0.564257168698525,6600.825364548711,8868.299073472634,33149.46800906701,2979.0144693301363,4393.1198202958985,10247.443937649632,0.6228703404737893,0.7616292028178964,0.8795109047560001,0.5952198910254507,1.0172013151574464,1.4578036254300812,11.814507782252576,13.38563359804419,17.48831114838563
OGLE-LMC-RRLYR-05048,,1460.2730650097053,2746.0447558714163,0.95,2.830778018045391,754.8953603041726,28.62942620478405,41.97367455331006,35.0,6.233552225547186,1452.886429520453,793.0807637747973,10.426472032993058,11.625036295663682,131.29798391477252,1.145177048191362,1455.083203469899,1459.3857944428148,1464.366115431798,2537.5353810954175,2831.1827899491846,3030.214271175896,0.95,0.95,0.95,8.222377429092145,11.432188353686202,13.983624356749628,121.35279182576888,135.35360368631962,144.7236665830529
OGLE-LMC-RRLYR-07957,,2246.354928857287,2027.6503873976953,0.45183961429005415,5.777353703493157,12.169264811947157,30.407223347971126,34.748409217129804,30.0,-2.4612088941656225,2233.654655446698,1739.5806467770374,1.773802119833081,2.7220721030152744,22.05913011816593,1.5203611673985562,2199.6783943558185,2247.430834000411,2284.000709524275,1961.4115426764708,2234.6079314309336,4651.372282988735,0.3002233341038185,0.584985824170269,0.95,1.5989224311884656,2.3491464823735377,22.10782544671061,19.852814308637388,26.89100086220556,129.65847526136415
OGLE-LMC-RRLYR-12371,,1540.553540097293,2087.3261921052167,0.95,-2.935494936706515,1200.2681253509838,20.709957184068937,32.89727094563615,30.0,5.3849189982429095,1539.8499026325733,684.9435297456391,4.114339014016696,5.205899145720321,94.60150539668268,1.035497859203447,1534.698966884924,1539.4645422322085,1543.25200836944,2014.136771798796,2127.9624227723216,2299.253823894447,0.95,0.95,0.95,3.7344835235936404,4.348877130222533,5.488220386444568,91.66439780235848,96.32738044263655,104.10612672694491
OGLE-LMC-RRLYR-17818,,2920.8824224455025,1479.6212264072633,0.95,3.0475543436940966,1192.6018107119844,30.93295811601739,44.0647555586705,35.0,6.021101319674287,3069.689132223344,423.0849057160275,0.4076676096918054,1.0605282283062603,35.368854853770095,1.2373183246406956,2912.2911845600247,2921.1769545832676,2971.6262228836245,1371.1028077417582,1522.0630703445527,1667.7475159263151,0.95,0.95,0.95,0.3213358349748763,0.443710691977071,0.5727810824306787,32.63688322823071,36.27099016410827,39.61946127087686
