ogle_id,13,14,15,16,17,18,19,20,21,22,23
OGLE-LMC-RRLYR-39960,0,0,0,0,0,0,0,0,117,33,0
OGLE-LMC-RRLYR-39961,0,0,0,0,0,0,0,0,117,33,0
OGLE-LMC-RRLYR-39962,0,0,0,0,0,0,0,0,115,33,0
OGLE-LMC-RRLYR-39963,0,0,0,0,0,0,0,0,111,32,0
OGLE-LMC-RRLYR-39964,0,0,0,0,0,0,0,0,117,33,0
OGLE-LMC-RRLYR-39966,0,0,0,10,56,36,32,39,27,36,0
OGLE-LMC-RRLYR-39967,0,0,0,0,0,0,0,0,116,31,0
OGLE-LMC-RRLYR-39968,0,0,0,0,0,0,0,0,115,33,0
OGLE-LMC-RRLYR-39969,0,0,0,0,0,0,0,0,115,33,0
OGLE-LMC-RRLYR-39970,0,0,0,0,0,0,0,0,117,33,0
OGLE-LMC-RRLYR-39971,0,0,0,27,60,42,10,11,0,1,0
OGLE-LMC-RRLYR-39972,0,0,0,0,0,0,0,0,116,33,0
OGLE-LMC-RRLYR-39973,0,0,0,27,64,41,10,11,0,1,0
OGLE-LMC-RRLYR-39974,0,0,0,0,0,0,0,0,116,33,0
OGLE-LMC-RRLYR-39975,0,0,0,0,0,0,0,0,111,33,0
OGLE-LMC-RRLYR-39976,0,0,0,0,0,0,0,0,43,33,0
OGLE-LMC-RRLYR-39977,0,0,0,0,0,0,0,0,115,33,0
OGLE-LMC-RRLYR-39978,0,0,0,0,0,0,0,0,115,33,0
OGLE-LMC-RRLYR-39979,0,0,0,0,0,0,0,0,115,33,0
OGLE-LMC-RRLYR-39980,0,0,0,0,0,0,0,0,39,14,0
OGLE-LMC-RRLYR-39981,0,0,0,0,0,0,0,0,117,33,0
OGLE-LMC-RRLYR-39983,0,0,0,0,0,0,0,0,116,9,0
OGLE-LMC-RRLYR-39984,0,0,0,0,0,0,0,0,115,9,0
OGLE-LMC-RRLYR-39985,0,0,0,0,0,0,0,0,115,9,0
OGLE-LMC-RRLYR-39986,0,0,0,0,0,0,0,0,100,8,0
OGLE-LMC-RRLYR-39987,0,0,0,17,60,16,27,35,4,6,0
OGLE-LMC-RRLYR-39988,0,0,0,0,0,0,0,0,111,9,0
OGLE-LMC-RRLYR-39989,0,0,0,0,0,0,0,0,115,9,0
OGLE-LMC-RRLYR-39990,0,0,0,0,0,0,0,0,116,9,0
OGLE-LMC-RRLYR-39992,0,0,0,0,0,0,0,0,116,9,0
OGLE-LMC-RRLYR-39993,0,0,0,26,61,43,40,43,15,44,0
OGLE-LMC-RRLYR-39994,0,0,0,26,61,44,40,43,37,44,0
OGLE-LMC-RRLYR-39995,0,0,0,0,0,0,0,0,115,9,0
OGLE-LMC-RRLYR-39996,0,0,0,15,27,9,13,13,0,4,0
OGLE-LMC-RRLYR-39997,0,0,0,30,60,46,37,46,34,42,0
OGLE-LMC-RRLYR-39998,0,0,0,15,34,23,18,16,8,8,0
OGLE-LMC-RRLYR-39999,0,0,0,0,0,0,0,0,113,9,0
OGLE-LMC-RRLYR-40000,0,0,0,0,0,0,0,0,114,9,0
OGLE-LMC-RRLYR-40001,0,0,0,0,0,0,0,0,113,9,0
OGLE-LMC-RRLYR-40002,0,0,0,27,61,41,9,11,0,1,0
OGLE-LMC-RRLYR-40003,0,0,0,29,60,46,36,46,34,42,0
OGLE-LMC-RRLYR-40004,0,0,0,6,15,29,2,0,0,1,0
OGLE-LMC-RRLYR-40005,0,0,0,22,58,43,35,41,24,39,0
OGLE-LMC-RRLYR-40006,0,0,0,13,1,3,1,2,6,9,0
OGLE-LMC-RRLYR-40007,0,0,0,30,60,46,36,46,33,42,0
OGLE-LMC-RRLYR-40008,0,0,0,0,0,0,0,0,114,9,0
OGLE-LMC-RRLYR-40009,0,0,0,30,60,46,37,46,34,42,0
OGLE-LMC-RRLYR-40010,0,0,0,21,2,22,0,0,4,12,0
OGLE-LMC-RRLYR-40011,0,0,0,29,55,49,38,38,29,44,0
OGLE-LMC-RRLYR-40012,0,0,0,0,0,0,0,0,105,5,0
OGLE-LMC-RRLYR-40013,0,0,0,0,0,0,0,0,105,5,0
OGLE-LMC-RRLYR-40014,0,0,0,0,0,0,0,0,106,5,0
OGLE-LMC-RRLYR-40015,0,0,0,0,0,0,0,0,106,5,0
OGLE-LMC-RRLYR-40016,0,0,0,0,0,0,0,0,114,9,0
OGLE-LMC-RRLYR-40017,0,0,0,0,0,0,0,0,106,5,0
OGLE-LMC-RRLYR-40018,0,0,0,0,0,0,0,0,54,3,0
OGLE-LMC-RRLYR-40019,0,0,0,0,0,0,0,0,106,5,0
OGLE-LMC-RRLYR-40020,0,0,0,0,0,0,0,0,106,5,0
OGLE-LMC-RRLYR-40021,0,0,0,29,53,49,38,38,29,44,0
OGLE-LMC-RRLYR-40023,0,0,0,29,54,48,36,37,30,44,0
OGLE-LMC-RRLYR-40024,0,0,0,0,0,0,0,0,106,5,0
OGLE-LMC-RRLYR-40025,0,0,0,29,55,49,38,38,29,44,0
OGLE-LMC-RRLYR-40026,0,0,0,29,55,49,38,41,29,44,0
OGLE-LMC-RRLYR-40027,0,0,0,31,54,49,38,38,29,44,0
OGLE-LMC-RRLYR-40028,0,0,0,29,54,49,38,38,29,44,0
OGLE-LMC-RRLYR-40029,0,0,0,0,0,0,0,0,106,5,0
OGLE-LMC-RRLYR-40030,0,0,0,0,0,0,0,0,114,9,0
OGLE-LMC-RRLYR-40031,0,0,0,0,0,0,0,0,106,5,0
OGLE-LMC-RRLYR-40032,0,0,0,0,0,0,0,0,106,5,0
OGLE-LMC-RRLYR-40033,0,0,0,0,0,0,0,0,114,9,0
OGLE-LMC-RRLYR-40034,0,0,0,0,0,0,0,0,114,9,0
OGLE-LMC-RRLYR-40035,0,0,0,29,55,48,36,38,30,44,0
OGLE-LMC-RRLYR-40036,0,0,0,28,59,28,5,5,0,0,0
OGLE-LMC-RRLYR-40037,0,0,0,0,0,0,0,0,106,5,0
OGLE-LMC-RRLYR-40038,0,0,0,0,0,0,0,0,106,5,0
OGLE-LMC-RRLYR-40039,0,0,0,0,0,0,0,0,106,5,0
OGLE-LMC-RRLYR-40040,0,0,0,0,0,0,0,0,114,9,0
OGLE-LMC-RRLYR-40041,0,0,0,0,0,0,0,0,114,9,0
OGLE-LMC-RRLYR-40042,0,0,0,0,0,0,0,0,114,9,0
OGLE-LMC-RRLYR-40043,0,0,0,0,0,0,0,0,114,9,0
OGLE-LMC-RRLYR-40044,0,0,0,21,2,23,0,0,14,21,0
OGLE-LMC-RRLYR-40045,0,0,0,0,0,0,0,0,106,5,0
OGLE-LMC-RRLYR-40046,0,0,0,0,0,0,0,0,88,8,0
OGLE-LMC-RRLYR-40047,0,0,0,29,56,48,36,38,31,44,0
OGLE-LMC-RRLYR-40048,0,0,0,0,0,0,0,0,114,9,0
OGLE-LMC-RRLYR-40049,0,0,0,0,0,0,0,0,109,9,0
OGLE-LMC-RRLYR-40050,24,107,120,44,29,48,35,38,34,42,0
OGLE-LMC-RRLYR-40051,0,0,0,0,0,0,0,0,109,9,0
OGLE-LMC-RRLYR-40053,0,0,0,0,0,0,0,0,109,9,0
OGLE-LMC-RRLYR-40055,0,0,0,0,0,0,0,0,109,9,0
OGLE-LMC-RRLYR-40056,0,0,0,30,56,48,36,38,30,44,0
OGLE-LMC-RRLYR-40058,0,0,0,27,59,28,5,5,0,0,0
OGLE-LMC-RRLYR-40059,0,0,0,0,0,0,0,0,108,9,0
OGLE-LMC-RRLYR-40060,0,0,0,0,0,0,0,0,109,9,0
OGLE-LMC-RRLYR-40061,0,0,0,0,0,0,0,0,109,9,0
OGLE-LMC-RRLYR-40062,0,0,0,0,0,0,0,0,109,9,0
OGLE-LMC-RRLYR-40063,4,37,37,11,3,49,33,31,32,41,0
OGLE-LMC-RRLYR-40064,0,0,0,0,0,0,0,0,106,5,0
OGLE-LMC-RRLYR-40065,0,0,0,27,59,28,5,5,0,0,0
OGLE-LMC-RRLYR-40066,0,0,0,0,0,0,0,0,106,5,0
OGLE-LMC-RRLYR-40067,4,37,38,30,28,49,38,41,32,42,0
OGLE-LMC-RRLYR-40068,0,0,0,0,0,0,0,0,106,5,0
OGLE-LMC-RRLYR-40069,0,0,0,0,0,0,0,0,109,9,0
OGLE-LMC-RRLYR-40070,0,0,0,0,0,0,0,0,109,9,0
OGLE-LMC-RRLYR-40071,0,0,0,0,0,0,0,0,106,5,0
OGLE-LMC-RRLYR-40072,0,0,0,0,0,0,0,0,106,5,0
OGLE-LMC-RRLYR-40073,0,0,0,22,52,19,5,5,0,0,0
OGLE-LMC-RRLYR-40074,0,0,0,0,0,0,0,0,106,5,0
OGLE-LMC-RRLYR-40075,0,0,0,27,59,28,5,5,0,0,0
OGLE-LMC-RRLYR-40076,0,0,0,0,0,0,0,0,106,5,0
OGLE-LMC-RRLYR-40077,0,0,0,0,0,0,0,0,106,5,0
OGLE-LMC-RRLYR-40079,2,110,130,54,29,49,36,41,32,42,0
OGLE-LMC-RRLYR-40080,0,0,0,0,0,0,0,0,106,5,0
OGLE-LMC-RRLYR-40081,0,0,0,0,0,0,0,0,106,5,0
OGLE-LMC-RRLYR-40082,0,0,0,0,0,0,0,0,103,5,0
OGLE-LMC-RRLYR-40083,0,0,0,11,2,20,2,2,0,0,0
OGLE-LMC-RRLYR-40084,0,0,0,11,14,0,1,3,0,0,0
OGLE-LMC-RRLYR-40085,0,0,0,0,0,0,0,0,106,5,0
OGLE-LMC-RRLYR-40087,0,0,0,0,0,0,0,0,106,5,0
OGLE-LMC-RRLYR-40088,0,0,0,0,0,0,0,0,106,5,0
OGLE-LMC-RRLYR-40089,0,0,0,0,0,0,0,0,106,5,0
OGLE-LMC-RRLYR-40090,0,0,0,0,0,0,0,0,109,9,0
OGLE-LMC-RRLYR-40091,0,0,0,0,0,0,0,0,106,5,0
OGLE-LMC-RRLYR-40092,0,0,0,0,0,0,0,0,106,5,0
OGLE-LMC-RRLYR-40093,0,0,0,0,0,0,0,0,106,5,0
OGLE-LMC-RRLYR-40094,0,0,0,0,0,0,0,0,104,5,0
OGLE-LMC-RRLYR-40095,0,0,0,0,0,0,0,0,106,5,0
OGLE-LMC-RRLYR-40096,0,0,0,27,57,28,5,5,0,0,0
OGLE-LMC-RRLYR-40097,0,14,2,0,0,1,0,0,2,1,0
OGLE-LMC-RRLYR-40098,0,0,0,27,57,28,5,5,0,0,0
OGLE-LMC-RRLYR-40099,0,0,0,0,0,0,0,0,106,5,0
OGLE-LMC-RRLYR-40100,0,0,0,0,0,0,0,0,106,5,0
OGLE-LMC-RRLYR-40101,0,0,0,0,0,0,0,0,106,5,0
OGLE-LMC-RRLYR-40102,0,0,0,0,0,0,0,0,106,5,0
OGLE-LMC-RRLYR-40103,0,0,0,0,0,0,0,0,106,5,0
OGLE-LMC-RRLYR-40104,0,0,0,0,0,0,0,0,106,5,0
OGLE-LMC-RRLYR-40105,0,0,0,0,0,0,0,0,106,5,0
OGLE-LMC-RRLYR-40106,0,0,0,0,0,0,0,0,109,9,0
OGLE-LMC-RRLYR-40107,0,0,0,0,0,0,0,0,106,5,0
OGLE-LMC-RRLYR-40108,0,0,0,27,59,28,5,5,0,0,0
OGLE-LMC-RRLYR-40109,0,0,0,0,0,0,0,0,106,5,0
OGLE-LMC-RRLYR-40110,0,0,0,0,0,0,0,0,106,5,0
OGLE-LMC-RRLYR-40111,0,0,0,0,0,0,0,0,13,0,0
OGLE-LMC-RRLYR-40112,0,0,0,0,0,0,0,0,106,5,0
OGLE-LMC-RRLYR-40114,0,0,0,0,0,0,0,0,106,5,0
OGLE-LMC-RRLYR-40115,0,0,0,0,0,0,0,0,98,5,0
OGLE-LMC-RRLYR-40116,0,0,0,0,0,0,0,0,105,5,0
OGLE-LMC-RRLYR-40117,0,0,0,0,0,0,0,0,106,5,0
OGLE-LMC-RRLYR-40118,0,0,0,0,0,0,0,0,102,5,0
OGLE-LMC-RRLYR-40119,0,0,0,0,0,0,0,0,108,9,0
OGLE-LMC-RRLYR-40120,5,40,41,30,28,48,37,41,32,42,0
OGLE-LMC-RRLYR-40121,0,0,0,0,0,0,0,0,109,9,0
OGLE-LMC-RRLYR-40122,5,34,33,32,29,48,35,37,29,39,0
OGLE-LMC-RRLYR-40123,0,0,0,0,0,0,0,0,106,5,0
OGLE-LMC-RRLYR-40124,0,0,0,30,61,30,4,4,0,0,0
OGLE-LMC-RRLYR-40125,0,0,0,0,0,0,0,0,106,5,0
OGLE-LMC-RRLYR-40127,0,0,0,0,0,0,0,0,106,5,0
OGLE-LMC-RRLYR-40128,0,0,0,0,0,0,0,0,106,5,0
OGLE-LMC-RRLYR-40129,0,0,0,0,0,0,0,0,106,5,0
OGLE-LMC-RRLYR-40130,0,0,0,0,0,0,0,0,101,5,0
OGLE-LMC-RRLYR-40132,0,0,0,0,0,0,0,0,108,9,0
OGLE-LMC-RRLYR-40134,0,0,0,0,0,0,0,0,103,5,0
OGLE-LMC-RRLYR-40135,0,10,3,0,0,1,0,0,1,0,0
OGLE-LMC-RRLYR-40141,0,0,0,30,61,30,4,4,0,0,0
OGLE-LMC-RRLYR-40142,0,0,0,0,0,0,0,0,108,9,0
OGLE-LMC-RRLYR-40143,0,0,0,0,0,0,0,0,108,9,0
OGLE-LMC-RRLYR-40144,0,0,0,0,0,0,0,0,104,9,0
OGLE-LMC-RRLYR-40145,0,0,0,0,0,0,0,0,108,9,0
OGLE-LMC-RRLYR-40146,0,0,0,0,0,0,0,0,108,9,0
OGLE-LMC-RRLYR-40147,0,0,0,0,0,0,0,0,108,9,0
OGLE-LMC-RRLYR-40150,0,0,0,30,61,30,4,4,0,0,0
OGLE-LMC-RRLYR-40152,0,0,0,22,47,12,4,4,0,0,0
OGLE-LMC-RRLYR-40155,0,0,0,30,55,30,4,4,0,0,0
OGLE-LMC-RRLYR-40158,0,0,0,0,0,0,0,0,108,9,0
OGLE-LMC-RRLYR-40159,0,0,0,0,0,0,0,0,108,9,0
OGLE-LMC-RRLYR-40162,5,34,33,31,29,46,34,36,29,39,0
OGLE-LMC-RRLYR-40164,0,0,0,0,0,0,0,0,108,9,0
OGLE-LMC-RRLYR-40165,0,0,0,18,43,30,2,2,0,0,0
OGLE-LMC-RRLYR-40166,0,0,0,0,0,0,0,0,53,4,0
OGLE-LMC-RRLYR-40168,0,0,0,0,0,0,0,0,108,9,0
OGLE-LMC-RRLYR-40169,0,0,0,0,0,0,0,0,108,9,0
OGLE-LMC-RRLYR-40170,0,0,0,19,67,33,4,5,0,1,0
OGLE-LMC-RRLYR-40171,0,0,0,18,14,29,1,2,0,0,0
OGLE-LMC-RRLYR-40172,0,0,0,0,0,0,0,0,108,9,0
OGLE-LMC-RRLYR-40173,0,0,0,31,60,28,4,4,0,0,0
OGLE-LMC-RRLYR-40174,0,0,0,12,58,33,4,5,0,1,0
OGLE-LMC-RRLYR-40175,0,0,0,31,55,28,4,4,0,0,0
OGLE-LMC-RRLYR-40177,0,0,0,0,0,0,0,0,72,6,0
OGLE-LMC-RRLYR-40179,0,22,5,1,0,3,0,0,1,3,0
OGLE-LMC-RRLYR-40180,0,0,0,31,56,28,4,4,0,0,0
OGLE-LMC-RRLYR-40181,0,0,0,31,59,28,4,4,0,0,0
OGLE-LMC-RRLYR-40182,0,0,0,13,5,0,0,2,0,0,0
OGLE-LMC-RRLYR-40185,0,0,0,0,0,0,0,0,105,5,0
OGLE-LMC-RRLYR-40186,0,0,0,0,0,0,0,0,108,9,0
OGLE-LMC-RRLYR-40187,0,0,0,0,0,0,0,0,106,5,0
OGLE-LMC-RRLYR-40188,0,0,0,0,0,0,0,0,107,5,0
OGLE-LMC-RRLYR-40189,0,0,0,0,0,0,0,0,107,5,0
OGLE-LMC-RRLYR-40190,0,0,0,0,0,0,0,0,106,5,0
OGLE-LMC-RRLYR-40192,33,199,226,44,28,40,38,40,28,38,0
OGLE-LMC-RRLYR-40193,0,0,0,0,0,0,0,0,106,5,0
OGLE-LMC-RRLYR-40194,0,0,0,0,0,0,0,0,107,5,0
OGLE-LMC-RRLYR-40195,6,37,40,33,32,51,34,39,26,41,0
OGLE-LMC-RRLYR-40196,0,0,0,0,0,0,0,0,106,5,0
OGLE-LMC-RRLYR-40197,0,0,0,0,0,0,0,0,107,5,0
OGLE-LMC-RRLYR-40198,0,0,0,0,0,0,0,0,107,5,0
OGLE-LMC-RRLYR-40199,6,39,40,24,29,51,34,36,26,42,0
OGLE-LMC-RRLYR-40200,0,0,0,0,0,0,0,0,107,5,0
OGLE-LMC-RRLYR-40201,0,0,0,0,0,0,0,0,106,5,0
OGLE-LMC-RRLYR-40202,0,0,0,0,0,0,0,0,106,5,0
OGLE-LMC-RRLYR-40203,0,0,0,31,60,28,4,4,0,0,0
OGLE-LMC-RRLYR-40204,5,34,33,31,28,46,34,36,28,39,0
OGLE-LMC-RRLYR-40205,0,0,0,0,0,0,0,0,106,5,0
OGLE-LMC-RRLYR-40206,0,0,0,0,0,0,0,0,108,9,0
OGLE-LMC-RRLYR-40207,5,34,33,31,29,46,34,36,10,39,0
OGLE-LMC-RRLYR-40208,0,0,0,0,0,0,0,0,106,5,0
OGLE-LMC-RRLYR-40209,0,0,0,0,0,0,0,0,107,5,0
OGLE-LMC-RRLYR-40210,0,0,0,31,60,28,4,4,0,0,0
OGLE-LMC-RRLYR-40211,0,0,0,0,0,0,0,0,107,5,0
OGLE-LMC-RRLYR-40212,0,0,0,0,0,0,0,0,107,5,0
OGLE-LMC-RRLYR-40213,0,8,3,2,0,1,0,0,0,1,0
OGLE-LMC-RRLYR-40214,0,0,0,0,0,0,0,0,108,9,0
OGLE-LMC-RRLYR-40215,0,0,0,0,0,0,0,0,107,5,0
OGLE-LMC-RRLYR-40216,0,0,0,0,0,0,0,0,106,5,0
OGLE-LMC-RRLYR-40217,0,0,0,0,0,0,0,0,107,5,0
OGLE-LMC-RRLYR-40218,0,0,0,0,0,0,0,0,98,6,0
OGLE-LMC-RRLYR-40219,0,17,2,2,1,2,0,0,1,1,0
OGLE-LMC-RRLYR-40221,0,14,2,2,2,2,0,0,0,1,0
OGLE-LMC-RRLYR-40222,0,0,0,0,0,0,0,0,46,3,0
OGLE-LMC-RRLYR-40223,0,0,0,0,0,0,0,0,108,9,0
OGLE-LMC-RRLYR-40224,0,0,0,0,0,0,0,0,107,5,0
OGLE-LMC-RRLYR-40225,0,0,0,0,0,0,0,0,106,5,0
OGLE-LMC-RRLYR-40226,0,0,0,30,56,28,4,4,0,0,0
OGLE-LMC-RRLYR-40227,0,0,0,31,55,29,4,4,0,0,0
OGLE-LMC-RRLYR-40228,0,0,0,0,0,0,0,0,108,9,0
OGLE-LMC-RRLYR-40229,0,0,0,0,0,0,0,0,102,5,0
OGLE-LMC-RRLYR-40230,0,0,0,0,0,0,0,0,102,5,0
OGLE-LMC-RRLYR-40232,0,0,0,0,0,0,0,0,107,5,0
OGLE-LMC-RRLYR-40233,0,0,0,0,0,0,0,0,39,9,0
OGLE-LMC-RRLYR-40234,0,0,0,0,0,0,0,0,106,5,0
OGLE-LMC-RRLYR-40235,0,0,0,0,0,0,0,0,82,8,0
OGLE-LMC-RRLYR-40236,0,0,0,17,12,28,1,3,0,0,0
OGLE-LMC-RRLYR-40237,0,0,0,0,0,0,0,0,106,5,0
OGLE-LMC-RRLYR-40238,0,0,0,0,0,0,0,0,39,9,0
OGLE-LMC-RRLYR-40239,0,0,0,0,0,0,0,0,105,5,0
OGLE-LMC-RRLYR-40240,0,0,0,0,0,0,0,0,106,5,0
OGLE-LMC-RRLYR-40241,0,0,0,0,0,0,0,0,106,5,0
OGLE-LMC-RRLYR-40242,0,0,0,0,0,0,0,0,106,5,0
OGLE-LMC-RRLYR-40243,0,0,0,0,0,0,0,0,106,5,0
OGLE-LMC-RRLYR-40244,0,0,0,0,0,0,0,0,54,2,0
OGLE-LMC-RRLYR-40245,0,0,0,0,0,0,0,0,101,5,0
OGLE-LMC-RRLYR-40246,0,0,0,0,0,0,0,0,106,5,0
OGLE-LMC-RRLYR-40247,0,0,0,0,0,0,0,0,74,5,0
OGLE-LMC-RRLYR-40248,0,0,0,31,60,28,4,4,0,0,0
OGLE-LMC-RRLYR-40249,0,0,0,0,0,0,0,0,105,5,0
OGLE-LMC-RRLYR-40250,0,0,0,0,0,0,0,0,106,5,0
OGLE-LMC-RRLYR-40252,0,0,0,0,0,0,0,0,106,5,0
OGLE-LMC-RRLYR-40253,0,0,0,0,0,0,0,0,106,5,0
OGLE-LMC-RRLYR-40254,0,0,0,0,0,0,0,0,106,5,0
OGLE-LMC-RRLYR-40256,0,0,0,0,0,0,0,0,107,9,0
OGLE-LMC-RRLYR-40257,0,0,0,0,0,0,0,0,106,5,0
OGLE-LMC-RRLYR-40258,0,0,0,0,0,0,0,0,106,5,0
OGLE-LMC-RRLYR-40259,0,0,0,0,0,0,0,0,108,9,0
OGLE-LMC-RRLYR-40260,0,0,0,0,0,0,0,0,106,5,0
OGLE-LMC-RRLYR-40261,0,0,0,0,0,0,0,0,108,9,0
OGLE-LMC-RRLYR-40263,0,0,0,0,0,0,0,0,106,5,0
OGLE-LMC-RRLYR-40264,0,0,0,0,0,0,0,0,106,5,0
OGLE-LMC-RRLYR-40265,0,0,0,0,0,0,0,0,106,5,0
OGLE-LMC-RRLYR-40266,0,0,0,0,0,0,0,0,100,5,0
OGLE-LMC-RRLYR-40267,0,0,0,0,0,0,0,0,106,5,0
OGLE-LMC-RRLYR-40268,5,33,34,31,27,45,34,36,29,39,0
OGLE-LMC-RRLYR-40269,0,0,0,0,0,0,0,0,106,5,0
OGLE-LMC-RRLYR-40270,0,0,0,0,0,0,0,0,108,9,0
OGLE-LMC-RRLYR-40272,0,0,0,0,0,0,0,0,106,5,0
OGLE-LMC-RRLYR-40273,0,0,0,0,0,0,0,0,108,8,0
OGLE-LMC-RRLYR-40274,0,0,0,0,0,0,0,0,94,5,0
OGLE-LMC-RRLYR-40275,0,0,0,0,0,0,0,0,105,5,0
OGLE-LMC-RRLYR-40276,0,0,0,0,0,0,0,0,106,5,0
OGLE-LMC-RRLYR-40277,0,0,0,0,0,0,0,0,106,5,0
OGLE-LMC-RRLYR-40278,0,0,0,0,0,0,0,0,85,5,0
OGLE-LMC-RRLYR-40279,0,0,0,0,0,0,0,0,102,5,0
OGLE-LMC-RRLYR-40280,0,0,0,0,0,0,0,0,106,5,0
OGLE-LMC-RRLYR-40281,0,0,0,0,0,0,0,0,102,5,0
OGLE-LMC-RRLYR-40282,0,0,0,0,0,0,0,0,106,5,0
OGLE-LMC-RRLYR-40283,0,0,0,0,0,0,0,0,106,5,0
OGLE-LMC-RRLYR-40284,0,0,0,0,0,0,0,0,106,5,0
OGLE-LMC-RRLYR-40285,0,0,0,0,0,0,0,0,106,5,0
OGLE-LMC-RRLYR-40286,0,0,0,11,14,0,0,2,0,0,0
OGLE-LMC-RRLYR-40287,0,0,0,0,0,0,0,0,101,5,0
OGLE-LMC-RRLYR-40288,0,0,0,0,0,0,0,0,106,5,0
OGLE-LMC-RRLYR-40289,0,0,0,0,0,0,0,0,106,5,0
OGLE-LMC-RRLYR-40290,0,0,0,0,0,0,0,0,105,5,0
OGLE-LMC-RRLYR-40291,0,0,0,0,0,0,0,0,106,5,0
OGLE-LMC-RRLYR-40292,0,0,0,0,0,0,0,0,106,5,0
OGLE-LMC-RRLYR-40293,0,0,0,0,0,0,0,0,34,4,0
OGLE-LMC-RRLYR-40294,0,0,0,0,0,0,0,0,82,6,0
OGLE-LMC-RRLYR-40295,0,0,0,0,0,0,0,0,101,5,0
OGLE-LMC-RRLYR-40296,0,0,0,0,0,0,0,0,108,9,0
OGLE-LMC-RRLYR-40297,0,0,0,0,0,0,0,0,105,5,0
OGLE-LMC-RRLYR-40298,0,0,0,0,0,0,0,0,106,5,0
OGLE-LMC-RRLYR-40299,0,0,0,0,0,0,0,0,106,5,0
OGLE-LMC-RRLYR-40300,0,0,0,0,0,0,0,0,106,5,0
OGLE-LMC-RRLYR-40301,0,0,0,0,0,0,0,0,106,5,0
OGLE-LMC-RRLYR-40303,0,0,0,0,0,0,0,0,105,5,0
OGLE-LMC-RRLYR-40304,0,0,0,0,0,0,0,0,71,3,0
OGLE-LMC-RRLYR-40305,0,0,0,0,0,0,0,0,101,5,0
OGLE-LMC-RRLYR-40306,0,0,0,0,0,0,0,0,106,5,0
OGLE-LMC-RRLYR-40307,0,0,0,0,0,0,0,0,106,5,0
OGLE-LMC-RRLYR-40308,0,0,0,0,0,0,0,0,105,8,0
OGLE-LMC-RRLYR-40309,0,0,0,0,0,0,0,0,106,5,0
OGLE-LMC-RRLYR-40310,0,0,0,0,0,0,0,0,105,5,0
OGLE-LMC-RRLYR-40311,0,0,0,0,0,0,0,0,106,5,0
OGLE-LMC-RRLYR-40312,0,0,0,0,0,0,0,0,105,5,0
OGLE-LMC-RRLYR-40314,0,0,0,0,0,0,0,0,105,5,0
OGLE-LMC-RRLYR-40315,0,0,0,0,0,0,0,0,105,5,0
OGLE-LMC-RRLYR-40316,0,0,0,0,0,0,0,0,105,5,0
OGLE-LMC-RRLYR-40317,0,0,0,0,0,0,0,0,105,5,0
OGLE-LMC-RRLYR-40318,0,0,0,0,0,0,0,0,106,5,0
OGLE-LMC-RRLYR-40319,0,0,0,0,0,0,0,0,106,4,0
OGLE-LMC-RRLYR-40320,0,0,0,0,0,0,0,0,105,5,0
OGLE-LMC-RRLYR-40321,0,0,0,0,0,0,0,0,81,4,0
OGLE-LMC-RRLYR-40322,0,0,0,0,0,0,0,0,106,5,0
OGLE-LMC-RRLYR-40323,0,0,0,0,0,0,0,0,105,5,0
OGLE-LMC-RRLYR-40324,0,0,0,0,0,0,0,0,18,5,0
OGLE-LMC-RRLYR-40325,0,0,0,0,0,0,0,0,105,5,0
OGLE-LMC-RRLYR-40326,0,0,0,0,0,0,0,0,106,5,0
OGLE-LMC-RRLYR-40327,14,88,84,20,35,49,39,40,18,31,0
OGLE-LMC-RRLYR-40328,0,0,0,0,0,0,0,0,105,5,0
OGLE-LMC-RRLYR-40329,0,0,0,0,0,0,0,0,106,8,0
OGLE-LMC-RRLYR-40330,0,0,0,0,0,0,0,0,106,5,0
OGLE-LMC-RRLYR-40331,0,0,0,0,0,0,0,0,18,5,0
OGLE-LMC-RRLYR-40332,7,38,42,31,31,50,34,38,27,41,0
OGLE-LMC-RRLYR-40333,6,38,42,30,32,50,34,37,27,41,0
OGLE-LMC-RRLYR-40334,0,0,0,0,0,0,0,0,105,5,0
OGLE-LMC-RRLYR-40335,0,0,0,0,0,0,0,0,106,5,0
OGLE-LMC-RRLYR-40336,0,0,0,0,0,0,0,0,106,5,0
OGLE-LMC-RRLYR-40337,0,0,0,0,0,0,0,0,105,5,0
OGLE-LMC-RRLYR-40338,0,0,0,0,0,0,0,0,105,5,0
OGLE-LMC-RRLYR-40339,0,0,0,0,0,0,0,0,105,5,0
OGLE-LMC-RRLYR-40340,0,0,0,0,0,0,0,0,105,5,0
OGLE-LMC-RRLYR-40341,0,0,0,0,0,0,0,0,104,5,0
OGLE-LMC-RRLYR-40342,0,0,0,0,0,0,0,0,105,5,0
OGLE-LMC-RRLYR-40343,0,0,0,0,0,0,0,0,105,5,0
OGLE-LMC-RRLYR-40344,0,0,0,0,0,0,0,0,105,5,0
OGLE-LMC-RRLYR-40345,0,0,0,0,0,0,0,0,104,5,0
OGLE-LMC-RRLYR-40346,0,0,0,0,0,0,0,0,104,5,0
OGLE-LMC-RRLYR-40347,0,0,0,0,0,0,0,0,105,5,0
OGLE-LMC-RRLYR-40349,0,0,0,0,0,0,0,0,105,5,0
OGLE-LMC-RRLYR-40350,0,0,0,0,0,0,0,0,105,5,0
OGLE-LMC-RRLYR-40351,0,0,0,0,0,0,0,0,103,5,0
OGLE-LMC-RRLYR-40352,0,0,0,0,0,0,0,0,105,5,0
OGLE-LMC-RRLYR-40353,0,0,0,0,0,0,0,0,105,5,0
OGLE-LMC-RRLYR-40354,0,0,0,0,0,0,0,0,105,5,0
OGLE-LMC-RRLYR-40355,0,0,0,0,0,0,0,0,104,4,0
OGLE-LMC-RRLYR-40356,0,0,0,0,0,0,0,0,105,5,0
OGLE-LMC-RRLYR-40357,0,0,0,0,0,0,0,0,105,5,0
OGLE-LMC-RRLYR-40358,0,0,0,0,0,0,0,0,105,5,0
OGLE-LMC-RRLYR-40359,0,0,0,0,0,0,0,0,19,5,0
OGLE-LMC-RRLYR-40361,0,0,0,0,0,0,0,0,104,5,0
OGLE-LMC-RRLYR-40362,0,0,0,0,0,0,0,0,100,5,0
OGLE-LMC-RRLYR-40363,0,0,0,0,0,0,0,0,105,5,0
OGLE-LMC-RRLYR-40364,0,0,0,0,0,0,0,0,95,4,0
OGLE-LMC-RRLYR-40366,0,0,0,0,0,0,0,0,105,5,0
OGLE-LMC-RRLYR-40367,0,0,0,0,0,0,0,0,104,5,0
OGLE-LMC-RRLYR-40368,0,0,0,0,0,0,0,0,105,5,0
OGLE-LMC-RRLYR-40369,0,0,0,0,0,0,0,0,104,5,0
OGLE-LMC-RRLYR-40370,0,0,0,0,0,0,0,0,105,5,0
OGLE-LMC-RRLYR-40371,0,0,0,0,0,0,0,0,105,5,0
OGLE-LMC-RRLYR-40372,0,0,0,0,0,0,0,0,105,5,0
OGLE-LMC-RRLYR-40373,0,0,0,0,0,0,0,0,105,5,0
OGLE-LMC-RRLYR-40374,0,0,0,0,0,0,0,0,105,5,0
OGLE-LMC-RRLYR-40375,0,0,0,0,0,0,0,0,105,5,0
OGLE-LMC-RRLYR-40376,0,0,0,0,0,0,0,0,105,5,0
OGLE-LMC-RRLYR-40377,0,0,0,0,0,0,0,0,105,5,0
OGLE-LMC-RRLYR-40378,0,0,0,0,0,0,0,0,105,5,0
OGLE-LMC-RRLYR-40379,0,0,0,0,0,0,0,0,104,5,0
OGLE-LMC-RRLYR-40380,0,0,0,0,0,0,0,0,105,5,0
OGLE-LMC-RRLYR-40381,0,0,0,0,0,0,0,0,93,5,0
OGLE-LMC-RRLYR-40382,0,0,0,0,0,0,0,0,105,5,0
OGLE-LMC-RRLYR-40383,0,0,0,0,0,0,0,0,106,8,0
OGLE-LMC-RRLYR-40384,0,0,0,0,0,0,0,0,105,5,0
OGLE-LMC-RRLYR-40385,0,0,0,0,0,0,0,0,105,5,0
OGLE-LMC-RRLYR-40386,0,0,0,0,0,0,0,0,105,5,0
OGLE-LMC-RRLYR-40388,0,0,0,0,0,0,0,0,105,5,0
OGLE-LMC-RRLYR-40389,0,0,0,0,0,0,0,0,105,5,0
OGLE-LMC-RRLYR-40390,0,0,0,0,0,0,0,0,105,5,0
OGLE-LMC-RRLYR-40391,0,0,0,0,0,0,0,0,105,5,0
OGLE-LMC-RRLYR-40392,0,0,0,0,0,0,0,0,105,5,0
OGLE-LMC-RRLYR-40393,0,0,0,0,0,0,0,0,105,5,0
OGLE-LMC-RRLYR-40394,0,0,0,0,0,0,0,0,104,5,0
OGLE-LMC-RRLYR-40395,0,0,0,0,0,0,0,0,105,5,0
OGLE-LMC-RRLYR-40396,0,0,0,0,0,0,0,0,104,5,0
OGLE-LMC-RRLYR-40397,0,0,0,0,0,0,0,0,106,8,0
OGLE-LMC-RRLYR-40398,0,0,0,0,0,0,0,0,105,5,0
OGLE-LMC-RRLYR-40399,0,0,0,0,0,0,0,0,104,5,0
OGLE-LMC-RRLYR-40400,0,0,0,0,0,0,0,0,64,2,0
OGLE-LMC-RRLYR-40401,0,0,0,0,0,0,0,0,105,5,0
OGLE-LMC-RRLYR-40402,0,0,0,0,0,0,0,0,105,5,0
OGLE-LMC-RRLYR-40403,0,0,0,0,0,0,0,0,105,5,0
OGLE-LMC-RRLYR-40404,0,0,0,0,0,0,0,0,105,5,0
OGLE-LMC-RRLYR-40405,0,0,0,32,57,28,4,6,0,0,0
OGLE-LMC-RRLYR-40407,0,0,0,0,0,0,0,0,103,5,0
OGLE-LMC-RRLYR-40408,0,0,0,0,0,0,0,0,105,5,0
OGLE-LMC-RRLYR-40409,0,0,0,0,0,0,0,0,106,8,0
OGLE-LMC-RRLYR-40410,0,0,0,0,0,0,0,0,105,5,0
OGLE-LMC-RRLYR-40411,0,0,0,0,0,0,0,0,105,5,0
OGLE-LMC-RRLYR-40412,0,0,0,0,0,0,0,0,105,5,0
OGLE-LMC-RRLYR-40413,0,0,0,0,0,0,0,0,105,5,0
OGLE-LMC-RRLYR-40414,0,0,0,0,0,0,0,0,105,5,0
OGLE-LMC-RRLYR-40415,0,0,0,0,0,0,0,0,105,5,0
OGLE-LMC-RRLYR-40416,0,0,0,0,0,0,0,0,19,1,0
OGLE-LMC-RRLYR-40417,0,0,0,0,0,0,0,0,105,5,0
OGLE-LMC-RRLYR-40418,0,0,0,0,0,0,0,0,67,1,0
OGLE-LMC-RRLYR-40419,0,0,0,0,0,0,0,0,105,5,0
OGLE-LMC-RRLYR-40420,0,0,0,0,0,0,0,0,105,5,0
OGLE-LMC-RRLYR-40421,0,0,0,0,0,0,0,0,105,5,0
OGLE-LMC-RRLYR-40422,0,0,0,0,0,0,0,0,105,5,0
OGLE-LMC-RRLYR-40424,0,0,0,0,0,0,0,0,102,5,0
OGLE-LMC-RRLYR-40425,0,0,0,0,0,0,0,0,105,5,0
OGLE-LMC-RRLYR-40426,0,0,0,0,0,0,0,0,105,5,0
OGLE-LMC-RRLYR-40427,0,0,0,0,0,0,0,0,105,5,0
OGLE-LMC-RRLYR-40428,0,0,0,0,0,0,0,0,105,5,0
OGLE-LMC-RRLYR-40429,0,0,0,0,0,0,0,0,105,5,0
OGLE-LMC-RRLYR-40430,0,0,0,0,0,0,0,0,19,5,0
OGLE-LMC-RRLYR-40431,0,0,0,0,0,0,0,0,105,5,0
OGLE-LMC-RRLYR-40432,0,0,0,0,0,0,0,0,105,5,0
OGLE-LMC-RRLYR-40433,0,0,0,0,0,0,0,0,105,5,0
OGLE-LMC-RRLYR-40434,0,0,0,0,0,0,0,0,105,5,0
OGLE-LMC-RRLYR-40435,0,0,0,0,0,0,0,0,28,1,0
OGLE-LMC-RRLYR-40436,0,0,0,0,0,0,0,0,105,5,0
OGLE-LMC-RRLYR-40437,0,0,0,0,0,0,0,0,105,5,0
OGLE-LMC-RRLYR-40438,0,0,0,0,0,0,0,0,105,5,0
OGLE-LMC-RRLYR-40439,0,0,0,0,0,0,0,0,14,0,0
OGLE-LMC-RRLYR-40440,0,0,0,0,0,0,0,0,81,5,0
OGLE-LMC-RRLYR-40441,0,0,0,0,0,0,0,0,108,5,0
OGLE-LMC-RRLYR-40442,0,0,0,0,0,0,0,0,105,5,0
OGLE-LMC-RRLYR-40443,0,0,0,0,0,0,0,0,108,5,0
OGLE-LMC-RRLYR-40444,0,0,0,0,0,0,0,0,105,5,0
OGLE-LMC-RRLYR-40446,0,0,0,0,0,0,0,0,108,5,0
OGLE-LMC-RRLYR-40447,0,0,0,0,0,0,0,0,27,1,0
OGLE-LMC-RRLYR-40448,0,0,0,0,0,0,0,0,105,5,0
OGLE-LMC-RRLYR-40449,0,0,0,0,0,0,0,0,95,4,0
OGLE-LMC-RRLYR-40450,0,0,0,0,0,0,0,0,108,5,0
OGLE-LMC-RRLYR-40451,0,0,0,0,0,0,0,0,105,5,0
OGLE-LMC-RRLYR-40452,0,0,0,0,0,0,0,0,29,1,0
OGLE-LMC-RRLYR-40453,0,0,0,0,0,0,0,0,105,5,0
OGLE-LMC-RRLYR-40454,0,0,0,0,0,0,0,0,105,5,0
OGLE-LMC-RRLYR-40455,0,0,0,0,0,0,0,0,105,5,0
OGLE-LMC-RRLYR-40456,0,0,0,0,0,0,0,0,15,3,0
OGLE-LMC-RRLYR-40457,0,0,0,0,0,0,0,0,105,5,0
OGLE-LMC-RRLYR-40458,0,0,0,0,0,0,0,0,87,5,0
OGLE-LMC-RRLYR-40459,0,0,0,0,0,0,0,0,105,5,0
OGLE-LMC-RRLYR-40460,0,0,0,0,0,0,0,0,105,5,0
OGLE-LMC-RRLYR-40461,0,0,0,0,0,0,0,0,107,5,0
OGLE-LMC-RRLYR-40462,0,0,0,0,0,0,0,0,107,5,0
OGLE-LMC-RRLYR-40463,0,0,0,0,0,0,0,0,108,5,0
OGLE-LMC-RRLYR-40464,0,0,0,0,0,0,0,0,106,5,0
OGLE-LMC-RRLYR-40465,0,0,0,0,0,0,0,0,108,5,0
OGLE-LMC-RRLYR-40466,0,0,0,0,0,0,0,0,105,5,0
OGLE-LMC-RRLYR-40467,0,0,0,0,0,0,0,0,105,5,0
OGLE-LMC-RRLYR-40468,0,0,0,0,0,0,0,0,105,5,0
OGLE-LMC-RRLYR-40469,0,0,0,0,0,0,0,0,108,5,0
OGLE-LMC-RRLYR-40470,0,0,0,0,0,0,0,0,108,5,0
OGLE-LMC-RRLYR-40471,0,0,0,0,0,0,0,0,105,5,0
OGLE-LMC-RRLYR-40472,0,0,0,0,0,0,0,0,108,5,0
OGLE-LMC-RRLYR-40473,0,0,0,0,0,0,0,0,108,5,0
OGLE-LMC-RRLYR-40474,0,0,0,0,0,0,0,0,105,5,0
OGLE-LMC-RRLYR-40475,0,0,0,0,0,0,0,0,108,5,0
OGLE-LMC-RRLYR-40476,0,0,0,0,0,0,0,0,105,5,0
OGLE-LMC-RRLYR-40477,0,0,0,0,0,0,0,0,105,5,0
OGLE-LMC-RRLYR-40478,0,0,0,0,0,0,0,0,108,5,0
OGLE-LMC-RRLYR-40479,0,0,0,0,0,0,0,0,108,5,0
OGLE-LMC-RRLYR-40480,0,0,0,0,0,0,0,0,105,5,0
OGLE-LMC-RRLYR-40481,0,0,0,0,0,0,0,0,105,5,0
OGLE-LMC-RRLYR-40482,0,0,0,0,0,0,0,0,105,5,0
OGLE-LMC-RRLYR-40483,0,0,0,0,0,0,0,0,107,5,0
OGLE-LMC-RRLYR-40485,0,0,0,0,0,0,0,0,108,5,0
OGLE-LMC-RRLYR-40486,0,0,0,0,0,0,0,0,105,5,0
OGLE-LMC-RRLYR-40487,0,0,0,0,0,0,0,0,105,5,0
OGLE-LMC-RRLYR-40488,0,0,0,0,0,0,0,0,108,5,0
OGLE-LMC-RRLYR-40489,0,0,0,0,0,0,0,0,108,5,0
OGLE-LMC-RRLYR-40490,0,0,0,0,0,0,0,0,106,5,0
OGLE-LMC-RRLYR-40491,0,0,0,0,0,0,0,0,107,5,0
OGLE-LMC-RRLYR-40492,0,0,0,0,0,0,0,0,106,5,0
OGLE-LMC-RRLYR-40493,0,0,0,0,0,0,0,0,108,5,0
OGLE-LMC-RRLYR-40494,0,0,0,0,0,0,0,0,105,5,0
OGLE-LMC-RRLYR-40495,0,0,0,0,0,0,0,0,105,5,0
OGLE-LMC-RRLYR-40496,0,0,0,0,0,0,0,0,108,5,0
OGLE-LMC-RRLYR-40497,0,0,0,0,0,0,0,0,108,5,0
OGLE-LMC-RRLYR-40498,0,0,0,0,0,0,0,0,106,5,0
OGLE-LMC-RRLYR-40499,0,0,0,0,0,0,0,0,105,5,0
OGLE-LMC-RRLYR-40500,0,0,0,0,0,0,0,0,108,5,0
OGLE-LMC-RRLYR-40501,0,0,0,0,0,0,0,0,105,5,0
OGLE-LMC-RRLYR-40502,0,0,0,0,0,0,0,0,105,5,0
OGLE-LMC-RRLYR-40503,0,0,0,0,0,0,0,0,106,5,0
OGLE-LMC-RRLYR-40504,0,0,0,0,0,0,0,0,108,5,0
OGLE-LMC-RRLYR-40505,0,0,0,0,0,0,0,0,108,5,0
OGLE-LMC-RRLYR-40506,0,0,0,0,0,0,0,0,108,5,0
OGLE-LMC-RRLYR-40507,0,0,0,0,0,0,0,0,105,5,0
OGLE-LMC-RRLYR-40508,0,0,0,0,0,0,0,0,106,5,0
OGLE-LMC-RRLYR-40509,0,0,0,0,0,0,0,0,108,5,0
OGLE-LMC-RRLYR-40510,0,0,0,0,0,0,0,0,106,5,0
OGLE-LMC-RRLYR-40511,0,0,0,0,0,0,0,0,108,5,0
OGLE-LMC-RRLYR-40512,0,0,0,0,0,0,0,0,103,5,0
OGLE-LMC-RRLYR-40513,0,0,0,0,0,0,0,0,105,5,0
OGLE-LMC-RRLYR-40514,0,0,0,0,0,0,0,0,108,5,0
OGLE-LMC-RRLYR-40515,0,0,0,0,0,0,0,0,107,5,0
OGLE-LMC-RRLYR-40516,0,0,0,0,0,0,0,0,103,5,0
OGLE-LMC-RRLYR-40517,0,0,0,0,0,0,0,0,43,0,0
OGLE-LMC-RRLYR-40518,0,0,0,0,0,0,0,0,107,5,0
OGLE-LMC-RRLYR-40519,0,0,0,0,0,0,0,0,105,5,0
OGLE-LMC-RRLYR-40520,0,0,0,0,0,0,0,0,107,5,0
OGLE-LMC-RRLYR-40521,0,0,0,0,0,0,0,0,107,5,0
OGLE-LMC-RRLYR-40522,0,0,0,0,0,0,0,0,106,5,0
OGLE-LMC-RRLYR-40523,0,0,0,0,0,0,0,0,108,5,0
OGLE-LMC-RRLYR-40524,0,0,0,0,0,0,0,0,107,5,0
OGLE-LMC-RRLYR-40525,0,0,0,0,0,0,0,0,108,5,0
OGLE-LMC-RRLYR-40526,0,0,0,0,0,0,0,0,107,5,0
OGLE-LMC-RRLYR-40527,0,0,0,0,0,0,0,0,107,5,0
OGLE-LMC-RRLYR-40528,0,0,0,0,0,0,0,0,107,5,0
OGLE-LMC-RRLYR-40529,0,0,0,0,0,0,0,0,108,5,0
OGLE-LMC-RRLYR-40530,0,0,0,0,0,0,0,0,108,5,0
OGLE-LMC-RRLYR-40531,0,0,0,0,0,0,0,0,108,5,0
OGLE-LMC-RRLYR-40532,0,0,0,0,0,0,0,0,107,5,0
OGLE-LMC-RRLYR-40533,0,0,0,0,0,0,0,0,105,5,0
OGLE-LMC-RRLYR-40534,0,0,0,0,0,0,0,0,108,5,0
OGLE-LMC-RRLYR-40535,0,0,0,0,0,0,0,0,105,5,0
OGLE-LMC-RRLYR-40536,0,0,0,0,0,0,0,0,108,5,0
OGLE-LMC-RRLYR-40537,0,0,0,0,0,0,0,0,105,5,0
OGLE-LMC-RRLYR-40538,0,0,0,0,0,0,0,0,105,5,0
OGLE-LMC-RRLYR-40539,0,0,0,0,0,0,0,0,108,5,0
OGLE-LMC-RRLYR-40540,0,0,0,0,0,0,0,0,106,5,0
OGLE-LMC-RRLYR-40541,0,0,0,0,0,0,0,0,106,5,0
OGLE-LMC-RRLYR-40542,0,0,0,0,0,0,0,0,105,5,0
OGLE-LMC-RRLYR-40543,0,0,0,0,0,0,0,0,108,5,0
OGLE-LMC-RRLYR-40544,0,0,0,0,0,0,0,0,108,5,0
OGLE-LMC-RRLYR-40545,0,0,0,0,0,0,0,0,106,5,0
OGLE-LMC-RRLYR-40546,0,0,0,0,0,0,0,0,106,5,0
OGLE-LMC-RRLYR-40547,0,0,0,0,0,0,0,0,108,5,0
OGLE-LMC-RRLYR-40548,0,0,0,0,0,0,0,0,106,5,0
OGLE-LMC-RRLYR-40549,0,0,0,0,0,0,0,0,105,5,0
OGLE-LMC-RRLYR-40550,0,0,0,0,0,0,0,0,98,5,0
OGLE-LMC-RRLYR-40551,0,0,0,0,0,0,0,0,105,5,0
OGLE-LMC-RRLYR-40552,0,0,0,0,0,0,0,0,106,5,0
OGLE-LMC-RRLYR-40553,0,0,0,0,0,0,0,0,105,5,0
OGLE-LMC-RRLYR-40554,0,0,0,0,0,0,0,0,107,5,0
OGLE-LMC-RRLYR-40555,0,0,0,0,0,0,0,0,106,5,0
OGLE-LMC-RRLYR-40556,0,0,0,0,0,0,0,0,106,5,0
OGLE-LMC-RRLYR-40557,0,0,0,0,0,0,0,0,105,5,0
OGLE-LMC-RRLYR-40558,0,0,0,0,0,0,0,0,107,5,0
OGLE-LMC-RRLYR-40559,0,0,0,0,0,0,0,0,38,4,0
OGLE-LMC-RRLYR-40560,0,0,0,0,0,0,0,0,107,5,0
OGLE-LMC-RRLYR-40561,0,0,0,0,0,0,0,0,107,5,0
OGLE-LMC-RRLYR-40562,0,0,0,0,0,0,0,0,107,5,0
OGLE-LMC-RRLYR-40563,0,0,0,0,0,0,0,0,108,5,0
OGLE-LMC-RRLYR-40564,0,0,0,0,0,0,0,0,108,5,0
OGLE-LMC-RRLYR-40565,0,0,0,0,0,0,0,0,108,5,0
OGLE-LMC-RRLYR-40566,0,0,0,0,0,0,0,0,108,5,0
OGLE-LMC-RRLYR-40567,0,0,0,0,0,0,0,0,108,5,0
OGLE-LMC-RRLYR-40568,0,0,0,0,0,0,0,0,107,5,0
OGLE-LMC-RRLYR-40569,0,0,0,0,0,0,0,0,107,5,0
OGLE-LMC-RRLYR-40570,0,0,0,0,0,0,0,0,107,5,0
OGLE-LMC-RRLYR-40571,0,0,0,0,0,0,0,0,108,5,0
OGLE-LMC-RRLYR-40572,0,0,0,0,0,0,0,0,107,5,0
OGLE-LMC-RRLYR-40573,0,0,0,0,0,0,0,0,108,5,0
OGLE-LMC-RRLYR-40574,0,0,0,0,0,0,0,0,108,5,0
OGLE-LMC-RRLYR-40575,0,0,0,0,0,0,0,0,108,5,0
OGLE-LMC-RRLYR-40576,0,0,0,0,0,0,0,0,108,5,0
OGLE-LMC-RRLYR-40577,0,0,0,0,0,0,0,0,108,5,0
OGLE-LMC-RRLYR-40578,0,0,0,0,0,0,0,0,108,5,0
OGLE-LMC-RRLYR-40579,0,0,0,0,0,0,0,0,106,5,0
OGLE-LMC-RRLYR-40580,0,0,0,0,0,0,0,0,108,5,0
OGLE-LMC-RRLYR-40582,0,0,0,0,0,0,0,0,108,5,0
OGLE-LMC-RRLYR-40583,0,0,0,0,0,0,0,0,107,5,0
OGLE-LMC-RRLYR-40584,0,0,0,0,0,0,0,0,107,5,0
OGLE-LMC-RRLYR-40585,0,0,0,0,0,0,0,0,104,5,0
OGLE-LMC-RRLYR-40586,0,0,0,0,0,0,0,0,105,5,0
OGLE-LMC-RRLYR-40587,0,0,0,0,0,0,0,0,107,5,0
OGLE-LMC-RRLYR-40588,0,0,0,0,0,0,0,0,108,5,0
OGLE-LMC-RRLYR-40589,0,0,0,0,0,0,0,0,108,5,0
OGLE-LMC-RRLYR-40590,0,0,0,0,0,0,0,0,106,5,0
OGLE-LMC-RRLYR-40591,0,0,0,0,0,0,0,0,103,5,0
OGLE-LMC-RRLYR-40592,0,0,0,0,0,0,0,0,107,5,0
OGLE-LMC-RRLYR-40593,0,0,0,0,0,0,0,0,95,5,0
OGLE-LMC-RRLYR-40594,0,0,0,0,0,0,0,0,106,5,0
OGLE-LMC-RRLYR-40595,0,0,0,0,0,0,0,0,108,5,0
OGLE-LMC-RRLYR-40596,0,44,68,31,33,52,37,38,26,42,0
OGLE-LMC-RRLYR-40597,0,0,0,0,0,0,0,0,108,5,0
OGLE-LMC-RRLYR-40598,0,0,0,0,0,0,0,0,107,5,0
OGLE-LMC-RRLYR-40599,0,45,70,32,42,54,37,38,26,42,0
OGLE-LMC-RRLYR-40600,0,0,0,0,0,0,0,0,108,5,0
OGLE-LMC-RRLYR-40601,0,0,0,0,0,0,0,0,108,5,0
OGLE-LMC-RRLYR-40602,0,0,0,0,0,0,0,0,108,5,0
OGLE-LMC-RRLYR-40603,0,0,0,0,0,0,0,0,108,5,0
OGLE-LMC-RRLYR-40605,0,0,0,0,0,0,0,0,108,5,0
OGLE-LMC-RRLYR-40606,0,0,0,0,0,0,0,0,108,5,0
OGLE-LMC-RRLYR-40607,0,0,0,0,0,0,0,0,107,5,0
OGLE-LMC-RRLYR-40608,0,0,0,0,0,0,0,0,21,5,0
OGLE-LMC-RRLYR-40609,0,0,0,0,0,0,0,0,106,5,0
OGLE-LMC-RRLYR-40610,0,0,0,0,0,0,0,0,108,5,0
OGLE-LMC-RRLYR-40611,0,0,0,0,0,0,0,0,21,5,0
OGLE-LMC-RRLYR-40612,0,0,0,0,0,0,0,0,108,5,0
OGLE-LMC-RRLYR-40613,0,0,0,0,0,0,0,0,107,5,0
OGLE-LMC-RRLYR-40614,0,0,0,0,0,0,0,0,107,5,0
OGLE-LMC-RRLYR-40615,0,0,0,0,0,0,0,0,73,5,0
OGLE-LMC-RRLYR-40616,0,0,0,0,0,0,0,0,61,4,0
OGLE-LMC-RRLYR-40617,0,0,0,0,0,0,0,0,106,5,0
OGLE-LMC-RRLYR-40618,0,0,0,0,0,0,0,0,107,5,0
OGLE-LMC-RRLYR-40619,0,0,0,0,0,0,0,0,108,5,0
OGLE-LMC-RRLYR-40620,0,0,0,0,0,0,0,0,52,1,0
OGLE-LMC-RRLYR-40621,0,0,0,0,0,0,0,0,106,5,0
OGLE-LMC-RRLYR-40623,0,0,0,0,0,0,0,0,106,5,0
OGLE-LMC-RRLYR-40624,0,0,0,0,0,0,0,0,107,5,0
OGLE-LMC-RRLYR-40625,0,0,0,0,0,0,0,0,107,5,0
OGLE-LMC-RRLYR-40626,0,0,0,0,0,0,0,0,107,5,0
OGLE-LMC-RRLYR-40627,0,0,0,0,0,0,0,0,108,5,0
OGLE-LMC-RRLYR-40628,0,0,0,0,0,0,0,0,107,5,0
OGLE-LMC-RRLYR-40629,0,0,0,0,0,0,0,0,106,5,0
OGLE-LMC-RRLYR-40630,0,0,0,0,0,0,0,0,107,5,0
OGLE-LMC-RRLYR-40631,0,0,0,0,0,0,0,0,105,5,0
OGLE-LMC-RRLYR-40632,0,0,0,0,0,0,0,0,107,5,0
OGLE-LMC-RRLYR-40633,0,0,0,0,0,0,0,0,106,5,0
OGLE-LMC-RRLYR-40634,0,0,0,0,0,0,0,0,108,5,0
OGLE-LMC-RRLYR-40635,0,0,0,0,0,0,0,0,107,5,0
OGLE-LMC-RRLYR-40636,0,0,0,0,0,0,0,0,108,5,0
OGLE-LMC-RRLYR-40637,0,0,0,0,0,0,0,0,104,5,0
OGLE-LMC-RRLYR-40638,0,0,0,0,0,0,0,0,108,5,0
OGLE-LMC-RRLYR-40639,0,0,0,0,0,0,0,0,105,5,0
OGLE-LMC-RRLYR-40640,0,0,0,0,0,0,0,0,107,5,0
OGLE-LMC-RRLYR-40641,0,0,0,0,0,0,0,0,108,5,0
OGLE-LMC-RRLYR-40642,0,0,0,0,0,0,0,0,108,5,0
OGLE-LMC-RRLYR-40643,0,0,0,0,0,0,0,0,107,5,0
OGLE-LMC-RRLYR-40644,0,0,0,0,0,0,0,0,107,5,0
OGLE-LMC-RRLYR-40645,0,0,0,0,0,0,0,0,108,5,0
OGLE-LMC-RRLYR-40646,0,0,0,0,0,0,0,0,108,5,0
OGLE-LMC-RRLYR-40647,0,0,0,0,0,0,0,0,107,5,0
OGLE-LMC-RRLYR-40648,0,0,0,0,0,0,0,0,98,5,0
OGLE-LMC-RRLYR-40649,0,0,0,0,0,0,0,0,107,5,0
OGLE-LMC-RRLYR-40650,0,0,0,0,0,0,0,0,108,5,0
OGLE-LMC-RRLYR-40651,0,0,0,0,0,0,0,0,108,5,0
OGLE-LMC-RRLYR-40652,0,0,0,0,0,0,0,0,108,5,0
OGLE-LMC-RRLYR-40653,0,0,0,0,0,0,0,0,105,5,0
OGLE-LMC-RRLYR-40654,0,0,0,0,0,0,0,0,103,3,0
OGLE-LMC-RRLYR-40655,0,0,0,0,0,0,0,0,21,5,0
OGLE-LMC-RRLYR-40656,0,0,0,0,0,0,0,0,108,5,0
OGLE-LMC-RRLYR-40657,0,0,0,0,0,0,0,0,108,5,0
OGLE-LMC-RRLYR-40658,0,0,0,0,0,0,0,0,108,5,0
OGLE-LMC-RRLYR-40659,0,0,0,0,0,0,0,0,104,3,0
OGLE-LMC-RRLYR-40660,0,0,0,0,0,0,0,0,108,5,0
OGLE-LMC-RRLYR-40661,0,0,0,0,0,0,0,0,108,5,0
OGLE-LMC-RRLYR-40662,0,0,0,31,55,28,3,6,0,0,0
OGLE-LMC-RRLYR-40663,0,0,0,0,0,0,0,0,108,5,0
OGLE-LMC-RRLYR-40664,0,0,0,0,0,0,0,0,107,5,0
OGLE-LMC-RRLYR-40665,0,0,0,0,0,0,0,0,106,5,0
OGLE-LMC-RRLYR-40666,0,0,0,0,0,0,0,0,94,5,0
OGLE-LMC-RRLYR-40667,0,0,0,0,0,0,0,0,45,4,0
OGLE-LMC-RRLYR-40668,0,0,0,0,0,0,0,0,44,2,0
OGLE-LMC-RRLYR-40669,0,0,0,0,0,0,0,0,97,5,0
OGLE-LMC-RRLYR-40670,0,0,0,0,0,0,0,0,11,0,0
OGLE-LMC-RRLYR-40671,0,0,0,0,0,0,0,0,13,0,0
OGLE-LMC-RRLYR-40672,0,0,0,0,0,0,0,0,27,0,0
OGLE-LMC-RRLYR-40673,0,0,0,0,0,0,0,0,30,0,0
OGLE-LMC-RRLYR-40674,0,0,0,0,0,0,0,0,107,5,0
OGLE-LMC-RRLYR-40675,0,0,0,0,0,0,0,0,63,1,0
OGLE-LMC-RRLYR-40676,0,0,0,0,0,0,0,0,67,3,0
OGLE-LMC-RRLYR-40677,0,0,0,0,0,0,0,0,108,5,0
OGLE-LMC-RRLYR-40678,0,0,0,0,0,0,0,0,102,5,0
OGLE-LMC-RRLYR-40679,0,0,0,0,0,0,0,0,96,5,0
OGLE-LMC-RRLYR-40680,0,0,0,0,0,0,0,0,102,5,0
OGLE-LMC-RRLYR-40681,0,0,0,0,0,0,0,0,102,5,0
OGLE-LMC-RRLYR-40682,0,0,0,0,0,0,0,0,105,5,0
OGLE-LMC-RRLYR-40683,0,0,0,0,0,0,0,0,107,5,0
OGLE-LMC-RRLYR-40684,0,0,0,0,0,0,0,0,107,5,0
OGLE-LMC-RRLYR-40685,0,0,0,0,0,0,0,0,107,5,0
OGLE-LMC-RRLYR-40686,0,0,0,0,0,0,0,0,108,5,0
OGLE-LMC-RRLYR-40687,0,0,0,0,0,0,0,0,107,5,0
OGLE-LMC-RRLYR-40688,0,0,0,0,0,0,0,0,108,5,0
OGLE-LMC-RRLYR-40689,0,0,0,0,0,0,0,0,108,5,0
OGLE-LMC-RRLYR-40690,0,0,0,0,0,0,0,0,108,5,0
OGLE-LMC-RRLYR-40691,0,0,0,0,0,0,0,0,108,5,0
OGLE-LMC-RRLYR-40692,0,0,0,0,0,0,0,0,108,5,0
OGLE-LMC-RRLYR-40693,0,0,0,0,0,0,0,0,108,5,0
OGLE-LMC-RRLYR-40694,0,0,0,0,0,0,0,0,108,5,0
OGLE-LMC-RRLYR-40695,0,0,0,0,0,0,0,0,108,5,0
OGLE-LMC-RRLYR-40696,0,0,0,0,0,0,0,0,108,5,0
OGLE-LMC-RRLYR-40697,0,0,0,0,0,0,0,0,108,5,0
OGLE-LMC-RRLYR-40698,0,0,0,0,0,0,0,0,108,5,0
OGLE-LMC-RRLYR-40699,0,0,0,0,0,0,0,0,108,5,0
OGLE-LMC-RRLYR-40700,0,0,0,0,0,0,0,0,108,5,0
OGLE-LMC-RRLYR-40701,0,0,0,0,0,0,0,0,108,5,0
OGLE-LMC-RRLYR-40702,0,0,0,0,0,0,0,0,108,5,0
OGLE-LMC-RRLYR-40703,0,0,0,0,0,0,0,0,108,5,0
OGLE-LMC-RRLYR-40704,0,0,0,0,0,0,0,0,107,5,0
OGLE-LMC-RRLYR-40705,0,0,0,0,0,0,0,0,108,5,0
OGLE-LMC-RRLYR-40706,0,0,0,0,0,0,0,0,107,5,0
OGLE-LMC-RRLYR-40707,0,0,0,0,0,0,0,0,108,5,0
OGLE-LMC-RRLYR-40708,0,0,0,0,0,0,0,0,94,4,0
OGLE-LMC-RRLYR-40709,0,0,0,0,0,0,0,0,108,5,0
OGLE-LMC-RRLYR-40710,0,0,0,0,0,0,0,0,108,5,0
OGLE-LMC-RRLYR-40711,0,0,0,0,0,0,0,0,108,5,0
OGLE-LMC-RRLYR-40712,0,0,0,0,0,0,0,0,108,5,0
OGLE-LMC-RRLYR-40713,0,0,0,0,0,0,0,0,108,5,0
OGLE-LMC-RRLYR-40714,0,0,0,0,0,0,0,0,108,5,0
OGLE-LMC-RRLYR-40715,0,0,0,0,0,0,0,0,108,5,0
OGLE-LMC-RRLYR-40716,0,0,0,0,0,0,0,0,108,5,0
OGLE-LMC-RRLYR-40717,0,0,0,0,0,0,0,0,108,5,0
OGLE-LMC-RRLYR-40718,0,0,0,0,0,0,0,0,103,5,0
OGLE-LMC-RRLYR-40719,0,0,0,0,0,0,0,0,108,5,0
OGLE-LMC-RRLYR-40720,0,0,0,0,0,0,0,0,108,5,0
OGLE-LMC-RRLYR-40721,0,0,0,0,0,0,0,0,108,5,0
OGLE-LMC-RRLYR-40722,0,0,0,0,0,0,0,0,108,5,0
OGLE-LMC-RRLYR-40723,0,0,0,0,0,0,0,0,108,5,0
OGLE-LMC-RRLYR-40724,0,0,0,0,0,0,0,0,107,5,0
OGLE-LMC-RRLYR-40725,0,0,0,0,0,0,0,0,108,5,0
OGLE-LMC-RRLYR-40726,0,0,0,0,0,0,0,0,105,5,0
OGLE-LMC-RRLYR-40727,0,0,0,0,0,0,0,0,107,5,0
OGLE-LMC-RRLYR-40728,0,0,0,0,0,0,0,0,108,5,0
OGLE-LMC-RRLYR-40729,0,0,0,0,0,0,0,0,108,5,0
OGLE-LMC-RRLYR-40730,0,0,0,0,0,0,0,0,106,5,0
OGLE-LMC-RRLYR-40731,0,0,0,0,0,0,0,0,108,5,0
OGLE-LMC-RRLYR-40732,0,0,0,0,0,0,0,0,108,5,0
OGLE-LMC-RRLYR-40733,0,0,0,0,0,0,0,0,107,5,0
OGLE-LMC-RRLYR-40734,0,0,0,0,0,0,0,0,107,5,0
OGLE-LMC-RRLYR-40735,0,0,0,0,0,0,0,0,105,6,0
OGLE-LMC-RRLYR-40736,0,0,0,0,0,0,0,0,106,5,0
OGLE-LMC-RRLYR-40737,0,0,0,0,0,0,0,0,108,5,0
OGLE-LMC-RRLYR-40738,0,0,0,0,0,0,0,0,108,5,0
OGLE-LMC-RRLYR-40739,0,0,0,0,0,0,0,0,107,5,0
OGLE-LMC-RRLYR-40740,0,0,0,0,0,0,0,0,107,5,0
OGLE-LMC-RRLYR-40741,0,43,68,32,47,51,36,37,24,42,0
OGLE-LMC-RRLYR-40742,0,0,0,0,0,0,0,0,42,1,0
OGLE-LMC-RRLYR-40743,0,0,0,0,0,0,0,0,107,5,0
OGLE-LMC-RRLYR-40744,0,0,0,0,0,0,0,0,106,5,0
OGLE-LMC-RRLYR-40745,0,0,0,0,0,0,0,0,105,6,0
OGLE-LMC-RRLYR-40746,0,0,0,0,0,0,0,0,108,5,0
OGLE-LMC-RRLYR-40747,0,0,0,0,0,0,0,0,107,5,0
OGLE-LMC-RRLYR-40748,0,0,0,0,0,0,0,0,108,5,0
OGLE-LMC-RRLYR-40749,0,0,0,0,0,0,0,0,108,5,0
OGLE-LMC-RRLYR-40750,0,0,0,0,0,0,0,0,107,5,0
OGLE-LMC-RRLYR-40751,0,0,0,0,0,0,0,0,105,6,0
OGLE-LMC-RRLYR-40752,0,0,0,0,0,0,0,0,107,5,0
OGLE-LMC-RRLYR-40753,0,0,0,0,0,0,0,0,107,5,0
OGLE-LMC-RRLYR-40754,0,0,0,0,0,0,0,0,106,5,0
OGLE-LMC-RRLYR-40755,0,0,0,0,0,0,0,0,108,5,0
OGLE-LMC-RRLYR-40756,0,0,0,0,0,0,0,0,108,5,0
OGLE-LMC-RRLYR-40757,0,0,0,0,0,0,0,0,107,5,0
OGLE-LMC-RRLYR-40758,0,0,0,0,0,0,0,0,108,5,0
OGLE-LMC-RRLYR-40759,0,0,0,0,0,0,0,0,108,5,0
OGLE-LMC-RRLYR-40760,0,0,0,0,0,0,0,0,106,5,0
OGLE-LMC-RRLYR-40761,0,0,0,0,0,0,0,0,108,5,0
OGLE-LMC-RRLYR-40762,0,0,0,0,0,0,0,0,108,5,0
OGLE-LMC-RRLYR-40763,0,0,0,0,0,0,0,0,107,5,0
OGLE-LMC-RRLYR-40764,0,0,0,0,0,0,0,0,108,5,0
OGLE-LMC-RRLYR-40765,0,0,0,0,0,0,0,0,105,6,0
OGLE-LMC-RRLYR-40766,0,0,0,0,0,0,0,0,105,6,0
OGLE-LMC-RRLYR-40767,0,0,0,0,0,0,0,0,20,5,0
OGLE-LMC-RRLYR-40768,0,0,0,0,0,0,0,0,105,6,0
OGLE-LMC-RRLYR-40769,0,0,0,0,0,0,0,0,108,5,0
OGLE-LMC-RRLYR-40770,0,0,0,0,0,0,0,0,107,5,0
OGLE-LMC-RRLYR-40771,0,0,0,0,0,0,0,0,106,5,0
OGLE-LMC-RRLYR-40772,0,0,0,0,0,0,0,0,107,5,0
OGLE-LMC-RRLYR-40773,0,0,0,0,0,0,0,0,107,5,0
OGLE-LMC-RRLYR-40774,0,0,0,0,0,0,0,0,107,5,0
OGLE-LMC-RRLYR-40775,0,0,0,0,0,0,0,0,108,5,0
OGLE-LMC-RRLYR-40776,0,0,0,0,0,0,0,0,108,5,0
OGLE-LMC-RRLYR-40777,0,0,0,0,0,0,0,0,107,5,0
OGLE-LMC-RRLYR-40778,0,0,0,0,0,0,0,0,107,5,0
OGLE-LMC-RRLYR-40779,0,0,0,0,0,0,0,0,106,5,0
OGLE-LMC-RRLYR-40780,0,0,0,0,0,0,0,0,108,5,0
OGLE-LMC-RRLYR-40781,0,0,0,0,0,0,0,0,105,6,0
OGLE-LMC-RRLYR-40782,0,0,0,0,0,0,0,0,107,5,0
OGLE-LMC-RRLYR-40783,0,0,0,0,0,0,0,0,105,6,0
OGLE-LMC-RRLYR-40785,0,0,0,0,0,0,0,0,108,5,0
OGLE-LMC-RRLYR-40786,0,0,0,0,0,0,0,0,107,5,0
OGLE-LMC-RRLYR-40787,0,0,0,0,0,0,0,0,108,5,0
OGLE-LMC-RRLYR-40788,0,0,0,0,0,0,0,0,105,5,0
OGLE-LMC-RRLYR-40789,0,0,0,0,0,0,0,0,107,5,0
OGLE-LMC-RRLYR-40790,0,0,0,0,0,0,0,0,105,5,0
OGLE-LMC-RRLYR-40791,0,0,0,0,0,0,0,0,108,5,0
OGLE-LMC-RRLYR-40792,0,0,0,0,0,0,0,0,107,5,0
OGLE-LMC-RRLYR-40793,0,0,0,0,0,0,0,0,86,5,0
OGLE-LMC-RRLYR-40794,0,0,0,0,0,0,0,0,21,5,0
OGLE-LMC-RRLYR-40795,0,0,0,0,0,0,0,0,108,5,0
OGLE-LMC-RRLYR-40796,0,0,0,0,0,0,0,0,105,6,0
OGLE-LMC-RRLYR-40797,0,0,0,0,0,0,0,0,104,6,0
OGLE-LMC-RRLYR-40798,0,0,0,0,0,0,0,0,107,5,0
OGLE-LMC-RRLYR-40799,0,0,0,0,0,0,0,0,107,5,0
OGLE-LMC-RRLYR-40800,0,0,0,0,0,0,0,0,108,5,0
OGLE-LMC-RRLYR-40801,0,0,0,0,0,0,0,0,108,5,0
OGLE-LMC-RRLYR-40802,0,0,0,0,0,0,0,0,105,6,0
OGLE-LMC-RRLYR-40803,0,0,0,0,0,0,0,0,21,5,0
OGLE-LMC-RRLYR-40804,0,0,0,0,0,0,0,0,108,5,0
OGLE-LMC-RRLYR-40805,0,0,0,0,0,0,0,0,108,5,0
OGLE-LMC-RRLYR-40806,0,0,0,0,0,0,0,0,105,6,0
OGLE-LMC-RRLYR-40807,0,0,0,0,0,0,0,0,107,5,0
OGLE-LMC-RRLYR-40808,0,0,0,0,0,0,0,0,105,6,0
OGLE-LMC-RRLYR-40809,0,0,0,0,0,0,0,0,108,5,0
OGLE-LMC-RRLYR-40810,0,0,0,0,0,0,0,0,108,5,0
OGLE-LMC-RRLYR-40811,0,0,0,0,0,0,0,0,105,6,0
OGLE-LMC-RRLYR-40812,0,0,0,0,0,0,0,0,107,5,0
OGLE-LMC-RRLYR-40813,0,0,0,0,0,0,0,0,107,5,0
OGLE-LMC-RRLYR-40814,0,0,0,0,0,0,0,0,107,5,0
OGLE-LMC-RRLYR-40815,0,0,0,0,0,0,0,0,107,5,0
OGLE-LMC-RRLYR-40816,0,0,0,0,0,0,0,0,105,6,0
OGLE-LMC-RRLYR-40817,0,0,0,0,0,0,0,0,108,5,0
OGLE-LMC-RRLYR-40818,0,0,0,0,0,0,0,0,108,5,0
OGLE-LMC-RRLYR-40819,0,0,0,0,0,0,0,0,105,6,0
OGLE-LMC-RRLYR-40820,0,0,0,0,0,0,0,0,106,5,0
OGLE-LMC-RRLYR-40821,0,0,0,0,0,0,0,0,105,6,0
OGLE-LMC-RRLYR-40822,0,0,0,0,0,0,0,0,104,6,0
OGLE-LMC-RRLYR-40823,0,0,0,0,0,0,0,0,66,6,0
OGLE-LMC-RRLYR-40824,0,0,0,0,0,0,0,0,108,5,0
OGLE-LMC-RRLYR-40825,0,0,0,0,0,0,0,0,100,6,0
OGLE-LMC-RRLYR-40826,0,0,0,0,0,0,0,0,94,6,0
OGLE-LMC-RRLYR-40827,0,0,0,0,0,0,0,0,104,5,0
OGLE-LMC-RRLYR-40828,0,0,0,0,0,0,0,0,105,6,0
OGLE-LMC-RRLYR-40829,0,0,0,0,0,0,0,0,104,6,0
OGLE-LMC-RRLYR-40830,0,0,0,0,0,0,0,0,108,5,0
OGLE-LMC-RRLYR-40831,0,0,0,0,0,0,0,0,107,5,0
OGLE-LMC-RRLYR-40832,0,0,0,0,0,0,0,0,105,6,0
OGLE-LMC-RRLYR-40833,0,0,0,0,0,0,0,0,107,5,0
OGLE-LMC-RRLYR-40834,0,0,0,0,0,0,0,0,107,5,0
OGLE-LMC-RRLYR-40835,0,0,0,0,0,0,0,0,107,5,0
OGLE-LMC-RRLYR-40836,0,0,0,0,0,0,0,0,107,5,0
OGLE-LMC-RRLYR-40837,0,0,0,0,0,0,0,0,105,6,0
OGLE-LMC-RRLYR-40838,0,0,0,0,0,0,0,0,108,5,0
OGLE-LMC-RRLYR-40839,0,0,0,0,0,0,0,0,105,6,0
OGLE-LMC-RRLYR-40840,0,0,0,0,0,0,0,0,105,6,0
OGLE-LMC-RRLYR-40841,0,0,0,0,0,0,0,0,105,6,0
OGLE-LMC-RRLYR-40842,0,0,0,0,0,0,0,0,108,5,0
OGLE-LMC-RRLYR-40843,0,0,0,0,0,0,0,0,107,5,0
OGLE-LMC-RRLYR-40844,0,0,0,0,0,0,0,0,105,6,0
OGLE-LMC-RRLYR-40845,0,0,0,0,0,0,0,0,107,5,0
OGLE-LMC-RRLYR-40846,0,0,0,0,0,0,0,0,108,5,0
OGLE-LMC-RRLYR-40847,0,0,0,0,0,0,0,0,108,5,0
OGLE-LMC-RRLYR-40848,0,0,0,0,0,0,0,0,105,6,0
OGLE-LMC-RRLYR-40849,0,0,0,0,0,0,0,0,105,6,0
OGLE-LMC-RRLYR-40850,0,0,0,0,0,0,0,0,105,6,0
OGLE-LMC-RRLYR-40851,0,0,0,0,0,0,0,0,106,5,0
OGLE-LMC-RRLYR-40852,0,0,0,0,0,0,0,0,105,6,0
OGLE-LMC-RRLYR-40853,0,0,0,0,0,0,0,0,104,6,0
OGLE-LMC-RRLYR-40854,0,0,0,0,0,0,0,0,108,5,0
OGLE-LMC-RRLYR-40855,0,0,0,0,0,0,0,0,100,5,0
OGLE-LMC-RRLYR-40856,0,0,0,0,0,0,0,0,83,5,0
OGLE-LMC-RRLYR-40857,0,0,0,0,0,0,0,0,60,5,0
OGLE-LMC-RRLYR-40858,0,0,0,0,0,0,0,0,27,1,0
OGLE-LMC-RRLYR-40859,0,0,0,0,0,0,0,0,105,6,0
OGLE-LMC-RRLYR-40860,0,0,0,0,0,0,0,0,108,5,0
OGLE-LMC-RRLYR-40861,0,0,0,0,0,0,0,0,106,5,0
OGLE-LMC-RRLYR-40862,0,0,0,0,0,0,0,0,105,6,0
OGLE-LMC-RRLYR-40863,0,0,0,0,0,0,0,0,21,5,0
OGLE-LMC-RRLYR-40864,0,0,0,0,0,0,0,0,107,5,0
OGLE-LMC-RRLYR-40865,0,0,0,0,0,0,0,0,107,5,0
OGLE-LMC-RRLYR-40866,0,0,0,0,0,0,0,0,107,5,0
OGLE-LMC-RRLYR-40867,0,0,0,0,0,0,0,0,105,6,0
OGLE-LMC-RRLYR-40868,0,0,0,0,0,0,0,0,108,5,0
OGLE-LMC-RRLYR-40869,0,0,0,0,0,0,0,0,105,6,0
OGLE-LMC-RRLYR-40870,0,0,0,0,0,0,0,0,108,5,0
OGLE-LMC-RRLYR-40871,0,0,0,0,0,0,0,0,108,5,0
OGLE-LMC-RRLYR-40872,0,0,0,0,0,0,0,0,107,5,0
OGLE-LMC-RRLYR-40873,0,0,0,0,0,0,0,0,105,6,0
OGLE-LMC-RRLYR-40874,0,0,0,0,0,0,0,0,107,5,0
OGLE-LMC-RRLYR-40875,0,0,0,0,0,0,0,0,108,5,0
OGLE-LMC-RRLYR-40876,0,0,0,0,0,0,0,0,105,6,0
OGLE-LMC-RRLYR-40877,0,0,0,0,0,0,0,0,107,5,0
OGLE-LMC-RRLYR-40878,0,0,0,0,0,0,0,0,105,6,0
OGLE-LMC-RRLYR-40879,0,0,0,0,0,0,0,0,104,6,0
OGLE-LMC-RRLYR-40880,0,0,0,0,0,0,0,0,108,5,0
OGLE-LMC-RRLYR-40881,0,0,0,0,0,0,0,0,108,5,0
OGLE-LMC-RRLYR-40882,0,0,0,0,0,0,0,0,108,5,0
OGLE-LMC-RRLYR-40883,0,0,0,0,0,0,0,0,106,5,0
OGLE-LMC-RRLYR-40884,0,0,0,0,0,0,0,0,105,6,0
OGLE-LMC-RRLYR-40885,0,0,0,0,0,0,0,0,107,5,0
OGLE-LMC-RRLYR-40886,0,0,0,0,0,0,0,0,58,1,0
OGLE-LMC-RRLYR-40887,0,0,0,0,0,0,0,0,101,5,0
OGLE-LMC-RRLYR-40888,0,0,0,0,0,0,0,0,108,5,0
OGLE-LMC-RRLYR-40889,0,0,0,0,0,0,0,0,107,5,0
OGLE-LMC-RRLYR-40890,0,0,0,0,0,0,0,0,105,6,0
OGLE-LMC-RRLYR-40891,0,0,0,0,0,0,0,0,106,5,0
OGLE-LMC-RRLYR-40892,0,0,0,0,0,0,0,0,105,6,0
OGLE-LMC-RRLYR-40893,0,0,0,0,0,0,0,0,108,5,0
OGLE-LMC-RRLYR-40894,0,0,0,0,0,0,0,0,107,5,0
OGLE-LMC-RRLYR-40895,0,0,0,0,0,0,0,0,105,6,0
OGLE-LMC-RRLYR-40896,0,0,0,0,0,0,0,0,106,5,0
OGLE-LMC-RRLYR-40897,0,0,0,0,0,0,0,0,106,5,0
OGLE-LMC-RRLYR-40898,0,0,0,0,0,0,0,0,108,5,0
OGLE-LMC-RRLYR-40899,0,0,0,0,0,0,0,0,104,6,0
OGLE-LMC-RRLYR-40900,0,0,0,0,0,0,0,0,108,5,0
OGLE-LMC-RRLYR-40901,0,0,0,0,0,0,0,0,99,6,0
OGLE-LMC-RRLYR-40902,0,0,0,0,0,0,0,0,108,5,0
OGLE-LMC-RRLYR-40903,0,0,0,0,0,0,0,0,107,5,0
OGLE-LMC-RRLYR-40904,0,0,0,0,0,0,0,0,105,6,0
OGLE-LMC-RRLYR-40905,0,0,0,0,0,0,0,0,107,5,0
OGLE-LMC-RRLYR-40906,0,0,0,0,0,0,0,0,105,6,0
OGLE-LMC-RRLYR-40907,0,0,0,0,0,0,0,0,108,5,0
OGLE-LMC-RRLYR-40908,0,0,0,0,0,0,0,0,108,5,0
OGLE-LMC-RRLYR-40909,0,0,0,0,0,0,0,0,108,5,0
OGLE-LMC-RRLYR-40910,0,0,0,0,0,0,0,0,107,5,0
OGLE-LMC-RRLYR-40911,0,0,0,0,0,0,0,0,107,5,0
OGLE-LMC-RRLYR-40912,0,0,0,0,0,0,0,0,46,2,0
OGLE-LMC-RRLYR-40913,0,0,0,0,0,0,0,0,107,5,0
OGLE-LMC-RRLYR-40914,0,0,0,0,0,0,0,0,21,5,0
OGLE-LMC-RRLYR-40915,0,0,0,0,0,0,0,0,105,6,0
OGLE-LMC-RRLYR-40916,0,0,0,0,0,0,0,0,108,5,0
OGLE-LMC-RRLYR-40917,0,0,0,0,0,0,0,0,105,6,0
OGLE-LMC-RRLYR-40918,0,0,0,0,0,0,0,0,107,5,0
OGLE-LMC-RRLYR-40919,0,0,0,0,0,0,0,0,105,5,0
OGLE-LMC-RRLYR-40920,0,0,0,0,0,0,0,0,104,6,0
OGLE-LMC-RRLYR-40921,0,0,0,0,0,0,0,0,106,5,0
OGLE-LMC-RRLYR-40922,0,0,0,0,0,0,0,0,105,6,0
OGLE-LMC-RRLYR-40923,0,0,0,0,0,0,0,0,107,5,0
OGLE-LMC-RRLYR-40924,0,0,0,0,0,0,0,0,107,5,0
OGLE-LMC-RRLYR-40925,0,0,0,0,0,0,0,0,21,5,0
OGLE-LMC-RRLYR-40926,0,0,0,0,0,0,0,0,78,5,0
OGLE-LMC-RRLYR-40927,0,0,0,0,0,0,0,0,106,5,0
OGLE-LMC-RRLYR-40928,0,0,0,0,0,0,0,0,105,6,0
OGLE-LMC-RRLYR-40929,0,0,0,0,0,0,0,0,108,5,0
OGLE-LMC-RRLYR-40930,0,0,0,0,0,0,0,0,108,5,0
OGLE-LMC-RRLYR-40931,0,0,0,0,0,0,0,0,86,6,0
OGLE-LMC-RRLYR-40932,0,0,0,0,0,0,0,0,21,5,0
OGLE-LMC-RRLYR-40933,0,0,0,0,0,0,0,0,107,5,0
OGLE-LMC-RRLYR-40934,0,0,0,0,0,0,0,0,105,6,0
OGLE-LMC-RRLYR-40935,0,0,0,0,0,0,0,0,108,5,0
OGLE-LMC-RRLYR-40936,0,0,0,0,0,0,0,0,105,6,0
OGLE-LMC-RRLYR-40937,0,0,0,0,0,0,0,0,102,5,0
OGLE-LMC-RRLYR-40938,0,0,0,0,0,0,0,0,108,5,0
OGLE-LMC-RRLYR-40939,0,0,0,0,0,0,0,0,105,6,0
OGLE-LMC-RRLYR-40940,0,0,0,0,0,0,0,0,105,6,0
OGLE-LMC-RRLYR-40941,0,0,0,0,0,0,0,0,20,0,0
OGLE-LMC-RRLYR-40942,0,0,0,0,0,0,0,0,108,5,0
OGLE-LMC-RRLYR-40943,0,0,0,0,0,0,0,0,106,6,0
OGLE-LMC-RRLYR-40944,0,0,0,0,0,0,0,0,106,6,0
OGLE-LMC-RRLYR-40945,0,0,0,0,0,0,0,0,107,5,0
OGLE-LMC-RRLYR-40946,0,0,0,0,0,0,0,0,107,5,0
OGLE-LMC-RRLYR-40947,0,0,0,0,0,0,0,0,106,6,0
OGLE-LMC-RRLYR-40948,0,0,0,0,0,0,0,0,105,6,0
OGLE-LMC-RRLYR-40949,0,0,0,0,0,0,0,0,108,5,0
OGLE-LMC-RRLYR-40950,0,0,0,0,0,0,0,0,107,5,0
OGLE-LMC-RRLYR-40951,0,0,0,0,0,0,0,0,108,5,0
OGLE-LMC-RRLYR-40952,0,0,0,0,0,0,0,0,108,5,0
OGLE-LMC-RRLYR-40953,0,0,0,0,0,0,0,0,108,5,0
OGLE-LMC-RRLYR-40954,0,0,0,0,0,0,0,0,106,6,0
OGLE-LMC-RRLYR-40955,0,0,0,0,0,0,0,0,108,5,0
OGLE-LMC-RRLYR-40956,0,0,0,0,0,0,0,0,107,5,0
OGLE-LMC-RRLYR-40957,0,0,0,0,0,0,0,0,108,5,0
OGLE-LMC-RRLYR-40958,0,0,0,0,0,0,0,0,105,6,0
OGLE-LMC-RRLYR-40959,0,0,0,0,0,0,0,0,108,5,0
OGLE-LMC-RRLYR-40960,0,0,0,0,0,0,0,0,105,6,0
OGLE-LMC-RRLYR-40961,0,0,0,0,0,0,0,0,107,5,0
OGLE-LMC-RRLYR-40962,0,0,0,0,0,0,0,0,108,5,0
OGLE-LMC-RRLYR-40963,0,0,0,0,0,0,0,0,105,6,0
OGLE-LMC-RRLYR-40964,0,0,0,0,0,0,0,0,104,6,0
OGLE-LMC-RRLYR-40965,0,0,0,0,0,0,0,0,105,6,0
OGLE-LMC-RRLYR-40966,0,0,0,0,0,0,0,0,108,5,0
OGLE-LMC-RRLYR-40967,0,0,0,0,0,0,0,0,105,6,0
OGLE-LMC-RRLYR-40968,0,0,0,0,0,0,0,0,106,5,0
OGLE-LMC-RRLYR-40969,0,0,0,0,0,0,0,0,108,5,0
OGLE-LMC-RRLYR-40970,0,0,0,0,0,0,0,0,107,5,0
OGLE-LMC-RRLYR-40971,0,0,0,0,0,0,0,0,105,6,0
OGLE-LMC-RRLYR-40972,0,0,0,0,0,0,0,0,107,5,0
OGLE-LMC-RRLYR-40973,0,0,0,0,0,0,0,0,107,5,0
OGLE-LMC-RRLYR-40974,0,0,0,0,0,0,0,0,107,5,0
OGLE-LMC-RRLYR-40975,0,0,0,0,0,0,0,0,62,6,0
OGLE-LMC-RRLYR-40976,0,0,0,0,0,0,0,0,106,6,0
OGLE-LMC-RRLYR-40977,0,0,0,0,0,0,0,0,106,6,0
OGLE-LMC-RRLYR-40978,0,0,0,0,0,0,0,0,107,5,0
OGLE-LMC-RRLYR-40979,0,0,0,0,0,0,0,0,105,6,0
OGLE-LMC-RRLYR-40980,0,0,0,0,0,0,0,0,104,6,0
OGLE-LMC-RRLYR-40981,0,0,0,0,0,0,0,0,103,6,0
OGLE-LMC-RRLYR-40982,0,0,0,0,0,0,0,0,100,6,0
OGLE-LMC-RRLYR-40983,0,0,0,0,0,0,0,0,106,6,0
OGLE-LMC-RRLYR-40984,0,0,0,0,0,0,0,0,107,5,0
OGLE-LMC-RRLYR-40985,0,0,0,0,0,0,0,0,108,5,0
OGLE-LMC-RRLYR-40986,0,0,0,0,0,0,0,0,56,4,0
OGLE-LMC-RRLYR-40987,0,0,0,0,0,0,0,0,106,6,0
OGLE-LMC-RRLYR-40988,0,0,0,0,0,0,0,0,106,6,0
OGLE-LMC-RRLYR-40989,0,0,0,0,0,0,0,0,107,5,0
OGLE-LMC-RRLYR-40990,0,0,0,0,0,0,0,0,106,6,0
OGLE-LMC-RRLYR-40991,0,0,0,0,0,0,0,0,20,6,0
OGLE-LMC-RRLYR-40992,0,0,0,0,0,0,0,0,108,5,0
OGLE-LMC-RRLYR-40993,0,0,0,0,0,0,0,0,105,6,0
OGLE-LMC-RRLYR-40994,0,0,0,0,0,0,0,0,108,5,0
OGLE-LMC-RRLYR-40995,0,0,0,0,0,0,0,0,108,5,0
OGLE-LMC-RRLYR-40996,0,0,0,0,0,0,0,0,108,5,0
OGLE-LMC-RRLYR-40997,0,0,0,0,0,0,0,0,108,5,0
OGLE-LMC-RRLYR-40998,0,0,0,0,0,0,0,0,105,6,0
OGLE-LMC-RRLYR-40999,0,0,0,0,0,0,0,0,108,5,0
OGLE-LMC-RRLYR-41000,0,0,0,0,0,0,0,0,29,0,0
OGLE-LMC-RRLYR-41001,0,0,0,0,0,0,0,0,106,6,0
OGLE-LMC-RRLYR-41002,0,0,0,0,0,0,0,0,101,6,0
OGLE-LMC-RRLYR-41003,0,0,0,0,0,0,0,0,105,6,0
OGLE-LMC-RRLYR-41004,0,0,0,0,0,0,0,0,106,6,0
OGLE-LMC-RRLYR-41005,0,0,0,0,0,0,0,0,107,5,0
OGLE-LMC-RRLYR-41006,0,0,0,0,0,0,0,0,104,6,0
OGLE-LMC-RRLYR-41007,0,0,0,0,0,0,0,0,106,6,0
OGLE-LMC-RRLYR-41008,0,0,0,0,0,0,0,0,108,5,0
OGLE-LMC-RRLYR-41009,0,0,0,0,0,0,0,0,106,6,0
OGLE-LMC-RRLYR-41010,0,0,0,0,0,0,0,0,106,6,0
OGLE-LMC-RRLYR-41011,0,0,0,0,0,0,0,0,106,6,0
OGLE-LMC-RRLYR-41012,0,0,0,0,0,0,0,0,108,5,0
OGLE-LMC-RRLYR-41013,0,0,0,0,0,0,0,0,21,5,0
OGLE-LMC-RRLYR-41014,0,0,0,0,0,0,0,0,44,2,0
OGLE-LMC-RRLYR-41015,0,0,0,0,0,0,0,0,106,6,0
OGLE-LMC-RRLYR-41017,0,0,0,0,0,0,0,0,107,5,0
OGLE-LMC-RRLYR-41018,0,0,0,0,0,0,0,0,105,6,0
OGLE-LMC-RRLYR-41019,0,0,0,0,0,0,0,0,104,6,0
OGLE-LMC-RRLYR-41020,0,0,0,0,0,0,0,0,104,6,0
OGLE-LMC-RRLYR-41021,0,0,0,0,0,0,0,0,108,5,0
OGLE-LMC-RRLYR-41022,0,0,0,0,0,0,0,0,104,6,0
OGLE-LMC-RRLYR-41023,0,0,0,0,0,0,0,0,107,5,0
OGLE-LMC-RRLYR-41024,0,0,0,0,0,0,0,0,108,5,0
OGLE-LMC-RRLYR-41025,0,0,0,0,0,0,0,0,106,6,0
OGLE-LMC-RRLYR-41026,0,0,0,0,0,0,0,0,107,5,0
OGLE-LMC-RRLYR-41027,0,0,0,0,0,0,0,0,105,6,0
OGLE-LMC-RRLYR-41028,0,0,0,0,0,0,0,0,108,5,0
OGLE-LMC-RRLYR-41029,0,0,0,0,0,0,0,0,108,5,0
OGLE-LMC-RRLYR-41030,0,0,0,0,0,0,0,0,105,6,0
OGLE-LMC-RRLYR-41031,0,0,0,0,0,0,0,0,104,6,0
OGLE-LMC-RRLYR-41032,0,0,0,0,0,0,0,0,107,5,0
OGLE-LMC-RRLYR-41033,0,0,0,0,0,0,0,0,106,6,0
OGLE-LMC-RRLYR-41034,0,0,0,0,0,0,0,0,104,6,0
OGLE-LMC-RRLYR-41035,0,0,0,0,0,0,0,0,106,6,0
OGLE-LMC-RRLYR-41036,0,0,0,0,0,0,0,0,105,6,0
OGLE-LMC-RRLYR-41037,0,0,0,0,0,0,0,0,105,6,0
OGLE-LMC-RRLYR-41038,0,0,0,0,0,0,0,0,107,5,0
OGLE-LMC-RRLYR-41039,0,0,0,0,0,0,0,0,106,6,0
OGLE-LMC-RRLYR-41040,0,0,0,0,0,0,0,0,104,6,0
OGLE-LMC-RRLYR-41041,0,0,0,0,0,0,0,0,105,6,0
OGLE-LMC-RRLYR-41042,0,0,0,0,0,0,0,0,107,5,0
OGLE-LMC-RRLYR-41043,0,0,0,0,0,0,0,0,105,6,0
OGLE-LMC-RRLYR-41044,0,0,0,0,0,0,0,0,21,6,0
OGLE-LMC-RRLYR-41045,0,0,0,0,0,0,0,0,104,6,0
OGLE-LMC-RRLYR-41046,0,0,0,0,0,0,0,0,107,5,0
OGLE-LMC-RRLYR-41047,0,0,0,0,0,0,0,0,104,6,0
OGLE-LMC-RRLYR-41048,0,0,0,0,0,0,0,0,105,6,0
OGLE-LMC-RRLYR-41049,0,0,0,0,0,0,0,0,106,5,0
OGLE-LMC-RRLYR-41050,0,0,0,0,0,0,0,0,105,6,0
OGLE-LMC-RRLYR-41051,0,0,0,0,0,0,0,0,51,3,0
OGLE-LMC-RRLYR-41052,0,0,0,0,0,0,0,0,105,6,0
OGLE-LMC-RRLYR-41053,0,0,0,0,0,0,0,0,105,6,0
OGLE-LMC-RRLYR-41054,0,0,0,0,0,0,0,0,105,6,0
OGLE-LMC-RRLYR-41055,0,0,0,0,0,0,0,0,105,5,0
OGLE-LMC-RRLYR-41056,0,0,0,0,0,0,0,0,106,5,0
OGLE-LMC-RRLYR-41057,0,0,0,0,0,0,0,0,105,6,0
OGLE-LMC-RRLYR-41058,0,0,0,0,0,0,0,0,105,6,0
OGLE-LMC-RRLYR-41059,0,0,0,0,0,0,0,0,107,5,0
OGLE-LMC-RRLYR-41060,0,0,0,0,0,0,0,0,65,5,0
OGLE-LMC-RRLYR-41061,0,0,0,0,0,0,0,0,33,5,0
OGLE-LMC-RRLYR-41062,0,0,0,0,0,0,0,0,106,6,0
OGLE-LMC-RRLYR-41063,0,0,0,0,0,0,0,0,106,6,0
OGLE-LMC-RRLYR-41064,0,0,0,0,0,0,0,0,106,6,0
OGLE-LMC-RRLYR-41065,0,0,0,0,0,0,0,0,105,6,0
OGLE-LMC-RRLYR-41066,0,0,0,0,0,0,0,0,108,5,0
OGLE-LMC-RRLYR-41067,0,0,0,0,0,0,0,0,104,6,0
OGLE-LMC-RRLYR-41068,0,0,0,0,0,0,0,0,107,5,0
OGLE-LMC-RRLYR-41070,0,0,0,0,0,0,0,0,106,6,0
OGLE-LMC-RRLYR-41071,0,0,0,0,0,0,0,0,76,1,0
OGLE-LMC-RRLYR-41072,0,0,0,0,0,0,0,0,105,6,0
OGLE-LMC-RRLYR-41073,0,0,0,0,0,0,0,0,107,5,0
OGLE-LMC-RRLYR-41074,0,0,0,0,0,0,0,0,107,5,0
OGLE-LMC-RRLYR-41075,0,0,0,0,0,0,0,0,105,6,0
OGLE-LMC-RRLYR-41076,0,0,0,0,0,0,0,0,106,6,0
OGLE-LMC-RRLYR-41077,0,0,0,0,0,0,0,0,35,2,0
OGLE-LMC-RRLYR-41078,0,0,0,0,0,0,0,0,95,5,0
OGLE-LMC-RRLYR-41079,0,0,0,0,0,0,0,0,106,6,0
OGLE-LMC-RRLYR-41080,0,0,0,0,0,0,0,0,105,6,0
OGLE-LMC-RRLYR-41081,0,0,0,0,0,0,0,0,105,6,0
OGLE-LMC-RRLYR-41082,0,0,0,0,0,0,0,0,105,6,0
OGLE-LMC-RRLYR-41083,0,0,0,0,0,0,0,0,103,6,0
OGLE-LMC-RRLYR-41084,0,0,0,0,0,0,0,0,104,6,0
OGLE-LMC-RRLYR-41085,0,0,0,0,0,0,0,0,105,6,0
OGLE-LMC-RRLYR-41086,0,0,0,0,0,0,0,0,105,6,0
OGLE-LMC-RRLYR-41087,0,0,0,0,0,0,0,0,106,6,0
OGLE-LMC-RRLYR-41088,0,0,0,0,0,0,0,0,107,5,0
OGLE-LMC-RRLYR-41089,0,0,0,0,0,0,0,0,104,6,0
OGLE-LMC-RRLYR-41090,0,0,0,0,0,0,0,0,105,6,0
OGLE-LMC-RRLYR-41091,0,0,0,0,0,0,0,0,107,5,0
OGLE-LMC-RRLYR-41092,0,0,0,0,0,0,0,0,107,5,0
OGLE-LMC-RRLYR-41093,0,0,0,0,0,0,0,0,103,6,0
OGLE-LMC-RRLYR-41094,0,0,0,0,0,0,0,0,106,6,0
OGLE-LMC-RRLYR-41095,0,0,0,0,0,0,0,0,106,6,0
OGLE-LMC-RRLYR-41096,0,0,0,0,0,0,0,0,101,6,0
OGLE-LMC-RRLYR-41097,0,0,0,0,0,0,0,0,104,6,0
OGLE-LMC-RRLYR-41098,0,0,0,0,0,0,0,0,85,2,0
OGLE-LMC-RRLYR-41099,0,0,0,0,0,0,0,0,107,5,0
OGLE-LMC-RRLYR-41100,0,0,0,0,0,0,0,0,104,6,0
OGLE-LMC-RRLYR-41101,0,0,0,0,0,0,0,0,106,6,0
OGLE-LMC-RRLYR-41102,0,0,0,0,0,0,0,0,106,6,0
OGLE-LMC-RRLYR-41103,0,0,0,0,0,0,0,0,105,6,0
OGLE-LMC-RRLYR-41104,0,0,0,0,0,0,0,0,105,6,0
OGLE-LMC-RRLYR-41105,0,0,0,0,0,0,0,0,107,5,0
OGLE-LMC-RRLYR-41106,0,0,0,0,0,0,0,0,105,6,0
OGLE-LMC-RRLYR-41107,0,0,0,0,0,0,0,0,106,6,0
OGLE-LMC-RRLYR-41108,0,0,0,0,0,0,0,0,107,5,0
OGLE-LMC-RRLYR-41109,0,0,0,0,0,0,0,0,104,6,0
OGLE-LMC-RRLYR-41110,0,0,0,0,0,0,0,0,106,6,0
OGLE-LMC-RRLYR-41111,0,0,0,0,0,0,0,0,105,6,0
OGLE-LMC-RRLYR-41112,0,0,0,0,0,0,0,0,106,6,0
OGLE-LMC-RRLYR-41113,0,0,0,0,0,0,0,0,107,5,0
OGLE-LMC-RRLYR-41114,0,0,0,0,0,0,0,0,105,6,0
OGLE-LMC-RRLYR-41115,0,0,0,0,0,0,0,0,105,6,0
OGLE-LMC-RRLYR-41116,0,0,0,0,0,0,0,0,106,6,0
OGLE-LMC-RRLYR-41117,0,0,0,0,0,0,0,0,107,5,0
OGLE-LMC-RRLYR-41118,0,0,0,23,62,32,3,1,1,1,0
OGLE-LMC-RRLYR-41119,0,0,0,0,0,0,0,0,106,6,0
OGLE-LMC-RRLYR-41120,0,0,0,0,0,0,0,0,106,6,0
OGLE-LMC-RRLYR-41121,0,0,0,0,0,0,0,0,103,6,0
OGLE-LMC-RRLYR-41122,0,0,0,0,0,0,0,0,107,5,0
OGLE-LMC-RRLYR-41123,0,0,0,0,0,0,0,0,105,6,0
OGLE-LMC-RRLYR-41124,0,0,0,0,0,0,0,0,107,5,0
OGLE-LMC-RRLYR-41125,0,0,0,0,0,0,0,0,107,5,0
OGLE-LMC-RRLYR-41126,0,0,0,0,0,0,0,0,106,6,0
OGLE-LMC-RRLYR-41127,0,0,0,0,0,0,0,0,105,6,0
OGLE-LMC-RRLYR-41128,0,0,0,0,0,0,0,0,106,5,0
OGLE-LMC-RRLYR-41129,0,0,0,0,0,0,0,0,105,6,0
OGLE-LMC-RRLYR-41130,0,0,0,0,0,0,0,0,105,6,0
OGLE-LMC-RRLYR-41131,0,0,0,0,0,0,0,0,105,6,0
OGLE-LMC-RRLYR-41132,0,0,0,0,0,0,0,0,106,6,0
OGLE-LMC-RRLYR-41133,0,0,0,0,0,0,0,0,106,6,0
OGLE-LMC-RRLYR-41134,0,0,0,0,0,0,0,0,105,6,0
OGLE-LMC-RRLYR-41135,0,0,0,0,0,0,0,0,106,6,0
OGLE-LMC-RRLYR-41136,0,0,0,0,0,0,0,0,106,6,0
OGLE-LMC-RRLYR-41137,0,0,0,0,0,0,0,0,105,4,0
OGLE-LMC-RRLYR-41138,0,0,0,0,0,0,0,0,94,6,0
OGLE-LMC-RRLYR-41139,0,0,0,0,0,0,0,0,107,5,0
OGLE-LMC-RRLYR-41140,0,0,0,0,0,0,0,0,87,5,0
OGLE-LMC-RRLYR-41141,0,0,0,0,0,0,0,0,101,6,0
OGLE-LMC-RRLYR-41142,0,0,0,0,0,0,0,0,106,6,0
OGLE-LMC-RRLYR-41143,0,0,0,0,0,0,0,0,106,6,0
OGLE-LMC-RRLYR-41144,0,0,0,0,0,0,0,0,105,6,0
OGLE-LMC-RRLYR-41145,0,0,0,0,0,0,0,0,106,6,0
OGLE-LMC-RRLYR-41146,0,0,0,0,0,0,0,0,105,6,0
OGLE-LMC-RRLYR-41147,0,0,0,0,0,0,0,0,104,6,0
OGLE-LMC-RRLYR-41148,0,0,0,0,0,0,0,0,106,6,0
OGLE-LMC-RRLYR-41149,0,0,0,0,0,0,0,0,105,6,0
OGLE-LMC-RRLYR-41150,0,0,0,0,0,0,0,0,106,6,0
OGLE-LMC-RRLYR-41151,0,0,0,0,0,0,0,0,107,5,0
OGLE-LMC-RRLYR-41152,0,0,0,0,0,0,0,0,106,6,0
OGLE-LMC-RRLYR-41153,0,0,0,0,0,0,0,0,105,6,0
OGLE-LMC-RRLYR-41154,0,0,0,0,0,0,0,0,106,6,0
OGLE-LMC-RRLYR-41155,0,0,0,0,0,0,0,0,105,6,0
OGLE-LMC-RRLYR-41156,0,0,0,0,0,0,0,0,106,6,0
OGLE-LMC-RRLYR-41157,0,0,0,0,0,0,0,0,105,6,0
OGLE-LMC-RRLYR-41158,0,0,0,0,0,0,0,0,105,6,0
OGLE-LMC-RRLYR-41159,0,0,0,0,0,0,0,0,105,6,0
OGLE-LMC-RRLYR-41160,0,0,0,0,0,0,0,0,105,6,0
OGLE-LMC-RRLYR-41161,0,0,0,0,0,0,0,0,106,5,0
OGLE-LMC-RRLYR-41162,0,0,0,0,0,0,0,0,105,6,0
OGLE-LMC-RRLYR-41163,0,0,0,0,0,0,0,0,91,5,0
OGLE-LMC-RRLYR-41164,0,0,0,0,0,0,0,0,104,6,0
OGLE-LMC-RRLYR-41165,0,0,0,0,0,0,0,0,107,5,0
OGLE-LMC-RRLYR-41166,0,0,0,0,0,0,0,0,106,6,0
OGLE-LMC-RRLYR-41167,0,0,0,0,0,0,0,0,105,6,0
OGLE-LMC-RRLYR-41168,0,0,0,0,0,0,0,0,105,6,0
OGLE-LMC-RRLYR-41169,0,0,0,0,0,0,0,0,21,6,0
OGLE-LMC-RRLYR-41170,0,0,0,0,0,0,0,0,106,6,0
OGLE-LMC-RRLYR-41171,0,0,0,0,0,0,0,0,105,6,0
OGLE-LMC-RRLYR-41172,0,0,0,0,0,0,0,0,106,6,0
OGLE-LMC-RRLYR-41173,0,0,0,0,0,0,0,0,105,6,0
OGLE-LMC-RRLYR-41174,0,0,0,0,0,0,0,0,21,6,0
OGLE-LMC-RRLYR-41175,0,0,0,0,0,0,0,0,105,6,0
OGLE-LMC-RRLYR-41176,0,0,0,0,0,0,0,0,105,6,0
OGLE-LMC-RRLYR-41177,0,0,0,0,0,0,0,0,106,6,0
OGLE-LMC-RRLYR-41178,0,0,0,0,0,0,0,0,105,6,0
OGLE-LMC-RRLYR-41179,0,0,0,0,0,0,0,0,105,6,0
OGLE-LMC-RRLYR-41180,0,0,0,0,0,0,0,0,105,6,0
OGLE-LMC-RRLYR-41181,0,0,0,0,0,0,0,0,106,6,0
OGLE-LMC-RRLYR-41182,0,0,0,0,0,0,0,0,104,6,0
OGLE-LMC-RRLYR-41183,0,0,0,0,0,0,0,0,104,6,0
OGLE-LMC-RRLYR-41184,0,0,0,0,0,0,0,0,105,6,0
OGLE-LMC-RRLYR-41185,0,0,0,0,0,0,0,0,106,6,0
OGLE-LMC-RRLYR-41186,0,0,0,0,0,0,0,0,39,0,0
OGLE-LMC-RRLYR-41187,0,0,0,34,63,31,4,1,1,1,0
OGLE-LMC-RRLYR-41188,0,0,0,0,0,0,0,0,106,6,0
OGLE-LMC-RRLYR-41189,0,0,0,0,0,0,0,0,106,6,0
OGLE-LMC-RRLYR-41190,0,0,0,0,0,0,0,0,105,6,0
OGLE-LMC-RRLYR-41191,0,0,0,0,0,0,0,0,106,6,0
OGLE-LMC-RRLYR-41192,0,0,0,0,0,0,0,0,106,6,0
OGLE-LMC-RRLYR-41193,0,0,0,0,0,0,0,0,106,6,0
OGLE-LMC-RRLYR-41194,0,0,0,0,0,0,0,0,106,6,0
OGLE-LMC-RRLYR-41195,0,0,0,0,0,0,0,0,106,6,0
OGLE-LMC-RRLYR-41196,0,0,0,0,0,0,0,0,104,6,0
OGLE-LMC-RRLYR-41197,0,0,0,0,0,0,0,0,105,6,0
OGLE-LMC-RRLYR-41198,0,0,0,0,0,0,0,0,106,6,0
OGLE-LMC-RRLYR-41199,0,0,0,0,0,0,0,0,105,6,0
OGLE-LMC-RRLYR-41200,0,0,0,0,0,0,0,0,104,6,0
OGLE-LMC-RRLYR-41201,0,0,0,0,0,0,0,0,105,6,0
OGLE-LMC-RRLYR-41202,0,0,0,0,0,0,0,0,105,4,0
OGLE-LMC-RRLYR-41203,0,0,0,0,0,0,0,0,104,5,0
OGLE-LMC-RRLYR-41204,0,0,0,22,74,29,4,2,0,1,0
OGLE-LMC-RRLYR-41205,0,0,0,21,70,30,2,1,0,1,0
OGLE-LMC-RRLYR-41206,0,107,75,40,23,48,41,37,36,39,37
OGLE-LMC-RRLYR-41207,0,0,0,29,60,47,39,46,37,44,44
OGLE-LMC-RRLYR-41212,0,0,0,30,52,48,37,38,28,44,41
OGLE-LMC-RRLYR-41213,0,0,0,28,51,49,38,38,29,44,41
OGLE-LMC-RRLYR-41215,0,0,0,29,55,48,36,38,12,44,41
OGLE-LMC-RRLYR-41219,4,34,37,29,25,49,39,42,32,42,43
OGLE-LMC-RRLYR-41225,25,106,119,36,42,48,36,38,33,42,42
OGLE-LMC-RRLYR-41227,0,0,0,0,0,0,0,0,18,5,0
OGLE-LMC-RRLYR-41228,0,0,0,27,58,28,5,5,0,0,1
OGLE-LMC-RRLYR-41229,1,30,24,1,3,7,1,0,2,11,3
OGLE-LMC-RRLYR-41232,0,0,0,15,54,8,3,1,0,0,0
OGLE-LMC-RRLYR-41233,41,108,129,53,28,49,36,41,33,38,41
OGLE-LMC-RRLYR-41234,0,0,0,27,54,27,4,5,0,0,1
OGLE-LMC-RRLYR-41235,0,0,0,11,7,20,2,5,0,0,1
OGLE-LMC-RRLYR-41237,0,0,0,10,54,27,5,5,0,0,1
OGLE-LMC-RRLYR-41240,0,0,0,27,57,28,5,5,0,0,0
OGLE-LMC-RRLYR-41241,27,83,83,27,26,46,33,38,30,37,34
OGLE-LMC-RRLYR-41244,0,0,0,18,59,8,3,3,0,0,0
OGLE-LMC-RRLYR-41247,0,0,0,30,61,30,4,4,0,0,0
OGLE-LMC-RRLYR-41249,36,117,129,48,28,46,38,39,12,40,38
OGLE-LMC-RRLYR-41253,37,207,231,84,24,47,55,40,29,38,43
OGLE-LMC-RRLYR-41262,0,0,0,15,2,0,0,0,0,0,10
OGLE-LMC-RRLYR-41267,42,116,128,46,28,47,40,38,30,40,41
OGLE-LMC-RRLYR-41272,8,44,39,31,29,49,38,39,31,43,41
OGLE-LMC-RRLYR-41276,0,0,0,29,54,30,4,4,0,0,0
OGLE-LMC-RRLYR-41280,41,115,126,45,28,47,38,38,31,40,41
OGLE-LMC-RRLYR-41283,1,2,10,1,0,11,0,0,6,24,18
OGLE-LMC-RRLYR-41290,1,112,122,53,30,41,36,36,24,22,40
OGLE-LMC-RRLYR-41291,39,191,235,87,54,64,37,37,25,70,12
OGLE-LMC-RRLYR-41293,6,19,6,5,0,20,1,1,1,6,3
OGLE-LMC-RRLYR-41302,40,202,231,78,24,45,39,40,29,38,82
OGLE-LMC-RRLYR-41303,6,39,40,33,30,51,33,39,26,42,36
OGLE-LMC-RRLYR-41312,0,0,0,31,60,28,4,4,0,0,0
OGLE-LMC-RRLYR-41313,0,0,0,31,59,28,4,4,0,0,0
OGLE-LMC-RRLYR-41315,7,108,138,45,31,50,35,40,26,40,38
OGLE-LMC-RRLYR-41316,5,33,34,31,27,45,34,36,28,38,39
OGLE-LMC-RRLYR-41324,40,131,141,47,32,52,35,38,26,41,41
OGLE-LMC-RRLYR-41326,5,32,33,31,26,45,34,35,27,38,38
OGLE-LMC-RRLYR-41328,7,38,41,31,31,50,34,36,27,41,39
OGLE-LMC-RRLYR-41330,0,0,0,31,54,28,4,4,0,0,0
OGLE-LMC-RRLYR-41333,0,0,0,31,54,28,4,6,0,0,0
OGLE-LMC-RRLYR-41341,0,0,0,32,57,28,6,6,0,0,0
OGLE-LMC-RRLYR-41342,0,0,0,0,0,0,0,0,107,5,0
OGLE-LMC-RRLYR-41346,0,0,0,0,0,0,0,0,50,1,0
OGLE-LMC-RRLYR-41347,0,0,0,0,0,0,0,0,105,6,0
OGLE-LMC-RRLYR-41349,0,0,0,0,0,0,0,0,105,6,0
OGLE-LMC-RRLYR-41353,0,0,0,18,57,27,3,6,0,0,0
OGLE-LMC-RRLYR-41355,0,0,0,0,0,0,0,0,106,5,0
OGLE-LMC-RRLYR-41356,0,0,0,0,0,0,0,0,107,5,0
OGLE-LMC-RRLYR-41357,0,0,0,34,63,32,3,1,1,1,2
OGLE-LMC-RRLYR-41358,0,0,0,22,69,29,4,2,0,1,1
OGLE-LMC-RRLYR-41359,0,0,0,22,72,30,2,1,0,1,2
OGLE-LMC-RRLYR-41360,0,0,0,6,6,8,0,0,0,1,0
OGLE-LMC-RRLYR-41361,0,0,0,20,69,30,2,1,0,1,2
OGLE-LMC-RRLYR-41362,0,0,0,27,64,42,10,11,0,1,2
OGLE-LMC-RRLYR-41363,0,0,0,27,59,42,10,11,0,1,2
OGLE-LMC-RRLYR-41364,0,107,94,60,38,45,40,44,15,41,42
OGLE-LMC-RRLYR-41365,0,0,0,29,58,46,39,42,34,42,42
OGLE-LMC-RRLYR-41366,0,0,0,11,38,32,29,33,26,23,13
OGLE-LMC-RRLYR-41367,0,0,0,5,22,0,1,11,0,0,0
OGLE-LMC-RRLYR-41368,0,0,0,26,61,43,40,43,37,44,40
OGLE-LMC-RRLYR-41369,0,0,0,28,59,46,36,45,34,41,41
OGLE-LMC-RRLYR-41370,0,0,0,30,60,46,37,46,34,43,40
OGLE-LMC-RRLYR-41371,0,0,0,30,58,45,36,45,33,39,41
OGLE-LMC-RRLYR-41372,0,0,0,10,0,0,0,1,0,0,0
OGLE-LMC-RRLYR-41373,0,0,0,0,0,0,0,0,106,5,0
OGLE-LMC-RRLYR-41374,0,0,0,29,52,48,38,41,29,44,41
OGLE-LMC-RRLYR-41376,0,0,0,9,5,0,1,0,1,1,0
OGLE-LMC-RRLYR-41377,0,0,0,11,3,20,2,3,0,0,1
OGLE-LMC-RRLYR-41378,0,0,0,14,2,19,0,0,12,15,26
OGLE-LMC-RRLYR-41379,25,104,120,45,28,48,35,35,32,42,41
OGLE-LMC-RRLYR-41380,0,0,0,29,53,48,36,36,31,44,39
OGLE-LMC-RRLYR-41381,8,55,53,28,27,7,12,11,12,11,7
OGLE-LMC-RRLYR-41382,22,104,132,47,29,49,38,40,32,44,40
OGLE-LMC-RRLYR-41383,0,0,0,30,51,48,36,39,29,44,41
OGLE-LMC-RRLYR-41384,24,108,134,41,31,50,38,42,34,45,41
OGLE-LMC-RRLYR-41385,24,107,134,48,29,50,36,42,34,44,41
OGLE-LMC-RRLYR-41386,0,0,0,27,55,22,5,5,0,0,1
OGLE-LMC-RRLYR-41387,24,105,128,45,25,48,36,38,33,40,36
OGLE-LMC-RRLYR-41388,5,35,35,31,29,46,34,38,29,39,38
OGLE-LMC-RRLYR-41389,23,107,133,47,30,50,38,43,34,45,41
OGLE-LMC-RRLYR-41390,0,19,11,1,0,2,0,0,2,1,0
OGLE-LMC-RRLYR-41391,4,36,36,10,11,49,20,13,26,41,41
OGLE-LMC-RRLYR-41392,40,106,125,48,28,48,35,40,32,42,41
OGLE-LMC-RRLYR-41393,0,0,0,27,58,28,5,5,0,0,1
OGLE-LMC-RRLYR-41394,0,19,10,0,1,1,0,0,2,3,0
OGLE-LMC-RRLYR-41395,39,108,122,47,26,49,33,39,30,41,39
OGLE-LMC-RRLYR-41396,0,0,0,27,58,28,5,5,0,0,1
OGLE-LMC-RRLYR-41397,0,0,0,27,57,28,5,5,0,0,1
OGLE-LMC-RRLYR-41398,1,18,13,21,1,41,19,28,22,30,33
OGLE-LMC-RRLYR-41400,0,14,1,0,0,2,0,0,2,2,0
OGLE-LMC-RRLYR-41401,5,40,40,29,28,48,36,41,31,42,43
OGLE-LMC-RRLYR-41402,0,0,0,30,60,30,4,4,0,0,0
OGLE-LMC-RRLYR-41403,0,0,0,29,56,30,4,3,0,0,0
OGLE-LMC-RRLYR-41404,29,240,258,42,28,47,41,40,30,58,45
OGLE-LMC-RRLYR-41405,0,0,0,27,58,30,4,3,0,0,0
OGLE-LMC-RRLYR-41406,36,196,219,40,28,46,52,40,29,38,42
OGLE-LMC-RRLYR-41407,35,195,227,81,28,45,40,40,28,37,42
OGLE-LMC-RRLYR-41408,0,15,5,1,0,2,0,0,2,4,0
OGLE-LMC-RRLYR-41409,0,0,0,30,59,30,4,4,0,0,0
OGLE-LMC-RRLYR-41410,5,33,32,32,27,48,35,36,28,38,39
OGLE-LMC-RRLYR-41411,0,0,0,30,60,30,4,4,0,0,0
OGLE-LMC-RRLYR-41412,0,0,0,29,57,29,4,4,0,0,0
OGLE-LMC-RRLYR-41413,36,204,230,175,55,46,40,40,29,39,43
OGLE-LMC-RRLYR-41414,0,19,6,1,0,2,0,0,2,4,0
OGLE-LMC-RRLYR-41415,4,39,40,29,28,46,37,41,32,42,42
OGLE-LMC-RRLYR-41416,36,203,226,172,53,47,41,39,29,39,43
OGLE-LMC-RRLYR-41417,28,118,128,47,30,46,34,40,12,40,40
OGLE-LMC-RRLYR-41418,24,186,208,79,27,38,34,27,23,38,39
OGLE-LMC-RRLYR-41419,35,199,226,91,27,44,41,39,27,37,40
OGLE-LMC-RRLYR-41420,35,203,223,164,54,46,39,40,29,39,42
OGLE-LMC-RRLYR-41421,5,33,32,31,29,48,34,37,27,39,39
OGLE-LMC-RRLYR-41423,31,182,205,157,49,44,38,27,8,26,31
OGLE-LMC-RRLYR-41424,0,0,0,30,54,30,4,4,0,0,0
OGLE-LMC-RRLYR-41425,0,0,0,19,18,0,0,3,0,0,0
OGLE-LMC-RRLYR-41426,0,7,7,22,32,2,2,1,2,1,3
OGLE-LMC-RRLYR-41427,35,188,213,174,53,46,41,39,28,39,43
OGLE-LMC-RRLYR-41428,0,0,0,12,54,30,4,3,0,0,0
OGLE-LMC-RRLYR-41429,5,34,32,27,26,44,33,24,17,12,10
OGLE-LMC-RRLYR-41430,0,0,0,18,22,0,1,3,0,0,0
OGLE-LMC-RRLYR-41431,0,0,0,18,40,30,2,2,0,0,0
OGLE-LMC-RRLYR-41432,33,105,122,44,42,41,29,39,23,38,39
OGLE-LMC-RRLYR-41433,22,163,202,72,43,52,24,34,25,62,40
OGLE-LMC-RRLYR-41434,5,41,38,30,29,49,39,38,32,43,42
OGLE-LMC-RRLYR-41435,33,180,219,84,49,61,36,39,26,68,37
OGLE-LMC-RRLYR-41436,38,79,83,20,7,46,34,32,24,36,34
OGLE-LMC-RRLYR-41437,41,114,125,42,29,45,38,38,30,40,39
OGLE-LMC-RRLYR-41438,44,113,121,30,29,46,38,38,30,38,40
OGLE-LMC-RRLYR-41439,0,0,0,30,53,30,4,4,0,0,0
OGLE-LMC-RRLYR-41440,38,193,230,54,53,64,39,41,28,71,43
OGLE-LMC-RRLYR-41441,0,0,0,12,34,4,1,1,0,0,0
OGLE-LMC-RRLYR-41442,38,198,223,104,28,64,40,37,55,65,42
OGLE-LMC-RRLYR-41443,0,0,0,29,52,30,4,4,0,0,0
OGLE-LMC-RRLYR-41444,38,165,204,45,48,58,37,29,26,68,41
OGLE-LMC-RRLYR-41445,0,0,0,29,54,30,4,4,0,0,0
OGLE-LMC-RRLYR-41446,0,0,0,20,3,19,2,2,0,0,0
OGLE-LMC-RRLYR-41447,33,148,207,86,18,55,31,26,42,51,37
OGLE-LMC-RRLYR-41448,0,0,0,6,5,0,0,1,0,0,0
OGLE-LMC-RRLYR-41449,5,34,33,31,29,45,34,35,28,39,36
OGLE-LMC-RRLYR-41451,0,0,0,9,30,0,1,3,1,0,0
OGLE-LMC-RRLYR-41452,40,196,235,87,48,67,41,41,28,72,39
OGLE-LMC-RRLYR-41453,35,169,191,72,22,44,36,37,68,37,38
OGLE-LMC-RRLYR-41454,0,0,0,18,64,33,4,5,0,1,72
OGLE-LMC-RRLYR-41455,5,34,32,31,28,46,34,36,29,39,39
OGLE-LMC-RRLYR-41457,38,189,217,37,25,41,41,41,28,37,40
OGLE-LMC-RRLYR-41459,0,0,0,19,66,33,4,5,0,1,71
OGLE-LMC-RRLYR-41460,1,15,5,13,0,2,0,0,0,0,1
OGLE-LMC-RRLYR-41461,40,216,221,91,28,64,38,40,29,110,41
OGLE-LMC-RRLYR-41462,6,39,42,18,31,61,33,40,27,41,38
OGLE-LMC-RRLYR-41463,5,37,41,32,28,50,34,41,27,42,38
OGLE-LMC-RRLYR-41464,39,199,223,86,28,62,37,39,28,39,41
OGLE-LMC-RRLYR-41466,0,0,0,7,8,0,0,1,0,0,0
OGLE-LMC-RRLYR-41467,39,197,221,75,25,45,37,39,29,38,80
OGLE-LMC-RRLYR-41468,40,221,228,95,28,65,39,40,29,114,42
OGLE-LMC-RRLYR-41469,7,40,43,33,31,50,35,42,27,43,38
OGLE-LMC-RRLYR-41470,6,39,42,20,27,61,35,32,27,42,37
OGLE-LMC-RRLYR-41471,37,181,198,60,25,39,34,34,25,36,66
OGLE-LMC-RRLYR-41472,0,0,0,31,60,28,4,4,0,0,0
OGLE-LMC-RRLYR-41473,5,32,32,30,28,46,34,36,29,39,39
OGLE-LMC-RRLYR-41474,0,185,219,76,28,45,38,37,28,34,40
OGLE-LMC-RRLYR-41475,0,0,0,11,18,0,0,3,0,0,0
OGLE-LMC-RRLYR-41476,40,219,221,92,27,64,38,40,29,113,40
OGLE-LMC-RRLYR-41477,32,198,224,67,23,45,38,39,29,38,42
OGLE-LMC-RRLYR-41478,0,204,215,90,26,60,37,36,27,106,42
OGLE-LMC-RRLYR-41479,0,0,0,31,55,28,4,4,0,0,0
OGLE-LMC-RRLYR-41480,26,219,226,95,27,65,39,40,29,114,42
OGLE-LMC-RRLYR-41481,31,197,203,87,25,58,34,38,27,108,10
OGLE-LMC-RRLYR-41482,25,207,206,82,26,61,37,36,26,106,38
OGLE-LMC-RRLYR-41483,0,0,0,30,54,28,4,4,0,0,0
OGLE-LMC-RRLYR-41484,33,118,120,17,21,38,28,31,4,25,33
OGLE-LMC-RRLYR-41485,0,0,0,26,56,19,4,3,0,0,0
OGLE-LMC-RRLYR-41486,0,0,0,0,0,0,0,0,104,5,0
OGLE-LMC-RRLYR-41488,5,32,32,31,27,46,33,36,29,37,39
OGLE-LMC-RRLYR-41489,11,91,105,18,8,29,17,12,9,34,27
OGLE-LMC-RRLYR-41490,0,0,0,31,56,26,4,4,0,0,0
OGLE-LMC-RRLYR-41491,0,8,1,1,1,0,0,0,0,1,0
OGLE-LMC-RRLYR-41492,39,123,135,43,32,67,35,39,27,41,39
OGLE-LMC-RRLYR-41493,37,125,132,45,31,66,34,39,26,39,39
OGLE-LMC-RRLYR-41494,36,132,129,43,28,47,35,38,26,41,36
OGLE-LMC-RRLYR-41495,5,32,33,31,26,45,33,34,28,38,39
OGLE-LMC-RRLYR-41496,39,199,227,82,104,72,39,40,29,38,42
OGLE-LMC-RRLYR-41498,23,198,227,82,104,71,39,40,29,38,42
OGLE-LMC-RRLYR-41499,0,0,0,31,61,28,4,4,0,0,0
OGLE-LMC-RRLYR-41500,7,39,38,30,30,46,32,36,25,40,35
OGLE-LMC-RRLYR-41502,0,15,3,1,2,1,0,0,1,1,0
OGLE-LMC-RRLYR-41503,0,0,0,31,61,28,4,4,0,0,0
OGLE-LMC-RRLYR-41504,0,14,2,1,0,1,0,0,1,1,0
OGLE-LMC-RRLYR-41505,0,0,0,0,0,0,0,0,106,5,0
OGLE-LMC-RRLYR-41506,1,38,40,31,30,49,34,38,27,40,38
OGLE-LMC-RRLYR-41507,5,33,34,31,28,45,34,36,29,39,39
OGLE-LMC-RRLYR-41508,0,0,0,31,59,28,4,3,0,0,0
OGLE-LMC-RRLYR-41509,35,140,144,43,28,47,33,39,26,42,36
OGLE-LMC-RRLYR-41510,7,38,41,30,31,49,34,37,27,41,37
OGLE-LMC-RRLYR-41511,0,0,0,31,61,28,4,4,0,0,0
OGLE-LMC-RRLYR-41512,0,0,0,30,67,28,3,4,0,0,0
OGLE-LMC-RRLYR-41513,0,0,0,31,55,28,4,4,0,0,0
OGLE-LMC-RRLYR-41514,35,138,136,44,28,49,33,38,27,41,35
OGLE-LMC-RRLYR-41515,0,0,0,31,54,28,4,6,0,0,0
OGLE-LMC-RRLYR-41516,5,33,33,30,23,44,31,36,27,37,35
OGLE-LMC-RRLYR-41517,0,0,0,0,0,0,0,0,108,9,0
OGLE-LMC-RRLYR-41518,38,131,171,45,33,51,38,39,29,42,36
OGLE-LMC-RRLYR-41519,0,0,0,19,24,27,1,5,0,0,0
OGLE-LMC-RRLYR-41520,0,0,0,0,0,0,0,0,21,0,0
OGLE-LMC-RRLYR-41521,5,9,7,19,23,6,25,33,1,0,14
OGLE-LMC-RRLYR-41522,0,0,0,0,0,0,0,0,19,5,0
OGLE-LMC-RRLYR-41523,0,0,0,0,0,0,0,0,19,5,0
OGLE-LMC-RRLYR-41524,0,0,0,0,0,0,0,0,9,4,0
OGLE-LMC-RRLYR-41525,0,45,67,32,36,53,36,38,26,42,35
OGLE-LMC-RRLYR-41526,0,47,65,30,33,52,34,35,27,42,35
OGLE-LMC-RRLYR-41527,0,0,0,0,0,0,0,0,105,5,0
OGLE-LMC-RRLYR-41528,22,129,141,42,29,47,35,33,12,32,6
OGLE-LMC-RRLYR-41529,0,47,68,33,35,52,37,39,9,41,35
OGLE-LMC-RRLYR-41530,0,0,0,0,0,0,0,0,19,4,0
OGLE-LMC-RRLYR-41531,0,0,0,0,0,0,0,0,19,1,0
OGLE-LMC-RRLYR-41532,0,0,0,29,53,28,4,6,0,0,0
OGLE-LMC-RRLYR-41533,0,44,69,30,41,54,37,38,25,42,32
OGLE-LMC-RRLYR-41534,38,132,144,44,33,47,35,39,27,42,37
OGLE-LMC-RRLYR-41535,0,0,0,0,0,0,0,0,89,5,0
OGLE-LMC-RRLYR-41536,0,0,0,0,0,0,0,0,107,5,0
OGLE-LMC-RRLYR-41537,0,0,0,0,0,0,0,0,21,5,0
OGLE-LMC-RRLYR-41538,0,0,0,0,0,0,0,0,106,5,0
OGLE-LMC-RRLYR-41539,0,0,0,0,0,0,0,0,108,5,0
OGLE-LMC-RRLYR-41540,0,44,67,13,38,54,37,38,24,41,35
OGLE-LMC-RRLYR-41541,0,0,0,0,0,0,0,0,21,5,0
OGLE-LMC-RRLYR-41542,0,43,64,32,47,51,35,37,24,42,35
OGLE-LMC-RRLYR-41543,0,0,0,0,0,0,0,0,38,1,0
OGLE-LMC-RRLYR-41544,0,42,68,32,46,50,36,37,24,42,35
OGLE-LMC-RRLYR-41545,4,33,36,28,36,44,32,36,29,38,35
OGLE-LMC-RRLYR-41546,0,0,0,0,0,0,0,0,107,5,0
OGLE-LMC-RRLYR-41547,0,0,0,0,0,0,0,0,105,5,0
OGLE-LMC-RRLYR-41548,0,0,0,0,0,0,0,0,107,5,0
OGLE-LMC-RRLYR-41549,0,0,0,0,0,0,0,0,20,6,0
OGLE-LMC-RRLYR-41550,0,0,0,18,62,35,3,1,1,1,4
OGLE-LMC-RRLYR-41551,0,0,0,32,57,33,3,1,1,1,3
OGLE-LMC-RRLYR-41552,0,0,0,23,59,34,2,1,1,1,3
OGLE-LMC-RRLYR-41553,0,0,0,29,61,34,3,1,1,0,4
OGLE-LMC-RRLYR-41554,0,0,0,21,10,7,0,0,1,0,1
OGLE-LMC-RRLYR-41555,0,0,0,0,0,0,0,0,24,2,0
OGLE-LMC-RRLYR-41556,0,0,0,22,71,35,3,1,1,1,4
OGLE-LMC-RRLYR-41557,0,0,0,32,59,32,3,1,1,1,2
OGLE-LMC-RRLYR-41559,0,0,0,21,72,29,3,2,0,1,1
OGLE-LMC-RRLYR-41560,0,0,0,9,49,19,2,1,0,1,0
