ogle_id,tier,P_orb_yr,A_s,diff_2017_s,diff_2018_s,diff_2019_s,snr
OGLE-LMC-RRLYR-03269,1,14.484693164512287,1323.6994676085815,-1947.3450814419405,-2566.8464846949973,-2473.157891034632,31.24380525222082
OGLE-LMC-RRLYR-10449,1,11.463475795059068,1176.4446469122702,354.12154475193455,1275.1225572705125,2156.9296123678464,19.465771745769448
OGLE-LMC-RRLYR-22630,1,7.900582668319262,1379.1733511957398,-469.9568672708076,-1488.7972038979249,-1433.918064342771,16.306055046036313
OGLE-LMC-RRLYR-15158,1,8.508526214646398,1195.4836063442815,794.9389411578732,990.2432519599386,102.91913238639623,9.800078390075814
OGLE-LMC-RRLYR-16187,1,5.736685233735625,752.9760357179206,-447.06147796741317,-979.078130779202,-593.3653055855756,9.454157024134524
OGLE-LMC-RRLYR-09642,1,5.387328965771498,803.6082048908537,-139.83101701408174,-818.3174208427591,-872.816951952039,9.265976275737582
OGLE-LMC-RRLYR-05821,1,7.54632297556732,393.8091373512662,-128.71050861095003,-571.8402974645742,-830.9388738151587,7.822086514904754
OGLE-LMC-RRLYR-17610,1,9.240795386100448,353.0909566627993,572.1359720044197,526.7553036701295,428.0848531569254,6.828704477911838
OGLE-LMC-RRLYR-11538,1,13.791934990967482,936.6213244891227,568.5736251984372,254.67549094312272,-162.16503819943364,4.952036653351062
OGLE-LMC-RRLYR-16750,1,5.393960064181603,461.4921485102308,-17.921122168135906,345.0982377118512,435.4217815421654,4.276024311576343
OGLE-LMC-RRLYR-16755,1,7.977421680122569,607.644100867939,-291.5396323351433,55.99715226729431,411.4670995839616,3.902936326901305
OGLE-LMC-RRLYR-06521,2,10.492915052870874,1392.8234754816924,-2296.441697927022,-2508.3746039511757,-2523.606162438069,32.57597009669645
OGLE-LMC-RRLYR-11055,2,12.33638705871576,1442.5183198712675,703.4634250369495,1577.5817193016883,2332.857512445168,22.32870236706842
OGLE-LMC-RRLYR-05817,2,8.572414145068473,1185.5199302485296,-1803.7507679918226,-1685.4688779063304,-1373.2232270553232,21.730005708501047
OGLE-LMC-RRLYR-15587,2,10.686340900680328,1004.6304512409695,-846.2395028552438,-1465.4289082968673,-2081.268546306625,20.63386362285349
OGLE-LMC-RRLYR-13854,2,12.655025640650043,1476.188267676204,-386.8829905683359,-1225.2471782785776,-1951.0837546945795,17.9704506206467
OGLE-LMC-RRLYR-15551,2,7.592421619360735,736.1880392013712,1092.4486647664062,1471.381859061877,1016.4228499781872,16.1199719380364
OGLE-LMC-RRLYR-07957,2,6.150187357552612,2027.6569521929318,317.9392531357046,-959.0071728472454,-1511.136174124828,13.982898817821809
OGLE-LMC-RRLYR-01548,2,7.313814884813176,912.4927261546123,664.3089982645065,-55.93734600931954,-958.4253466199347,8.980631943926124
OGLE-LMC-RRLYR-15201,2,8.13420575810922,398.86189570618416,704.9561054018021,527.0017214582256,395.3316054116244,7.422104373119248
OGLE-LMC-RRLYR-19535,2,9.047437111578663,811.7850941201278,-116.00174590844397,-554.4564163067051,-700.8952649714134,6.932184159748243
OGLE-LMC-RRLYR-17780,2,11.529498790519348,483.065355054432,108.64134454896445,380.1757206544771,777.3731495348401,6.708845763291742
OGLE-LMC-RRLYR-16628,2,4.277834341313735,736.0609793458443,-370.52486401811996,-576.8957799118499,376.28763253879447,6.0162000142681755
OGLE-LMC-RRLYR-08601,2,5.969331555385478,552.1159442512077,-705.6483871979043,-299.4095220086965,129.04748181290807,5.979446852505408
OGLE-LMC-RRLYR-11166,2,4.058635789474256,563.335580783169,184.4932830917944,206.85443584420415,-677.2705716470142,5.629181976544937
OGLE-LMC-RRLYR-03594,2,8.823785683399702,427.46125044644174,342.3135614894941,298.0905745568925,164.3316715506681,3.713412944699914
OGLE-LMC-RRLYR-13392,2,7.733712439132648,359.7123202227764,-327.5494272603742,-181.74997532667786,134.88996099023777,3.062630095348542
OGLE-LMC-RRLYR-08205,2,13.802293901317922,426.19282579368524,265.29166327727125,149.33630857352904,19.03296226169351,2.3463840153835855
