ogle_id,has_M,bands,n_season,D,D_2h,dD_harm2,P_best,amp_s,amp_2h_s,err_med_s,jit0_s,alpha_chi2nu,coh_chi2nu,pred_score,alias_dD,fM,M2min,K1_kms,snr_tot,s_gp_s,A_gp_s,ell_gp_d,err_msg,P_kep,A_kep_s,e_kep,omega_kep,tp_kep,chi2_kep,chi2_circ,n,dBIC_ecc,P_circ,A_circ_s,fM_kep,M2min_kep,K1_kep,chi2nu_kep,P_p16,P_p50,P_p84,A_s_p16,A_s_p50,A_s_p84,e_p16,e_p50,e_p84,fM_p16,fM_p50,fM_p84,K1_p16,K1_p50,K1_p84,flag_crowded,n_gaia_within,pct_sigma_all,ruwe,dGI,V,dv_2027_2030,rank,flags,e_at_bound,baseline,tier
OGLE-LMC-RRLYR-11538,True,IMBMR,30,94.52277181783435,98.15372304562138,3.6309512277870226,4956.758769007014,895.7383216125521,913.1668186174164,106.76264872277366,545.4799925170333,0.8563327001734037,0.9221000772994684,14.408644658532388,64.47678436949298,0.0314072994386687,0.3062336224815497,3.939763931322255,1.6115336732231842,57.14581287817057,1170.5812127606357,1500.0,,5037.5041933989805,936.6211334384004,0.207626216693225,3.896889835510625,4146.780692376772,25.08619664651966,30.41880294954279,30.0,-1.4697884603011817,5022.369442914505,898.1505156442579,0.0347651185918044,0.3197599505418973,4.143850183767931,1.254309832325983,4998.7381732682725,5036.648144624052,5108.592941089716,891.9438468205308,938.7537319679452,981.1734326054398,0.1361489913360635,0.2094595090568446,0.2822361615756272,0.0296439600215321,0.0350405048389353,0.0398782956978753,3.8891719775954585,4.154502746291117,4.36593059871363,False,1,0.1778584392014519,0.9921488,-0.1457490539550789,19.601,4.637653807039847,14,,False,8391.427341999837,1
OGLE-LMC-RRLYR-10449,True,IMBMR,30,95.06101727237726,105.69044567481134,10.629428402434089,4433.083332909972,1136.3870185738467,2912.882427593278,118.20700145420216,735.2256687882968,0.7999666988758928,0.7602993363625034,5.719219529410097,77.52783156315951,0.0801769810874795,0.4631461018437584,5.588653675151077,1.526032793223538,32.34314484613545,2535.428924464861,1500.0,,4187.034576909822,1176.4446404321486,0.1493039437082823,-0.8363863160495651,3769.455634143614,17.94372325500223,22.773434889158437,30.0,-1.9726831291681035,4252.8647260533135,1156.122336387734,0.0997204179838752,0.5127721746997683,6.195082849950988,0.8971861627501114,4140.032542387448,4181.319014176643,4233.973584835701,1132.375446861317,1161.9426788983394,1186.9978982736145,0.1078059028455933,0.1529651366834204,0.2124101258023333,0.0890484072199043,0.0961350920478934,0.1026908189649125,5.914747098394794,6.122433421064626,6.36178526051297,False,2,0.4249848759830611,1.0770451,-0.0555865783691409,19.438,9.987287246486268,25,,False,8370.54605030923,1
OGLE-LMC-RRLYR-09642,True,IMBMR,30,74.69717793149775,91.89376899896313,17.196591067465363,1961.667264992136,759.6283209906137,779.1017516587343,117.00448709990324,491.0707072377918,0.627019549506601,0.7978613373698117,6.931691942233833,40.315294492402245,0.1223025332159529,0.5652782980761952,8.442335982352127,1.5047589417691856,62.62786288751119,1282.8761373604357,700.0,,1967.721987269832,803.6086257635608,0.3440535448753341,5.804478424412624,1046.7164827254733,20.84531799154268,33.61025616182764,30.0,5.962543406960648,1964.8276083117348,760.5473010242424,0.1439093430330805,0.6119676776874869,9.482551282330473,1.042265899577134,1957.857742382908,1966.5767221160777,1975.0299848558268,774.1773602117308,815.7604487602542,857.7204466615052,0.2889595318120284,0.385295924809457,0.4613303922272636,0.1290172448781251,0.1511497824494689,0.1758624259833333,8.995904704484792,9.790608978681297,10.788828506001268,False,1,0.7222474289171203,1.0295038,-0.0789116210937486,19.227,18.29533061546112,29,,False,8389.335279603169,1
OGLE-LMC-RRLYR-05821,True,IMBMR,33,64.54974337270164,70.04904197988981,5.499298607188166,2696.1325313680663,377.13722282198546,391.1057698920068,99.40874371398915,231.26620520630652,1.2390784820960803,0.9378850774493008,9.15817650468844,40.364642504582264,0.0079231599074512,0.1754217375014884,3.049614829769673,1.4982031904892346,38.04316538976758,398.3526863307248,700.0,,2756.296513687712,393.8078264615067,0.2144491456244507,2.352966580996939,2424.8425680989917,25.33673533889264,29.18154542331692,33.0,-3.148205038508685,2746.6841577974833,388.39406177712254,0.0086314519185578,0.1813661221710444,3.1891020484674786,1.101597188647506,2728.8636120019614,2754.9339570512057,2770.2762295179873,370.8370921116803,400.0583027936446,421.4025070080199,0.1454200997283991,0.2395877658808688,0.3410247711851351,0.007218723476988,0.00910738015121,0.0106615940829155,3.0563217941086713,3.2553112898409458,3.505093334190345,False,1,0.7617211131276467,0.91770977,0.1608546142578113,19.466,4.205107846356751,31,,False,8345.886344037783,1
OGLE-LMC-RRLYR-15158,True,IMBMR,30,48.579464643712186,66.011398763236,17.431934119523817,3122.3163655564076,1123.1034284775285,1175.5232451937472,221.7128715979765,764.3890275587669,1.2702248717366336,0.7887827511527141,8.950148621042878,22.519028028459672,0.1560228283722239,0.6369466941862083,7.842051253638941,1.4111219536310902,232.15712228538243,1242.6450286845566,700.0,,3107.7424728650335,1195.4788387561214,0.4698012468492818,2.6780686888993253,2552.553078893969,22.177913102218795,35.24670606640626,30.0,6.266398200863158,3145.862107526638,1116.5994996809272,0.1899408297798102,0.7032873151801614,9.500250172814232,1.1088956551109397,3074.8693553229773,3113.11340042137,3142.2084395461575,1157.7130319569208,1234.5861437565486,1319.1776286394258,0.3877033945286383,0.4834577139441938,0.5943137153142899,0.1721838246063036,0.2094987325108463,0.253329309820539,8.826372274486461,10.038750652914205,11.406659753472336,False,1,0.271551724137931,0.99392897,0.0511467590332017,19.491,16.36505198953858,39,,False,8381.421500449,1
OGLE-LMC-RRLYR-16187,True,IMBMR,30,67.21526857620236,71.97494017754943,4.7596716013470655,2057.281200941607,699.3036425572493,730.5394594612018,168.78979036641937,478.026240200494,0.4748741995148349,0.4504153418302407,11.17744871324443,39.593679154540155,0.0867546484614407,0.4803732763838382,7.410695377580312,1.3794310784635688,46.1833273089584,946.0244341242555,700.0,,2095.32514229058,752.9754607031258,0.2759477414335842,-0.5504950559471345,410.9932734000274,23.463693634545823,28.288042471553155,30.0,-1.9780459263169805,2093.6237358239096,701.9194643638225,0.1044052453898527,0.5240370179017508,8.15107384035877,1.173184681727291,2081.56153292083,2099.0890039601304,2116.847269663134,718.2855232907664,769.2965714277718,818.737921650288,0.2022681036619061,0.2899660217527252,0.4070216344322919,0.0919106880131636,0.1113692091832154,0.1316999575416697,7.701972191330651,8.413207338479353,9.227563130013609,False,2,0.3885359951603145,1.0136712,0.024439407348634,19.241,11.346865933012054,43,,False,8389.133444186711,1
OGLE-LMC-RRLYR-03269,True,IMBMR,33,86.16956231385365,105.25370335842138,19.08414104456773,4952.6969235254,986.054720945094,1294.362914968499,165.79670267325565,695.8528348569366,1.2506824162417156,0.7695326482195292,2.7198705958085014,73.96873933562335,0.0419664509916832,0.3467587745434357,4.340563289632858,1.378457654749151,45.36437523669316,1817.850227666514,1500.0,,5290.537052355292,1323.700256973265,0.5285158363660404,-2.239195882732631,2946.443796862396,14.461938943343949,32.94001704573316,33.0,11.485062979456243,4943.007628068418,984.7903366410108,0.0889717508782883,0.4860521852041272,6.425518750998887,0.6287799540584326,5086.230567881893,5325.064554226305,5582.081023069189,1272.7246902364564,1344.62860894849,1454.2910443877304,0.4671903399331653,0.5314713732397036,0.6032806796090652,0.0808534619989954,0.0922856911596055,0.1079468832588219,5.9782878412698945,6.446120342780652,7.15535779750305,False,1,0.5632940108892922,1.0694971,-0.0646239929199197,19.468,6.359579206542784,44,,False,8366.757160147117,1
OGLE-LMC-RRLYR-16750,True,IMBMR,27,43.59835382684955,52.05607376152048,8.457719934670934,1943.9954475104296,443.24072497613633,519.6378704451243,91.41229930277773,315.157879952329,1.080405884290396,1.1646731627408922,11.4805711712165,22.924964284188604,0.02474065429297,0.2770348730909688,4.970856680984318,1.3507367810243214,68.43570141875614,1002.2748728999854,700.0,,1970.1359238904197,461.4870086867344,0.283022507963249,3.4258484161383116,1349.8208087422995,19.24440741911899,21.656837632556993,27.0,-4.179243518570651,1980.9762491528372,451.676047477504,0.0271874676309395,0.2881659783293788,5.324517021520195,1.1320239658305289,1954.5874733675264,1972.1942169746037,1986.4687726466489,441.52545158002266,474.4602885609379,526.3344387168081,0.2044979361608762,0.3114535938316014,0.5076152081401325,0.0234943644725683,0.0292199278129052,0.040181947185472,5.005291857653884,5.531996255820912,6.665921648023119,False,1,0.749395039322444,1.1490303,0.0052673797607418,19.251,7.0838150938470354,52,,False,8351.346288755798,1
OGLE-LMC-RRLYR-16755,True,IMBMR,35,47.918925825374686,56.11079295279353,8.191867127418845,2934.010048718055,427.6153459694609,512.6530574439705,106.77710066906944,302.40132333560706,1.4917261736643073,0.907445769543166,8.452570533020381,22.41656591614202,0.0097525761908426,0.1902435332075178,3.177448456910767,1.3333849472460402,0.0,598.4588642393488,700.0,,2913.7513199730993,607.6380499917142,0.5699086160495433,-2.7215477097005096,1701.0950231542306,27.10046576834569,33.72163230455081,35.0,-0.4895295867737133,2914.632006440923,431.0593784929343,0.0283734806932487,0.293378418477983,5.533013746468583,1.0840186307338275,2860.9329531196154,2913.093221586764,2960.1724236984683,541.7251872826865,676.8620013055956,1271.3541498859877,0.4767234321462768,0.6562368791263332,0.9338953140626128,0.0200534104235964,0.0382316644505786,0.2722582218077106,4.7095534918295,6.789852076541459,26.5917935551802,False,1,0.7851633393829401,1.1017929,-0.1627627868652332,19.157,4.274676330299884,56,,False,8445.995518389176,1
OGLE-LMC-RRLYR-17610,True,IMBMR,34,63.01895078973462,74.59935073910725,11.580399949372634,3343.1155626398804,349.7005843762753,328.7997915402898,88.06454360614786,249.4058591081379,1.208636496931598,0.9378847954414308,12.769983467875612,52.68371734205482,0.0041083647463657,0.1364607308739889,2.2805090371640953,1.3221345644476312,47.137458561806234,352.8939830175277,700.0,,3375.185244255586,353.0887419860847,0.3935709479926939,5.283640081854996,3094.044140588755,22.14180925062244,28.417991776136567,34.0,-0.7765385237182016,3441.3639008017176,363.01614453850834,0.0041489584213123,0.1369675107794696,2.48095304225283,0.9225753854426016,3335.6683877378646,3375.636832117695,3414.82319071387,340.9260002234858,372.073531069444,387.40516742249406,0.3252955528387687,0.4560440461689154,0.5716313798750206,0.0038559085018502,0.0047827747594874,0.0054036033126618,2.4341834741273245,2.666291603925848,3.017366355823834,False,1,0.6265124016938899,0.96243435,0.1416203613281261,19.486,1.378739072520098,60,,False,8347.757563308684,1
OGLE-LMC-RRLYR-22630,True,IMBMR,29,63.3768565344717,68.64764483125992,5.270788296788226,2878.7168610805234,1200.1450108751103,1279.7193669469366,303.2903769953404,858.94270198061,1.2030263507237424,1.0509979842306545,10.228922866492816,39.46888276624912,0.2239679977148939,0.7656563352507483,9.089115062121342,1.3175147406285035,162.33931378501356,1215.3512045374573,700.0,,2885.6880020941267,1379.1774919494108,0.4291235746104073,3.131497734504807,2273.9569523736054,19.87195500636111,25.5515898735771,29.0,-1.054956792756954,2882.9014919659385,1201.4638755798526,0.3382551623545507,0.9552240551062836,11.535904969504845,1.045892368755848,2853.0492237979443,2889.6177028725688,2915.4588705821498,1296.0304294125483,1398.507807710988,1500.0495198627727,0.3179811235950682,0.4154335916378814,0.5333124576314577,0.2819898899249082,0.3501754545723978,0.4329841863910567,10.458909288863284,11.504945440292438,13.353495540203232,False,1,0.506578947368421,1.0743624,0.0130603027343738,19.715,7.768665046614357,62,,False,8283.550664177195,1
OGLE-LMC-RRLYR-13854,True,IMBMR,35,70.85951193528379,98.08234686372109,27.222834928437297,4915.472038719265,1376.2293079141127,2316.9488939754388,188.88042964490975,792.7358041397758,1.398308031570764,1.1008073244988856,13.879086030379083,29.779677247417567,0.1158309571487298,0.5506686073927773,6.103970149069032,1.6887763647069374,101.10020515568242,2070.947892784205,1500.0,,4622.247481336581,1476.1899995281508,0.2015605983099658,3.913627975189031,4127.584103269474,35.82188833185525,39.19016997109608,35.0,-3.742414483737989,4625.2020477851665,1439.8118449194028,0.1616601903872343,0.6483187486333543,7.108567206060027,1.43287553327421,4539.3208142348885,4626.865929132689,4697.671491769757,1425.9755338220684,1511.5415155503335,1594.6615471223704,0.1558747895948836,0.2250736599315014,0.3048226725127503,0.1451394699518254,0.1728683318698331,0.2050721236482728,6.877604311792185,7.317043589639052,7.809641303744956,True,2,0.9362522686025408,1.1413163,-0.0122985382080074,19.371,10.195163377112298,5,crowding flag,False,8346.65807410564,2
OGLE-LMC-RRLYR-15551,False,I,19,42.633948414983934,43.89127657067144,1.2573281556875031,2766.64951829433,723.3688583242595,710.3198198920876,176.34728671285265,410.2573503377933,1.3226168197669603,1.1670671680354283,,13.854684346180989,0.053095025151814,0.3844316593690349,5.7002314646011465,1.6198952442487875,94.39171066496895,706.6623393945353,700.0,,2773.130845555416,736.1855607192912,0.3726026481724579,2.237245262728222,283.3220837862845,12.639016577194484,15.268812299828117,19.0,-3.259082235699246,2775.2926671840964,725.3772692764861,0.0557062418757826,0.3927160599533996,6.236773979701034,1.1490015070176804,2737.0295276873258,2772.232835494645,2804.4100721690606,703.8217752164534,746.4578897807746,800.1008706571613,0.2291049276591952,0.3563822908282495,0.5091513228483759,0.0479629674999918,0.0582178092921752,0.0713751013912325,5.773262517492219,6.352779614331171,7.143522237566046,True,4,0.97989857076994,1.3114568,0.2453067779541022,19.086,10.640690497739747,12,crowding flag,False,6900.881373357895,2
OGLE-LMC-RRLYR-03594,True,IMBMR,30,44.20363387429734,48.68698862466806,4.483354750370722,3373.7210667637887,458.2348179847061,456.6638378703727,112.6214300145432,262.0044250766024,1.9068623453562183,0.9327941224657016,11.247949426950605,22.50497978287342,0.0090767130786257,0.1849644135538335,2.9611863638098135,1.606804176271322,117.92669911943702,322.66450074231165,700.0,,3222.886633413614,427.4607587891078,0.5288683154651956,-1.3785322898807182,162.4861557603994,26.29117852843095,30.984210263664167,30.0,-2.109363028091096,3270.8586052377536,434.017528959124,0.0080738633885238,0.1767106956346815,3.407076268643227,1.3145589264215476,3198.876852185424,3259.140251356435,3299.1130701180705,420.2482968325272,464.4982787964352,512.204583906609,0.3289213247062703,0.5170922666548314,0.7228627181857175,0.0075787384257096,0.0102860250176423,0.0133966746630753,3.1024150337345864,3.555042008161718,4.703288021372285,False,2,0.051346037507562,0.9828011,0.0073041381835956,19.647,2.841668986079334,15,α χ²>1.5,False,8408.546596604037,2
OGLE-LMC-RRLYR-13392,True,IMBMR,30,67.8456916345441,75.55315996076592,7.707468326221829,2882.7218231678785,356.5683090081123,448.2192391941053,65.20524612398914,224.80505672590377,1.0792184955044073,0.67630199392709,0.011681018272533,21.74116413631282,0.0058574076603432,0.1561377800499592,2.6966639810146624,1.5233367004319127,0.0,365.4590478041851,700.0,,2824.738484215778,359.71239696106886,0.057028384224455,5.110850457754976,2641.9072994240883,28.769254934971023,28.997884732344684,30.0,-6.573764965950652,2821.0893401854464,367.0968056380228,0.0062631443448641,0.1601984935650086,2.78081023029731,1.4384627467485511,2802.6728023122673,2823.431205205188,2849.618949666795,345.1663986032726,367.3769158094076,395.4055139620758,0.0109266091114695,0.115896941410105,0.2126900878916386,0.0054451375786032,0.0067289496936608,0.0082515422486184,2.6858280851425977,2.881429318581225,3.0999115309047083,False,1,0.3511040532365396,0.98503697,-0.0708777618408191,19.304,5.231237462823076,26,,False,8359.298591007759,2
OGLE-LMC-RRLYR-17780,True,IMBMR,34,79.18427602780366,90.65092849311976,11.466652465316088,4437.611860856947,452.3404008786519,584.2532030167571,69.25420118694828,290.6615840042526,1.698048127100646,1.4651898648077637,14.191085509544322,63.32492068086913,0.0050463829778677,0.1475084622415759,2.222301061621514,1.5138664215674895,72.51656585319138,759.3261106203179,1500.0,,4211.177845568803,483.0593487481358,0.3706476063636595,0.9269802561037984,790.6578353595229,21.877927225616276,29.059673922309415,34.0,0.1290256474608142,4231.162104758923,463.5393398984294,0.0068245969411878,0.1655780167940627,2.692612684396648,0.9115803010673448,4128.731696627591,4204.04133545052,4305.6111382762,463.7227085373864,485.1022186791371,515.3271418291198,0.279422023580937,0.3570207502862975,0.4668819539785094,0.0059699918869117,0.0069530932304393,0.0085073547936498,2.512541264093965,2.728378702377925,3.0077848165358305,False,1,0.8178312159709619,1.0125171,-0.0701325988769525,19.375,3.659347519906438,28,α χ²>1.5,False,8405.300053950401,2
OGLE-LMC-RRLYR-08205,True,IMBMR,30,52.10764449706335,60.02092507766508,7.913280580601736,4911.390502198578,426.5943475483788,64602.02461129215,95.65425734623992,270.90053787690795,1.2547325528237403,0.5045884558435565,1.1700624701285631,36.9447068653468,0.0034555649176571,0.1278729876999823,1.893640177332961,1.4848793998944487,51.199931405809984,536.1181175775412,1500.0,,5041.300636299062,426.19231694429214,0.3219430016004176,0.0050962100152701,1332.1386270552482,34.10169189554764,38.131337983283245,30.0,-2.7727486755887014,5098.703139890294,427.72992056305486,0.0032705015014421,0.1252677455616111,1.9467508882191409,1.7050845947773818,4890.595968867999,5050.6842852255995,5237.5660540125355,405.5586362326283,455.6737683132704,545.5199326894434,0.2347266147211414,0.4212062686357462,0.6398496743948193,0.0028310922816435,0.003964596724339,0.0068792345312566,1.8404614338734004,2.1684428231265938,2.885261424254996,True,3,0.7256503327283726,1.4498187,0.1341470489501972,19.428,3.3272222358351717,32,crowding flag,False,8321.704209012658,2
OGLE-LMC-RRLYR-08601,True,IMBMR,30,57.54837919229533,70.44276707910024,12.894387886804909,2163.2607304343537,536.05612127572,515.1660324761227,105.1838877106132,362.63753683978695,1.4539890783481244,0.5036002867300425,1.75692739282875,21.03625428989426,0.0353423760793515,0.3220192414526479,5.402418473858736,1.419700526041687,110.13879575725832,824.55269132871,700.0,,2180.2971339335877,552.1219141678896,0.3197712919162546,4.159953085974379,1368.8959818640412,27.485826534591297,34.20210754702414,30.0,-0.0861137508914637,2187.3149891926614,537.1713797828819,0.0380151129716451,0.3322517752346169,5.826789284770113,1.3742913267295649,2168.8321454421243,2178.842073889362,2195.121257396034,527.0341928059773,561.9203370254767,615.2267441523043,0.222327211926182,0.341985130381217,0.5183444224031847,0.0330398289383185,0.040660089888248,0.0511943345772101,5.4789331539855555,5.972654568422627,7.004860599337471,False,2,0.5333484573502723,1.0728896,0.117988494873046,19.269,11.65344196051002,38,,False,8409.428462492144,2
OGLE-LMC-RRLYR-11055,True,IMBMR,30,93.93821060942577,112.70081163251793,18.762601023092145,4915.815806013398,1346.184738684883,1420.4794197117026,151.65227979773118,943.249109324168,1.7850982228682184,1.378859265414123,14.16453284181346,60.9924847037351,0.1083940599537559,0.5334641377476571,5.970296364006335,1.4090828284521748,81.17345258426971,2325.6489948894146,1500.0,,4505.865459507477,1442.5183333981724,0.2197818429375199,-1.766421075043802,2651.9576123297657,20.187531779623473,30.88526102514889,30.0,3.895334482201101,4667.1563551992895,1360.4409186539372,0.1587414279335358,0.6424498407160469,7.154525593797103,1.0093765889811737,4424.4942077159985,4489.409562494083,4547.269285855017,1420.4247758128563,1464.3269015178585,1500.4815710510811,0.1811704668919763,0.2352720898680836,0.2887033186607159,0.1506834031953962,0.1663278986846623,0.1818040355903352,7.05200756491375,7.308760066943035,7.592904028254245,False,1,0.1045825771324863,1.0386376,-0.0268167419433602,19.143,12.080778453807326,40,α χ²>1.5,False,8348.764748928072,2
OGLE-LMC-RRLYR-15587,True,IMBMR,35,71.14423339405846,78.50388029663685,7.35964690257839,4012.94857439048,874.9695891578607,931.9293323492756,214.94902882136455,608.7529101088736,1.4324565076502047,0.9501606248451416,5.963290786936774,52.886626035937354,0.0446616111359055,0.3562791900253302,4.753529497642794,1.3553075612942012,82.25978066223509,1685.0185334541986,1500.0,,3903.1847552595473,1004.6285843910792,0.3982610488085971,0.0599662848957169,2543.691442617606,33.63213180205335,43.01565431177788,35.0,2.2728263867456917,4023.315496272253,874.8381052789589,0.0714596809867077,0.439333422226643,6.117515220312799,1.345285272082134,3863.277574084862,3913.339940408109,3989.5851747819506,948.7056747180776,1033.6066761345671,1126.7805644261423,0.2973594079466364,0.4281738449541875,0.5283341468716362,0.0582235543860697,0.0782048979708757,0.102616215959539,5.520433973989588,6.355609007901901,7.278483542004757,True,3,0.8293254688445251,1.1436859,0.2032840576171892,19.317,1.4216477969912766,50,crowding flag,False,8381.989283438443,2
OGLE-LMC-RRLYR-16628,False,I,19,49.06831970165092,49.10090899367819,0.0325892920272679,1554.3068357151706,737.0258179791275,739.8620213078544,151.8734003898545,523.6067712232168,1.4004221023582806,1.0903486634043285,,26.018688920268488,0.1779333226262205,0.6803436211784755,10.337910625731194,1.3518754678669844,0.0,2329.039968526651,700.0,,1562.4789263506393,736.0611988465822,0.0172835663581092,4.039278787168628,361.33198853643705,17.301909256841114,17.3289633984909,19.0,-5.861823816683099,1562.4015748807144,734.2029014923877,0.1753864893929902,0.6754054162969514,10.271916045988206,1.5729008415310104,1551.6342991158374,1562.8770189328975,1574.8137664958076,707.9264063234607,752.3079368525127,803.4579133759083,4.412158045610242e-07,0.1216411523974101,0.2531197663064427,0.1559202137192638,0.1869152141371511,0.2293646499837107,9.924668678775648,10.685753548204612,11.7336328109324,True,2,0.9401106500691564,1.0353667,0.0716131744384753,19.03,20.543789993186135,51,crowding flag,False,6934.432704335598,2
OGLE-LMC-RRLYR-01548,False,I,14,47.29994650642787,54.48405316628218,7.184106659854308,2757.394300842258,919.6766866581085,2485.100662961067,130.8880769104805,668.7434984784903,1.0181966215035336,1.0000992806525604,,34.141145542224166,0.1098475774290071,0.5368637338778939,7.2714853363143,1.349623589294261,0.0,1026.0517882387244,700.0,,2671.3709458033113,912.4929451544316,0.004659228065398,3.690670595241836,792.7211623571771,9.006718406807318,9.008377958729785,14.0,-5.276455107308053,2671.2168923166796,913.7488996782656,0.1143149019461307,0.5471987909080174,7.447094416618894,1.5011197344678864,2644.1687403671413,2668.7600469169306,2702.259011226736,874.042201181506,907.4390297032876,953.6545118223424,2.1145447377008562e-07,0.079120502014645,0.1541025380649958,0.0996377443373561,0.1113570465377233,0.1314233905198562,7.15434483982559,7.444813017207688,7.827807688636224,False,2,0.5315813739050254,1.0338238,-0.0169879913330071,19.365,14.36611187462479,53,,False,5235.937622731028,2
OGLE-LMC-RRLYR-06521,True,IMBMR,35,50.56446761143263,93.67129667933028,43.10682906789765,3665.942287903356,1061.9125130617738,33057.179490621886,153.23127449394423,782.9010938214261,1.6900973341459995,1.0039161992090544,8.993696096900592,33.638819847659875,0.0956704167860478,0.5028543048230841,6.3152412162684834,1.331125166315151,41.92629239339696,1201.2035543630263,700.0,,3832.53723863473,1392.8318743619348,0.5744117656973111,1.4410991944389755,2429.3955157739592,17.06452395188175,27.789835181544777,35.0,3.614615106684205,3812.763931295129,1140.3681931871165,0.1975177010879338,0.7174957448994762,9.679327233219436,0.68258095807527,3775.898634793656,3834.693198805223,3900.3923335646,1329.9767192639044,1463.8848962517106,1684.1432467397606,0.4806200007651035,0.6327000503975976,0.7918390496171094,0.1739952964832401,0.2312073197956304,0.3355405480779613,8.928968911960183,10.762555334639558,15.704714898419144,False,2,0.7402450090744102,1.0247278,-0.02173226928711,19.357,8.070323069396176,57,α χ²>1.5,False,8398.166333231786,2
OGLE-LMC-RRLYR-19535,True,IMBMR,34,101.27856086293524,107.74572274528134,6.46716188234609,3373.9572980905205,809.4151115501542,835.7842774380025,96.55727042041438,600.5683491491519,1.0283656028493842,0.9451765275060084,27.19969444814165,71.41033540077643,0.0500169793097191,0.3744186474690868,5.2302031192423115,1.330660089503973,36.95192264733762,756.9273101176055,700.0,,3304.576220742196,811.7849979523346,0.0765594590696694,2.0532199559458504,851.9538075440456,36.2151051992102,37.42566697668381,34.0,-5.842159271758717,3304.317730028722,809.1089155943691,0.0525986036433927,0.3828354689359808,5.371413637065246,1.5089627166337582,3266.9823574019397,3304.6441784506687,3333.296047883098,792.5548605004916,815.729395604375,849.9345777305293,0.0419214384294395,0.0978649099879518,0.1665899220079055,0.0487435830287407,0.0535280611521445,0.0606791758607763,5.238110989398048,5.450253774401868,5.649512712394756,False,1,0.7689806412583182,0.98291826,0.1512476043701163,19.457,10.225136853633362,58,,False,8411.798089286574,2
OGLE-LMC-RRLYR-15201,True,IMBMR,29,80.35590203698496,83.7137456115226,3.3578435745376396,2890.3261258339444,386.80252690558586,389.7026535958715,67.48046914329082,283.2171870352246,0.8984521802707695,1.0081710420408987,14.399166550744305,43.688406666437345,0.0074380125874345,0.171176119634017,2.9176237319263807,1.3285549173521876,18.463632110930615,378.2111020882076,700.0,,2971.0186961696963,398.8618904458492,0.1874883327464921,6.174560733336336,803.4900027628385,32.22992033523837,36.12058752681797,29.0,-2.8439244683933538,2913.407723275765,388.9771161376779,0.007718618191247,0.1736500932425003,2.979713500926872,1.696311596591493,2890.4053827898906,2956.1775937406483,3035.250843377976,379.8524065258885,399.1389554459564,424.34392580460405,0.1168371081330989,0.2203665321110208,0.3008015916868491,0.0069042704597656,0.0079701569168363,0.0090579068857017,2.857253714607595,3.0477678906614063,3.235742132717893,False,1,0.8588929219600726,1.0058122,0.0542748260498058,19.409,5.903127733742646,59,,False,7160.70483672616,2
OGLE-LMC-RRLYR-05817,False,I,14,41.02261135381217,47.06412926308427,6.041517909272102,3028.287067412703,746.8463169207278,980.9474616830825,157.81043439136138,544.0756037916034,0.9169721055813316,1.0631328251392342,,30.68600144497843,0.0487733229611342,0.3702913701287935,5.376764692847849,1.318351539660401,0.0,632.3810976998689,700.0,,3131.08285067064,1185.604723863764,0.6020214450568492,-2.893127254139762,1508.3665400683317,5.4190698845194785,10.902801232511814,14.0,0.2056166887618218,3146.996715555006,754.7334868891182,0.1825212113100256,0.6891745684180643,10.338753771364628,0.9031783140865798,3009.0833826622375,3128.72201550086,3312.692613054068,894.2639753180749,1164.633331046623,3510.4583263755753,0.3276540076362804,0.5855295575476738,0.95,0.0766070971020097,0.1667457184672359,4.738378795237432,6.378407196566418,9.625107389567743,78.90903406473494,False,1,0.549792531120332,0.9947345,0.1599604492187509,19.832,2.0570555634212786,61,,False,5115.444212761187,2
OGLE-LMC-RRLYR-11166,True,IMBMR,28,41.23422946266464,41.66634921955426,0.4321197568896195,1519.4515018960983,415.4029567488872,415.4832738074184,109.5715349979618,310.3153857491436,1.8689096154091749,0.767772783023405,2.113244839441045,30.462063002788,0.0333363281922413,0.314087102349456,5.960319897603036,1.2622699036072216,82.03059008808285,1201.3787767200529,700.0,,1482.416742933807,563.3375377938667,0.5677989391358769,3.1126048845956147,1159.7370540550198,34.847754613581586,35.07280398328827,28.0,-6.439359650643723,1498.149632943758,422.5963666135725,0.0873470313408787,0.4818966379573361,10.064613718541006,1.9359863674211992,1476.8238996628115,1482.634227000609,1489.7406635522866,472.9263135382184,591.5900670368844,977.5349843810026,0.3861736208878513,0.6176243726108532,0.8567830708132984,0.0513884873822777,0.1008678558269087,0.4557156687850055,7.333842472544498,10.975999315058814,26.25062005797609,False,1,0.1271173623714458,0.9775046,0.1702484893798832,19.689,20.129029717007867,65,α χ²>1.5,False,8316.256022394215,2
OGLE-LMC-RRLYR-07957,True,IMBMR,30,40.222220524947915,46.27053688930928,6.048316364361369,2259.236248987274,1752.631700925412,1917.317292278824,334.283462902306,1402.99590737208,1.995602645822515,1.4532940024611616,3.5901826967329384,20.48560787780627,1.1324822177239104,1.992089200396215,16.912812881737736,1.2151896787908096,489.5747516970002,2620.499536593621,700.0,,2246.354928857287,2027.650387397695,0.4518396142900541,5.777353703493157,12.169264811947157,30.40722334797113,34.748409217129804,30.0,-2.4612088941656225,2233.654655446698,1739.5806467770374,1.773802119833081,2.7220721030152744,22.05913011816593,1.5203611673985562,2199.6783943558185,2247.430834000411,2284.000709524275,1961.4115426764708,2234.6079314309336,4651.372282988735,0.3002233341038185,0.584985824170269,0.95,1.5989224311884656,2.3491464823735377,22.10782544671061,19.852814308637388,26.89100086220556,129.65847526136417,False,2,0.7320780399274047,1.1006051,-0.0187555084228527,19.432,39.50374344764842,73,α χ²>1.5,False,8352.757037981064,2
OGLE-LMC-RRLYR-07529,True,IMBMR,30,48.61404841933086,53.74830832129919,5.134259901968335,4399.05064727504,327.3537956766455,45412.22806447951,96.2379963709946,151.07695149357122,1.085973008579712,1.123941832388601,-4.492158886239778,36.83104950769018,0.0019463319723129,0.1033743675523554,1.622352594335011,1.8275093609110968,36.82973826985787,539.3898283804931,1500.0,f(a) and f(b) must have different signs,,,,,,,,,,,,,,,,,,,,,,,,,,,,,,,False,1,0.3282667876588022,0.9601413,-0.0152748565673839,,,1,,False,8352.645505082932,3
OGLE-LMC-RRLYR-05066,True,IMBMR,33,60.03692017984318,62.773318681878635,2.736398502035456,4914.1501763264405,1207.540615449612,1397.5059261306455,157.43303170407916,660.7503022982423,0.9386772516613934,1.3784734295867351,-5.4733443342312995,42.08230493404017,0.0782872595499871,0.4580845290066131,5.357228265017539,1.7777643387740754,230.56850236099072,1726.1481556089748,1500.0,,5046.798138557543,1313.7995706283884,0.2899904666484015,5.870562144175144,3491.7185467175186,31.753168125172888,33.862458880957135,33.0,-4.883724367148716,4996.968637041474,1206.4607444443216,0.0955956601577465,0.5026695956765835,5.930272770914343,1.38057252718143,4834.280043691819,5035.505229879616,5251.7210238115,1243.4737184367573,1359.094731533443,1441.797229729602,0.2150480781359317,0.3252824286730924,0.4573668040899893,0.0828920457897181,0.1054037273453086,0.1286620246309847,5.590070235175006,6.226965597493713,6.926742584537271,True,5,0.6391409558378706,0.93169755,-0.2237510070800787,19.45,4.2455098318936075,2,crowding flag,False,8338.564591327035,3
OGLE-LMC-RRLYR-18547,True,IMBMR,30,45.76833914850093,59.237700019137634,13.469360870636706,4953.585208710986,671.6948226778778,723.9736759717549,130.94725191672325,370.8531325410759,1.23666856057036,0.799843446887246,-1.853086656325118,21.215155601520223,0.0132604855016935,0.2148569036160472,2.9562366152907344,1.7078746876884223,98.03349332781968,524.7344209351703,700.0,,4745.679903478058,782.7274197437664,0.6099958372640709,1.267293698766523,4274.553361448316,19.754975709097423,31.281496861634565,30.0,4.7241263892128345,4799.578546373153,688.0019498406717,0.0228621704614086,0.268101786430331,4.537868819587722,0.9877487854548712,4617.203214909933,4719.177994994737,4819.0773615849985,731.9860402349916,797.972816415345,922.5346300641806,0.5152809361848945,0.6321005234363675,0.8399617967727064,0.0187595443339422,0.0242061263246543,0.0387780631660522,4.050365168107921,4.863397757073719,7.0598721872701535,False,1,0.4025257108287961,1.0120927,0.0242008209228536,19.341,3.3119601213030103,3,,False,8372.143333586868,3
OGLE-LMC-RRLYR-17484,True,IMBMR,30,43.866987900059314,63.86078307392216,19.99379517386285,3374.1196564184597,437.0539724334733,1084.7409050379754,101.33537537541838,235.7483541252286,1.0805227595698177,0.8623880477195317,-7.032167188037192,13.78379222534619,0.0078734840907225,0.1749938528494173,2.82397872686728,1.7032166567530356,38.78047645721043,1554.0189320128443,1500.0,,3376.232637965367,499.5333907016556,0.3733906306789913,-2.416117143083758,1094.4424104897807,29.680005547975384,32.57022702741179,30.0,-3.912173283887902,3324.8916882284825,431.39178039627853,0.011741174448878,0.2046972742054154,3.4771506406152426,1.4840002773987693,3295.507098219096,3342.8880266334995,3407.2313629503583,445.7435459157161,493.15536866697914,596.8860529043121,0.2305183156674378,0.3837275963803003,0.65676937676264,0.0085775847197108,0.0115485152022858,0.0201267222766665,3.0002507522334585,3.528511361356621,4.78094345516152,False,1,0.4381427707199032,0.9928335,0.1047397003173848,19.688,3.7594076412414177,4,,False,8414.033986742645,3
OGLE-LMC-RRLYR-11998,False,I,19,49.07897190760103,61.289282651797706,12.210310744196676,3637.4464922047105,1609.5227847922688,1700.9248993184112,152.75897706386286,950.1325614685244,1.7397493459278168,1.3589256005453565,,26.103045818024157,0.3383614352759078,0.9553898682589655,9.646890398615094,1.6725195030232571,41.79706498720565,1197.501142087178,700.0,,3759.907339357815,1746.4220396614894,0.3029097940201475,-1.828448432132276,782.3232643926461,4.224634303479765,11.136411310500332,19.0,1.0228990486876874,3786.8239859888495,1608.158340613338,0.4045535574208135,1.055920412016976,10.625692052874903,0.3840576639527059,3715.867273132083,3761.6616374326286,3796.248794931211,1697.0493386737442,1757.8194156743498,1816.321263367854,0.2499673631793643,0.3193870838355606,0.3818312125080229,0.3695156084781866,0.4136863574970547,0.4595828452542455,10.178405745486543,10.753454881541735,11.389532198182469,True,2,0.9625172890733056,4.04154,0.3770370483398437,19.205,21.25131793739181,6,crowding flag; α χ²>1.5,False,6883.452872656473,3
OGLE-LMC-RRLYR-11189,True,IMBMR,30,49.00089673895914,87.49695922849818,38.49606248953904,4960.736836792647,1366.7505614736572,1824.0518438377453,107.10567254305764,810.9758231767813,1.4189750718881124,1.258138656080275,-55.43219415902696,29.60636012668988,0.111393052195944,0.5404582440807008,6.006616449712878,1.6708074880082917,112.15111030235606,2297.31586791957,1500.0,,7756.079866675674,2796.9453583329614,0.6008742786824256,-2.6031018736624465,1302.1208438363078,4.801169281561391,28.496896095023352,30.0,16.893332050137644,5177.851602118278,1362.2705241939632,0.3905261314098079,1.035038826035399,9.83546883658087,0.2400584640780695,7109.013497156035,7818.3672753940755,9736.478379350156,2547.0078244519977,2827.268428715528,3656.086919919908,0.5783052294808041,0.6199472544716211,0.6759389711901981,0.3362955604501907,0.3971611728755886,0.5576006421330878,9.455621102774307,10.048403348015109,10.922603729428364,True,3,0.8333333333333334,1.810728,0.1146351776123033,19.215,1.2358348398699557,7,crowding flag,False,8415.690609846008,3
OGLE-LMC-RRLYR-04633,True,IMBMR,30,40.41977435905585,51.105223431833565,10.685449072777716,4477.876632148987,1166.3550008883092,1179.5600353523732,194.6164907536329,670.9701112158023,1.66190695553635,1.4373994857112402,-72.86344657643502,13.397304803329291,0.0849631718072428,0.4757389363973582,5.678654683549873,1.6695015281766925,285.0255268675873,779.8710555986895,700.0,,4927.74686834508,1488.0935742012496,0.6985685600713176,2.5735915582049165,286.2559308961868,20.54891197319583,29.760352024736136,30.0,2.4090452882159994,4683.531927363723,1180.624410246636,0.1457057333526685,0.6157214996029565,9.200954114588686,1.0274455986597917,4873.638530076743,4923.011542890194,5018.065061232613,1334.2998821876463,1499.8915293298032,2053.500123985676,0.5999031843455166,0.7192754120300253,0.8776171013494105,0.1034463528911199,0.1529794212177268,0.3861913160661085,7.357013918766339,9.363642775204328,19.07605451424945,False,1,0.0728221415607985,0.9927598,0.0779951477050779,19.305,3.158722909471687,8,α χ²>1.5,False,8471.181116034852,3
OGLE-LMC-RRLYR-19763,True,IMBMR,30,62.04752224001993,93.49577871297106,31.44825647295113,3634.3546964559614,520.5561190589225,773.6860233912646,73.39627702852844,308.04597808497357,1.428442837057763,0.7749409146884513,-61.190855231147665,29.650980296289845,0.0114664965734684,0.2027854383349787,3.122677072129877,1.6438486395474354,0.0,575.3647167319358,700.0,,3534.174126135364,533.4820963666716,0.1668537346675072,1.4513107971163008,1912.9450990101873,29.419992714169744,31.12496208949789,30.0,-5.097425387996168,3534.878768714733,509.60934546383214,0.0130516782633403,0.2134994908749391,3.337719981094835,1.4709996357084871,3453.031080148478,3525.138504702593,3615.123005466219,508.52638693489934,549.7255183186655,594.8019661742715,0.1438115136401,0.226796029376246,0.3656949233175226,0.0112589081351566,0.0144561555956354,0.0179715274042195,3.2108214895651948,3.5199530325604185,3.911161302059987,False,1,0.3151845130066545,0.9383472,-0.1441252746582044,19.47,5.585995568802419,9,,False,8355.036925125038,3
OGLE-LMC-RRLYR-11058,True,IMBMR,30,58.5477701141528,66.89392308061298,8.346152966460181,4398.894224844867,305.0750468693661,339.7933847857432,73.54078836374715,171.08655051206077,1.081285754997248,0.9033920345740464,5.781126686409223,34.64861518035781,0.0015754902506133,0.0956845944670153,1.511993751349694,1.6382278690440837,39.36346822623733,576.4975633396779,1500.0,,13242.801779526611,1136.254020581555,0.838729342464752,-1.9907652809700311,2632.953314658962,14.7634703131686,25.64283440450513,30.0,4.076969328012211,4406.860001639384,304.5194015702655,0.0089815075676356,0.1842034373172015,3.4351507579346827,0.73817351565843,6946.406952095873,17894.792778021045,69831.1037503704,717.6387571991675,1426.2555724499437,3471.834875374311,0.7741821778220404,0.9026557714148176,0.95,0.0071124428062498,0.0091466478928252,0.011150633740647,2.808787494550891,3.439721971516933,4.79912738810876,False,1,0.4381427707199032,1.0348331,0.0208385620117184,19.329,0.5078203876168159,10,,False,8351.434660934776,3
OGLE-LMC-RRLYR-11047,True,IMBMR,30,68.58485513738486,76.03447775825202,7.44962262086716,4355.37592854266,1084.519889834923,1530.418791938016,184.82352313439597,637.207357878881,0.9592966033515624,0.7481316123943836,-10.690939589058754,26.36916412330436,0.0722011257506296,0.4414069028857402,5.428735764819535,1.6346168789418896,0.0,2026.4666196053693,1500.0,,4660.549084845945,1112.2672999355898,0.3370624750983902,4.922479087160444,362.8725431311246,20.920592873828813,32.87542967848289,30.0,5.152442041329763,4443.988283048218,1079.342540288818,0.0680199069978186,0.4295860733318269,5.526456556813195,1.0460296436914407,4621.001954703742,4672.994248395384,4735.087603868749,1071.9457955275989,1116.982143416918,1179.140766266608,0.2921962336257517,0.3588992513276408,0.4343250555265185,0.060806531824457,0.0687666674433665,0.0806971743649924,5.309487942938766,5.596963604987632,6.009827120558658,False,2,0.0823502722323049,0.99715126,0.0004678039550789,19.233,5.467575830152335,11,,False,8260.494699620842,3
OGLE-LMC-RRLYR-19911,True,IMBMR,30,48.96242381670868,74.12929589970793,25.166872082999248,3976.9264584675634,607.3938775241862,1403.3800823727083,148.13076573124565,344.6139523051705,1.7433394824607331,1.5542988358630625,-32.41191628986366,26.530479667934685,0.0152124375374068,0.2270253583375635,3.3297350578039464,1.6192766240669028,0.0,1161.2198808274034,1500.0,,4152.882445507395,776.9688676080381,0.5843807075151078,2.2422244823474804,1982.071740466803,13.02197525949683,25.083405033656277,30.0,5.2590350108351345,4164.05966459491,648.309428128096,0.029200768063976,0.2969495339651176,5.026471057887777,0.6510987629748415,4053.028452566325,4116.621524601754,4208.633830384672,728.805572176513,787.2276680604098,877.254137349797,0.4772859249493073,0.6067140957628414,0.7517422389081455,0.0247310223138629,0.0310170308113331,0.0428539041832384,4.393519766798889,5.319901209623029,6.852541967675031,False,1,0.5759225650332729,1.0371076,-0.0459038238525373,19.308,3.284878103648434,13,α χ²>1.5,False,8321.60747429451,3
OGLE-LMC-RRLYR-15400,True,IMBMR,35,45.559098923674725,67.6741999935584,22.11510106988368,4440.416105664078,2021.555671898909,6489.837397713356,295.0288156023896,1238.243188141059,1.9543998599552177,1.5842145474813747,-59.63811947441908,21.029240719841283,0.4498756401884656,1.1220616109424937,9.925419366680607,1.5881428803765991,432.0843690201091,3234.7941241505664,1500.0,,63077.13874210673,26022.519647984285,0.8678202293663325,-3.032096290178828,1126.8055302517812,16.66339860020572,40.15539361604021,35.0,16.381298892855668,4442.071187314232,2021.5375720900024,4.755396827440919,5.867382279430701,18.101482911757913,0.6665359440082288,11147.440759281071,71549.11138646942,278881.78982885974,7077.1730887197455,29351.943130410364,73516.78670794003,0.6758266806450892,0.8762067295531883,0.95,2.176047060191534,4.178263372475269,6.233092872883052,16.083444933091933,17.852331888617194,19.417465781510128,True,1,0.8625983061101028,1.0903996,0.0622203216552748,19.126,0.2033783006910086,16,crowding flag; α χ²>1.5,False,8426.930304620966,3
OGLE-LMC-RRLYR-08101,True,IMBMR,30,59.85089957717415,89.00768554032092,29.156785963146778,4954.9285987076255,1724.5684875323886,1849.7502560882704,79.51774318575072,1086.20901587993,1.1785214099988932,0.9880856907081366,-6.526143363610487,26.236031230901233,0.2243103099166898,0.7662662081258145,7.588044590347125,1.583457498908892,162.88503315685918,1219.436725662613,700.0,,4959.3588134662505,1947.9113472585889,0.5066704053659469,2.8804938402352502,940.8726115435514,14.370129326509485,35.650427747068726,30.0,14.477903657234926,4834.1908578837665,1733.006937233506,0.3226555938912049,0.9307105406852524,9.932367307780742,0.7185064663254741,4908.744125168878,4962.193196751437,5015.67459317689,1871.462235576035,1968.7706599776463,2105.2716596828204,0.4619994314096464,0.5150902201951175,0.5929611444275157,0.282927932890465,0.3305199821431396,0.4115064636209954,9.31099116864871,10.081821519946772,11.522578525657236,False,1,0.7433454325468845,1.0827836,-0.0505828247070319,19.308,10.037330665657764,17,,False,8380.298572801805,3
OGLE-LMC-RRLYR-08275,True,IMBMR,29,64.67011008404779,65.64412146972603,0.9740113856782386,2881.354437548545,383.53290286929325,374.09203740173547,112.3701266238353,214.7437262531681,0.8073721334480315,0.7502236962654116,-0.8317679335708661,45.11381644603466,0.0072962080945705,0.1699058780584055,2.901969020506255,1.5824448506473,0.0,321.94450737082684,700.0,,2848.3414891085627,380.1940849632178,0.2151573634732455,2.1873981899362542,2615.502542060363,11.24565439786574,13.08093186460728,29.0,-4.899314193231405,2854.0991378041967,390.4040180668515,0.0072730178608766,0.1696968264288201,2.9798374454218215,0.5918765472560915,2834.3170392461407,2848.6693832956616,2866.3382309325784,359.34380232465594,382.3897594355743,403.1265485453322,0.1703109975423833,0.2460604754317173,0.3381065601611154,0.0060823820193456,0.0074635273579736,0.0087485450040908,2.82387242447038,3.02795992749375,3.215197444746152,False,2,0.2236842105263158,1.021731,-0.1179616851806635,19.46,5.543138800546731,18,,False,8333.304995215043,3
OGLE-LMC-RRLYR-03360,True,IMBMR,30,60.40268151171114,70.61050992811965,10.207828416408518,3125.050301948585,669.2137617319315,690.1450295299612,118.86041800011536,409.78946632869264,0.7712035134767482,0.7130149211937113,-1.8775840935753507,22.558906594559915,0.0329505951641558,0.3125351054352407,4.668686150475858,1.5684233974510506,88.98470051411635,666.1828267825284,700.0,,3110.280324517433,690.1457322521846,0.3588624103572174,1.4320236337334205,2784.9149553515554,16.42672968511379,23.58488825978788,30.0,0.3557638113497745,3132.415531099192,671.4256435493314,0.0364843028736931,0.3264358309138308,5.1828034580142575,0.8213364842556896,3063.183420448417,3103.420873649922,3140.4093600346955,650.5445834501018,691.0974901039858,725.4225429043445,0.3025477555636075,0.4009044260236659,0.4905950331618319,0.0310906484060202,0.0369302736412236,0.042620129448481,4.92467312241868,5.324815309407977,5.681081733248655,False,1,0.2178614640048397,1.0380342,0.0832820129394527,19.286,10.36558441011288,19,,False,8425.727134253197,3
OGLE-LMC-RRLYR-15355,True,IMBMR,28,43.86587128756048,67.08713118835885,23.221259900798373,4909.262607576543,2102.6693959774193,4133.48684311653,145.0403789585028,1336.9105015397697,1.7978534198504048,1.3500868862442263,4.939085787153843,19.830845455668765,0.414155230936945,1.0700964222041025,9.337735293070311,1.5636076228572422,415.545970763092,3110.979616289554,1500.0,,340940.3683250302,95436.74790309028,0.95,-2.678345892642929,1659.2571322296187,11.178850213644331,23.75542238023439,28.0,5.912163146239649,4611.8176414742275,2128.1115681553915,8.029208617775714,9.20340141048088,19.54437229915032,0.6210472340913518,227518.53371872593,356612.8949649753,503831.4965290698,63343.82544400751,99882.98557006642,153289.51753021975,0.95,0.95,0.95,5.480148192216948,8.670603668574763,15.393980577795704,18.86459974928701,20.530478632070103,22.039518055512467,False,2,0.8178312159709619,0.98774624,0.0382020416259756,19.277,0.0862580195796685,20,e at bound (unreliable); α χ²>1.5,True,8308.737325022686,3
OGLE-LMC-RRLYR-19579,True,IMBMR,35,75.311801578602,79.7212119769967,4.409410398394698,4907.28785028334,741.0511725709206,727.7829979478643,132.41716674616416,456.5284306304176,1.9206985842638993,0.8925131567488083,-0.571258151856739,62.69549309488906,0.0181444675268235,0.2438283223241921,3.2922552141389207,1.558976647943376,0.0,742.1650027968725,700.0,,4993.6877679235,748.0640781835374,0.2427942434490871,6.026754939711221,4516.55928164724,45.849849072560254,50.722043531839,35.0,-2.2385016637000774,4992.7349516442855,746.3707369573103,0.0180242138318227,0.2431687690192657,3.36664771982465,1.8339939629024105,4793.468703125034,4982.645260302565,5245.003313670036,726.42174757803,769.4260443414458,820.8861633975528,0.1659711937958277,0.3020767211300297,0.4329517113507024,0.0155852299785608,0.0201024587964323,0.0245914866431849,3.2304147970861137,3.5630966900137446,4.005188928781833,False,1,0.5289624924379915,1.0176102,-0.0186274261474608,19.248,0.8868697956822218,21,α χ²>1.5,False,8296.729707820345,3
OGLE-LMC-RRLYR-02150,True,IMBMR,30,73.92095711479183,79.11520135520843,5.1942442404165945,5007.310406436336,934.5237561169477,911.7342401370354,167.94053258632997,579.000666339923,1.0764947426909175,1.0043161351941856,-21.652284421352743,50.11809421229211,0.0349498009793891,0.3204847598795849,4.068859186699094,1.5501385692062115,125.72846577370495,1316.511693389927,1500.0,,5048.319432533745,915.2710648010204,0.2770015926930118,2.2349432646943055,4510.6534877489285,29.012666676992723,33.1417129495031,30.0,-2.673348490813929,5121.778507917504,936.1181255566634,0.0323026567596088,0.3099077281499558,4.113631120404608,1.4506333338496362,4955.7241251614805,5033.1853406998525,5163.501148337023,883.8132119290347,937.4003635560392,984.795501255119,0.1762642278427937,0.3011812380013088,0.397396141675895,0.0280400061893977,0.0347320807969237,0.0409181237417305,3.922658203933483,4.248695554746371,4.609637162012837,False,1,0.2299606775559588,1.0530262,-0.0018514099121098,19.425,3.301202872332229,22,,False,8492.741060311055,3
OGLE-LMC-RRLYR-12015,True,IMBMR,35,60.83754151859381,74.57828090957867,13.740739390984857,4952.06812379605,1185.3115354257477,1017.380095981339,302.88158050680664,704.6289001722938,1.921930750570402,0.9218608661357056,-5.754853994938522,43.71793591308818,0.0729133429288147,0.4433897776582811,5.218344292294657,1.545452112075674,0.0,1697.575280966861,1500.0,,26375.140402145473,7525.529248571123,0.6950001507998006,0.6214383246003887,1167.0377276826948,21.776452369040783,34.67836364088367,35.0,5.791215148864055,5194.140269008874,1142.174379371589,0.6578157718288922,1.4063859114431057,8.651559794854839,0.8710580947616314,9955.745793922311,25999.927143632467,346325.4396807563,2765.036479547901,7447.707101662679,43551.580462083635,0.5019604939192593,0.6936022254188271,0.95,0.2558843716047557,0.6915278816438241,1.3540739734813454,7.286508137690901,8.74325982865688,10.181947973045231,True,2,0.9816999395039322,1.1983376,-0.0642323150634744,19.3,0.367583731168049,23,crowding flag; α χ²>1.5,False,8362.947414344351,3
OGLE-LMC-RRLYR-12613,True,IMBMR,27,91.15453819637632,97.91076245171016,6.756224255333848,4256.576690621996,911.1320584318272,1326.5078013387697,94.63337602198922,588.6020821060933,1.8899324160165023,1.8227551814132483,4.8396726245421675,54.12174980338156,0.0448234991106615,0.3568421826465714,4.666676477823281,1.5283323193053926,50.65349410939243,1451.2410635835615,1500.0,,4597.809542613528,1148.4533371486273,0.3903625986082238,3.206298302201299,1912.6002372197331,30.08219437218202,37.33709557950049,27.0,0.6632274753098173,4263.371028861563,910.5944195963566,0.076934441575838,0.4544281797499859,5.914926681222771,1.7695408454224717,4497.72521861611,4613.493151344204,4745.10185704408,1111.7585872370487,1177.366640630137,1260.0137472258027,0.3331341727054506,0.4139953143444419,0.5040984374402705,0.0704788915913988,0.0829030929748017,0.0996006629109286,5.65361801531139,6.184260453799723,6.758059424017559,False,1,0.2132486388384755,1.0100591,0.0012080535888685,19.89,8.882278668678076,24,α χ²>1.5,False,7226.082472079184,3
OGLE-LMC-RRLYR-16828,True,IMBMR,35,53.90228666137429,72.20340583418331,18.301119172809024,4436.908252159791,1173.1173892403633,1731.244736918452,147.96437160188603,755.9910256981818,1.3673913754399998,0.5590079228712453,-0.3909567808738288,17.93893728549034,0.0880534180263118,0.4837073933736877,5.764316956677443,1.5228666928146155,216.70117886796697,2269.0934323858296,1500.0,,4410.676111966487,1229.656715550225,0.1574477645809294,4.131368357137825,2128.546747426367,39.46257716159673,41.0897950851934,35.0,-5.483478199382162,4391.256620974046,1170.440567266861,0.1026181122356632,0.519765097597808,6.154835207333117,1.5785030864638692,4292.907162855121,4405.456427808639,4537.261919588653,1144.6736676659975,1255.0577732067218,1422.5389415040022,0.1813679129151167,0.2789819094576731,0.4130273051723973,0.0838963492882271,0.1120729275943824,0.16233113127919,5.898510610143243,6.565800999637923,7.569184389626479,False,1,0.8840744101633394,0.9658296,-0.0705989990234385,19.42,4.375484013285256,27,,False,8399.885981825304,3
OGLE-LMC-RRLYR-22581,True,IMBMR,29,53.14445074408664,55.96686060365221,2.8224098595655676,4959.9776733347535,1849.246702192854,200724.53336738117,343.1044213704223,1182.904957714887,1.7302591917531944,1.0099842840915336,-3.0579411702715262,32.537152093967364,0.2759991939941085,0.8550871177313035,8.128341847492448,1.50142706651547,359.2670760819982,1374.89483156624,700.0,,5264.725983553847,1869.1901613229768,0.3688668145030604,4.233810051434281,654.9023666058371,29.55938662373173,31.06802260431578,29.0,-5.225955679388896,4987.733262737589,1853.348251512861,0.2529831601386936,0.8162879378465832,8.327668664297137,1.5557571907227223,5075.055561855028,5229.733952985568,5422.109069373623,1815.2243127798424,1937.7167614505731,2119.6778569424396,0.2891146245657486,0.4326214526266916,0.5687593006084184,0.2292232468345885,0.2835702853214525,0.3650293906331197,8.149327588979824,8.888407717305745,10.405385782316468,False,1,0.0537658802177858,1.0442729,0.1468561706542956,20.346,7.328462082963414,30,α χ²>1.5,False,8411.05245788268,3
OGLE-LMC-RRLYR-04280,True,IMBMR,34,66.6372134913779,83.98276653198275,17.34555304060484,4917.340267922995,597.8157783310755,1427.7145493500027,113.69530780375116,391.98195911552665,1.7635626516376604,1.0193233992508668,-2.625536264023133,42.891697377549065,0.0094868994009347,0.1881933326426701,2.650476394411239,1.4647399738959648,85.1178473456761,891.2750239747016,1500.0,,4709.636493331008,596.3299366868249,0.1526170707746812,-2.860248331183288,344.52210986168535,35.03740496092977,36.613817364616,34.0,-5.476308645546098,4695.675356422702,598.7973471262917,0.0102652081172989,0.1941138923863438,2.7932105510067338,1.4598918733720738,4545.285167945312,4680.1332739278805,4836.672285727663,566.2503754015423,604.0814806299741,647.0261938638574,0.1321691072557985,0.2691734480031056,0.4016940312093138,0.0091074108139331,0.0108317494574852,0.0139616572495414,2.7030251769338527,2.913445504798224,3.2806066513452405,False,1,0.6305202661826981,1.0111542,0.0083880004882814,19.238,1.4030653528022137,33,α χ²>1.5,False,8358.116227404355,3
OGLE-LMC-RRLYR-21835,True,IMBMR,30,44.67040265959699,47.428375932477365,2.7579732728803776,2744.978940026931,1550.6745167991296,1474.461521150713,354.98349423295866,1005.3417609740392,1.760229621903134,1.0201075707043972,-15.641713194205444,24.37704413335237,0.5313327853029246,1.236664985253385,12.315965450059029,1.4544301864006977,519.8909767678948,1422.4968875737525,700.0,,2801.0530804874893,1710.32426012127,0.6718523421689436,5.264641967675679,651.8074907444202,26.110878088038213,31.93026770006402,30.0,-0.9830051512984994,2730.642989174746,1555.865895064956,0.6846606824208741,1.4413919007966804,17.972576157852572,1.3055439044019106,2762.5016945407124,2802.4720433467037,2859.560440124797,1628.587135049976,1987.933839985571,3015.3836040249894,0.5300026429965611,0.7869627971960529,0.95,0.5768029492971203,1.035983058379876,3.8923387273099257,14.883114880742468,24.180322366605047,76.55367590687838,False,1,0.2026618269812462,1.0682801,0.2703594665527333,20.054,35.943820543675145,34,α χ²>1.5,False,8445.698131565881,3
OGLE-LMC-RRLYR-03881,True,IMBMR,28,54.4066254733857,71.41900514024661,17.01237966686091,4770.3287613853945,663.2978363296214,1035.0966454133793,105.82307373298006,444.1420406019154,1.1295615914200914,0.6536131057179665,0.927889522294528,31.59677245434611,0.0137692986173004,0.2181169584365632,3.031426890100812,1.452768821254659,110.8080919802886,1160.2793998683003,1500.0,,6470.104250799408,1375.03124817246,0.5636962602939202,0.4639330946536519,1919.6153968275603,12.192509284918245,30.76893414450634,28.0,11.912015839237682,4725.309136039862,663.2169688966293,0.0666803460393037,0.4257307285975751,5.6094134530461295,0.6773616269399024,6041.114808980123,6497.647715736221,7350.072387274032,1316.773548627086,1434.3621377961326,1703.0491292344302,0.5214349593467239,0.5997918325314502,0.6771833279160009,0.0592188077516451,0.0772593632299495,0.1006815713848583,5.223115141217588,5.953934592313875,6.8396227278251525,False,1,0.0489261947973381,0.9996367,-0.01778858947754,19.458,1.7161739803588285,35,,False,8082.336787177102,3
OGLE-LMC-RRLYR-22402,False,I,17,41.183227363901466,47.250704952245826,6.06747758834436,3881.951267965776,1891.5545159811777,141334.35941844244,209.52876844705207,1303.2301557159217,1.7822733718061643,1.0920112223822085,,23.78615185824999,0.4822132365558196,1.1681542471975317,10.623206218673314,1.4330323857752203,429.201069201493,4494.194874184171,1500.0,f(a) and f(b) must have different signs,,,,,,,,,,,,,,,,,,,,,,,,,,,,,,,True,2,0.5744582757030889,1.4797004,-0.029154067993165,,,36,crowding flag; α χ²>1.5,False,6597.490779859253,3
OGLE-LMC-RRLYR-22947,True,IMBMR,30,47.28405201743891,52.17701708619063,4.892965068751721,4396.744470778433,1035.3152266098848,1962.02927085218,241.33980797499572,683.4937158613151,1.6455561631029736,0.5418067155372503,-27.70818854236998,37.55725761198681,0.0616365114262153,0.4108908699249191,5.1336730248591085,1.4283151023203484,252.7086267412413,1891.8999147286477,1500.0,,4441.273341335345,1328.9471769541224,0.529240971551492,3.0885712220153008,2515.963183306241,24.52608464588947,29.585661300729104,30.0,-1.742818108484677,4340.477597422168,1036.8879918066946,0.1277588074145488,0.5773565802990398,7.688644010899913,1.2263042322944735,4318.805464353137,4447.998636493463,4616.818832260564,1218.7532179313805,1485.1825569899793,2474.687733715075,0.4429615051040107,0.6173149316173439,0.903350848759122,0.0943761379709118,0.1780246217400637,0.7768219764177636,6.799517432257866,9.19519900890266,26.232363433844863,False,1,0.41840592861464,1.0333083,0.0458425140380853,19.604,14.569640013656894,37,α χ²>1.5,False,8334.820518251428,3
OGLE-LMC-RRLYR-15209,True,IMBMR,35,97.04110046526074,105.54649351817557,8.505393052914826,3664.9281621840887,1371.1827771642695,1342.077769386135,106.39198807341168,980.6687431210656,1.9707740406339804,1.0926353343058255,-0.8129612563650852,66.35001620431797,0.2060809343001069,0.733322208699154,8.156741746353836,1.3900554872853756,29.110386342554015,1166.517166039769,700.0,,3564.981961985392,1318.5631445323404,0.2302882084831272,-2.179714785898093,42.78789994219918,46.95191070911101,58.37766416422173,35.0,4.3150573321319,3598.4268374182266,1342.6297744071126,0.1936737770463639,0.7103123559471564,8.286343336314914,1.87807642836444,3539.970778966187,3565.847694854804,3598.788705208382,1294.2125277730318,1330.0687487107812,1373.34986375314,0.1840859479079647,0.2410430011512157,0.3111390486948893,0.184116550482534,0.1996056726160953,0.2216593806973052,8.10561368163639,8.377598905488092,8.83909202888286,True,3,0.8914095583787054,1.4466275,-0.200512283325196,19.341,6.565215142747753,41,crowding flag; α χ²>1.5,False,8386.51579163269,3
OGLE-LMC-RRLYR-14801,True,IMBMR,29,40.37265969829437,68.81254691363196,28.439887215337592,4911.930756908018,716.9246834897638,1152.0117903801067,82.03928964059553,510.26919599422257,1.615037237064952,1.0395387759082344,-0.0743362378154017,36.49223498999984,0.016398299953539,0.234012166159374,3.182058254656081,1.3871788071670157,85.90392276291944,899.506075489717,700.0,,4952.475544951648,2973.95342746212,0.95,3.1680846622083587,2635.4944856127854,13.50786276520652,32.143530605393074,29.0,11.901076180213607,4964.386123509574,715.7597208935221,1.1514378680629949,2.0144069203366244,41.92724675045552,0.7109401455371852,4841.33893181801,4974.618861187623,5462.557680029647,2745.7220018484672,2978.9315937097563,3210.040465473437,0.95,0.95,0.95,0.7925357944812669,1.0850363068189437,1.4064364677595829,36.03307662274794,41.17769820574148,45.174023217169655,False,1,0.5857531760435571,1.0744317,0.0025495758056628,19.321,82.14885445678657,42,e at bound (unreliable); α χ²>1.5,True,8325.001045176115,3
OGLE-LMC-RRLYR-04315,True,IMBMR,34,60.03720682599592,70.24860361955658,10.211396793560652,3370.2365158253265,1213.0698036004333,2403.4421874215104,246.84512220057857,851.0363045527723,0.8361473371490955,0.795643123051922,-0.9890039560712864,21.54029640555052,0.168740493620901,0.6623929409625139,7.847155183424563,1.3689795001752767,258.47328036137753,3785.469701509352,1500.0,,3337.7200651688127,1305.344082595307,0.3435216327300476,2.349825973732898,2217.366112003672,29.83162162315381,35.29708204846159,34.0,-1.5872606239245428,3387.514153309407,1213.3860145615124,0.2143669818669688,0.7484173142431683,9.07881951391533,1.2429842342980757,3281.4310829627534,3328.943263480872,3380.595489795957,1245.700910762006,1346.8729178967978,1506.9582352699922,0.2657064994420363,0.3667716564771012,0.4946386225956893,0.1846527035966174,0.2332167936126435,0.337355885361993,8.649962397212597,9.374017924391946,11.296817680323858,False,1,0.7433454325468845,1.183561,0.065588043212891,19.178,18.050832690014676,45,,False,8360.823181907197,3
OGLE-LMC-RRLYR-13469,True,IMBMR,30,71.59434981086699,75.19716973822196,3.6028199273549717,852.3050988251043,548.5186830212857,566.5359938946939,111.68115160920496,385.03784764466747,1.5394813904756737,1.085558116513453,-3.8421819528479695,43.48731889297835,0.2439308892269641,0.8007121889756551,14.030823673379604,1.368192619747956,447.5309222701218,0.0,700.0,,849.5401559720625,577.6645056157246,0.2104011491717751,1.5194133294968744,305.0617641240691,24.54758222128155,28.343884631609328,30.0,-3.006092352996532,849.322247513592,547.11420278111,0.2867754199564027,0.8728904768307135,15.16389200415087,1.2273791110640777,847.5734304658724,849.0304633539815,851.1704446044545,560.9920710245989,585.5600510854774,617.5891834113204,0.1739472135844419,0.2644746362019148,0.3526309725125114,0.2629801766848105,0.2991457369741579,0.3510037929966931,14.804779251971384,15.67927366477241,16.867348581145556,False,1,0.0397761645493042,1.0442078,-0.072072494506834,19.333,30.3255146382087,46,α χ²>1.5,False,8361.345879441422,3
OGLE-LMC-RRLYR-10900,True,IMBMR,30,77.5801629788549,98.1596221028734,20.579459124018513,4433.991114682518,1993.2228898405745,3090.0438364868237,279.83871036074487,1429.7736095881835,0.69836373768787,0.7391415470170343,-25.472379161253546,39.90794549239263,0.4324746530893708,1.09689368521321,9.800491948260085,1.3681245780988345,0.0,4291.439708981894,1500.0,,8058.63635478546,4250.607811331509,0.691710768633895,0.9528800287073518,2641.1492745718424,17.15118674522835,30.099254774973424,30.0,6.145673266420758,4335.574040978019,2017.864789590684,1.2697338241424487,2.1524134993340116,15.923336454274466,0.8575593372614175,6203.607109080781,8184.113350993166,22297.069139639636,3500.659818818405,4407.392133175699,9393.503987829572,0.6125055075286586,0.71445709574374,0.8508435464970406,1.1118874371052128,1.4498218828593104,1.9117294994825456,14.537199618094643,16.658411391752626,19.322272481976626,False,1,0.2236842105263158,1.0578003,0.0692749481201175,19.53,2.288315200615428,47,,False,8377.495408872224,3
OGLE-LMC-RRLYR-04400,True,IMBMR,29,76.55399502893857,104.9921698809796,28.438174852041016,4763.783629438085,711.670720665647,707.5900604543567,82.92737696156841,515.7929347446525,1.3156904271581988,0.9669154440815104,-144.890548015957,56.28383271127311,0.0170535947599929,0.2377579358972333,3.256971060838638,1.3622661746552742,0.0,650.0804766469215,700.0,,4738.244371481995,728.271791303712,0.3107763233718993,0.656654399481563,547.5579067678729,24.353048662416132,36.349894433461024,29.0,5.26225411107194,4622.075054503693,717.8556466346869,0.0184726096357404,0.2456164560541018,3.525481773232765,1.2817394032850595,4610.89558473268,4727.260833300741,4917.533071051829,706.284026163221,740.1770848136196,782.6116944058708,0.2338534490701149,0.3208545872851982,0.4179402265539632,0.0165565933326922,0.0190137321966183,0.0239056065491869,3.3851396004399046,3.6069890603861814,3.90431041837385,False,2,0.2236842105263158,1.0016484,-0.0497331237792977,,1.6537103290860198,48,,False,8042.477721042703,3
OGLE-LMC-RRLYR-15103,True,IMBMR,29,62.21508683017376,80.40486398449588,18.189777154322115,3343.6479333086754,1845.3315510536715,2616.446180367133,177.57809624962965,1344.574375613158,1.915699255021424,1.4031497410667977,-6.5909196719004015,44.597655805909966,0.6034827144583274,1.334520993123172,12.032079522282974,1.3606130625767658,185.9432856067295,1947.025347857218,700.0,,3596.7572237380155,2266.7027033439103,0.3719495009747313,0.5008559199444163,1754.6217059263706,33.25531426090097,34.11163119600873,29.0,-5.878274724865179,3415.827529919701,1869.9017574198383,0.9665940934665904,1.7939439782166964,14.80143837468908,1.7502796979421562,3513.7456355188237,3594.9212815997857,3701.615800028256,2031.5895866172507,2345.418371118976,3072.4097352258,0.2626929816259292,0.407527268356481,0.6266578232902449,0.7182693631256765,1.0665829628545362,2.2729149059619553,13.249494270027208,15.403567789138982,22.709457268967693,True,1,0.6860254083484574,1.5002964,-0.005520278930664,19.259,21.39268584786631,49,crowding flag; α χ²>1.5,False,8355.123147725206,3
OGLE-LMC-RRLYR-19183,True,IMBMR,30,49.486064658966,58.86549213362392,9.379427474657916,3094.7178610141877,715.5187717051485,1006.7591382265632,123.35481764928682,517.7232005854776,0.8605312571952316,1.7027054120501222,-11.939814519254668,1.820005459853519,0.0410680111649498,0.3435202803825388,5.040652975202558,1.344414594105799,17.253179099465036,966.997408965506,700.0,,2953.6549347719847,703.8434676502719,0.3021062428691121,0.821701356252855,1187.268139045385,30.255981021923553,31.758049360077536,30.0,-5.300326425170326,3014.074762546524,693.891939470129,0.0429132530422925,0.3501357404391039,5.44985928535556,1.5127990510961775,2883.372348145167,2942.7804662380395,3010.2695985626465,660.321898838946,732.1477885073022,808.0072026380027,0.1850961762247599,0.3515854441172761,0.5836098288262549,0.036061558348377,0.0492468587361595,0.0668243270342651,5.166935274054982,5.736518570280648,7.07902453755249,True,2,0.5632940108892922,1.2553339,0.1136458129882811,19.392,9.689274249472623,54,crowding flag,False,8334.270824657426,3
OGLE-LMC-RRLYR-01106,True,IMBMR,30,115.66893656751829,137.6024031713279,21.93346660380962,5001.320327067276,1532.4975024974929,1629.05902963408,123.443287919393,1137.839194499423,0.9683156844372371,1.2658580946210298,-18.12614996582942,92.95595269339358,0.1544943785842385,0.6338367791167099,6.680391778648451,1.338992072944912,24.148686340683792,2647.7423407371825,1500.0,,4762.338080229457,1596.504378263214,0.2340560440310019,4.9615857127990415,3311.1309186032363,13.908869732701003,31.744658624698552,30.0,11.03339412867323,4887.110873736581,1519.4198205372816,0.1926427166978275,0.7083768980673792,7.517454035361861,0.6954434866350503,4652.621574125705,4740.874144868256,4872.778582041083,1566.9038360260267,1605.7040778168357,1643.6508601989976,0.206453577931564,0.2435154277309466,0.2679316343795158,0.1849386374566551,0.1964705522187649,0.2078485711856881,7.439065182057467,7.570026870565561,7.794545358778321,False,1,0.0019661222020568,0.9745977,0.1626854705810565,19.157,9.871266817961017,55,,False,8456.28178939043,3
OGLE-LMC-RRLYR-03183,True,IMBMR,34,71.78420667260832,79.25861466529545,7.474407992687134,4915.056565159663,1219.5639931841583,75279.1783609655,123.4377186163395,934.6377562374814,1.468825556616882,1.22449605956223,-30.641958244506377,64.76826942919192,0.080619377153548,0.4643235119676588,5.409571957946039,1.2936188394554422,180.7806761272536,1353.4122287797702,700.0,,4583.822083665697,1309.0667538496436,0.3572320596709761,1.4884017295046206,3812.171319276424,26.06441217211495,29.249256982880127,34.0,-3.8678762384671472,4812.901747187928,1228.877884754253,0.1146337693531642,0.5479301314324319,6.666021515915912,1.0860171738381228,4498.824500458832,4580.236864996994,4679.288208164763,1260.1028158720842,1344.76210025526,1471.0684409750666,0.2819188667391553,0.3766707153730517,0.54480240655013,0.1004373582956975,0.1230757430345761,0.1619960318897391,6.318026609321864,6.941309922414383,8.2073020540868,True,3,0.6265124016938899,0.9825594,0.121903625488283,19.218,3.9063913666350145,63,crowding flag,False,8344.11299447995,3
OGLE-LMC-RRLYR-03700,True,IMBMR,30,44.86474370660165,48.53809352657413,3.6733498199724863,2162.7435256173853,688.86734260901,717.5967292598611,213.75994947838905,497.2948102351091,0.7931517539091617,0.6523695803846463,-13.934315924372964,9.224293058860212,0.0750376883618379,0.4492538568541465,6.944122998107168,1.2726388083342297,223.8295610583957,856.5831024847103,700.0,,2119.9144988371204,710.0431946893838,0.2449033084535155,2.3740386646537157,1055.265699257086,20.36031237664779,22.39422074667297,30.0,-4.768486393299128,2119.8301807662583,694.1068719326356,0.0855264244246355,0.4772004955919547,7.531546446943808,1.0180156188323894,2107.4965518366744,2125.2992767196683,2145.385411307678,694.197704473022,756.7555346432426,815.1109689359015,0.1713210027095513,0.3228210928390945,0.4624806393135757,0.0787838644222505,0.1022175531600002,0.1290619954622238,7.348496326940611,8.22635556026901,9.28969562267881,False,2,0.506578947368421,1.0169756,-0.0063421478271479,19.428,14.205262507740423,64,,False,8390.743837490907,3
OGLE-LMC-RRLYR-07553,True,IMBMR,30,46.2821913627879,73.2497980288623,26.967606666074403,3343.1805855654657,823.5333901396807,855.7498629405776,151.81926093994508,637.1891684670215,1.2306271086818712,0.940229577195696,-22.24169295788714,16.46408489793498,0.0536545631216702,0.3862224949269914,5.370419424640877,1.257252886114556,41.53994506760513,1190.1345627001033,700.0,,3413.2763823282503,2114.1246111930054,0.95,3.564702333381468,492.73602972623735,10.342196260762252,28.939128395121408,30.0,11.794537371034842,3442.1136105757832,864.5038638894384,0.8708262921553764,1.676814483834964,43.24577129764808,0.5171098130381127,3379.820935129861,3407.1074007420584,3426.8726662759864,1958.9386394015316,2174.783104844764,2368.152381270304,0.95,0.95,0.95,0.6917996149411597,0.958579054836934,1.228120700374175,40.0424910333073,44.68843889593175,48.59631799395717,False,1,0.3587416817906836,1.0083114,0.0429241027832034,19.557,3.900686525866737,66,e at bound (unreliable),True,8348.656613725816,3
OGLE-LMC-RRLYR-04978,True,IMBMR,34,42.63996012017742,78.5887079263648,35.948747806187384,4437.436157655882,1771.785943620963,4303.1558556513,271.3080704023645,1386.1882033030147,1.847610854140618,1.8023943880271955,-4.976373952832702,36.20864651001804,0.3032858987970763,0.8997612018236126,8.704943625246687,1.254371300846987,284.0886071406047,4160.618897903869,1500.0,,42621.950028056424,20001.585770155736,0.8913286837966655,2.7237038904209676,4531.280358711979,12.666633803521178,39.48193252916144,34.0,19.762577676407943,4590.668581703785,1758.8893800611322,4.729436009741688,5.840674534985464,22.567163426213483,0.527776408480049,17072.688609942532,36325.19443955016,181432.8736031192,11107.00462190244,21205.819284464375,57109.63315864755,0.8299078408129893,0.95,0.95,4.196773975873897,5.692547585600922,9.618974019348514,21.363151971246698,23.87877678278555,36.63950252132081,True,2,0.580989110707804,1.3582251,0.1296782379150407,19.244,0.8454299477086744,67,crowding flag; α χ²>1.5,False,8403.94757415563,3
OGLE-LMC-RRLYR-07617,True,IMBMR,34,45.71296685708495,63.48414971305476,17.771182855969812,3979.403109546083,411.9395259403693,608.291489138575,91.95209662248288,317.0189137539047,1.4090903726249886,0.6400748141074574,-0.1419038177167806,21.509896808757503,0.0047396603746364,0.1440378175413571,2.256848252698154,1.2479797289725567,68.83981999448115,368.4722624470085,700.0,,3817.852321030068,436.824542994894,0.2877009458461497,1.241308098123001,3115.433034027415,40.60504352946488,42.88759681777694,34.0,-4.770167760920259,3843.043679808059,425.3146238008304,0.006139959991149,0.1589819143474389,2.604570057202681,1.6918768137277034,3739.1870951505657,3823.121254552694,3895.7816762707703,421.3834464887496,474.30107032993783,521.2531279108514,0.2478935855805209,0.4095887695122632,0.648386544134117,0.0054042894688585,0.0079456526880306,0.0108003039407496,2.504577436228783,2.911725889915693,3.7810468170021374,False,1,0.8293254688445251,1.1482861,0.1419638519287112,19.44,2.2636319065058204,68,,False,8345.192983397703,3
OGLE-LMC-RRLYR-16544,True,IMBMR,35,51.58777343058409,59.67930351003588,8.091530079451786,4010.686985039601,321.5423839318091,473.84224840771526,102.7531909045539,239.04678447305727,1.6080707755444337,0.7644082744439193,-1.9505727992515816,33.61556980502729,0.0022190129811951,0.1084799153645884,1.7478585665964022,1.2357733188191602,54.99970907722553,805.4980848023337,1500.0,,4057.073432521789,336.76796173087973,0.4273008789411238,-2.1463413613728353,1101.7929409593858,42.58365325482364,47.06126481199441,35.0,-2.6330845658080477,3870.4071302061143,320.1133310797665,0.0024914333096441,0.1132180037511651,2.001629549785958,1.7033461301929456,3899.910685879885,4088.877569336192,4270.326036638734,327.22849012814936,356.7691057280989,424.2440427415448,0.3060408664569204,0.4762500273804549,0.8887813262278709,0.0021858248386497,0.0030876710727708,0.0047780137852929,1.926103041206508,2.176939568970477,4.7547866956477405,True,2,0.9426043557168784,1.146399,-0.1690226287841802,19.509,2.732060627120226,69,crowding flag; α χ²>1.5,False,8360.63615915085,3
OGLE-LMC-RRLYR-07393,True,IMBMR,29,41.39249344449263,49.47192023609415,8.07942679160152,948.0226654830147,443.6912307751034,478.99040245059376,119.95548565244168,339.7235678377211,0.8195361092437949,0.6743297195548189,-7.146681820228956,0.8402941018302386,0.1043488801998364,0.5239027492016972,10.203494940245944,1.2315190145447876,343.6768373865299,0.0,700.0,,954.0402494822672,487.4776528755295,0.4244015646531767,-2.9865974687885743,180.43553416482104,24.43048293668326,27.850863073945128,29.0,-3.3142115227110764,954.262260075547,449.8730342357041,0.1366511962579034,0.5966120613194291,12.302654267625222,1.285814891404382,948.1140194043606,954.5263819371676,959.590322937704,444.222906952303,545.5414559246943,1148.394678729741,0.3820661308210211,0.6009496230107806,0.9499999943501444,0.1032168061381746,0.1905850166260079,1.829064262948341,10.898965822301133,15.382484694854504,68.7287636873389,False,1,0.7180127041742287,1.0607066,0.0060375518798849,19.025,24.604959584056942,70,,False,8362.599203469244,3
OGLE-LMC-RRLYR-19810,True,IMBMR,29,49.163109942074755,73.678259329556,24.515149387481245,4395.632651871905,1429.795574257668,2227.8199074773097,271.5737933500779,1139.801883442323,1.7112891604457372,1.5975845312596464,8.99282305821378,35.7065956477183,0.1624283235961784,0.649856635333828,7.091520888360011,1.2202656654707544,203.31337442138013,2128.908781326202,1500.0,,8162.055385160924,3463.517585744554,0.6407468257519198,0.3471757445607717,1854.814790560492,10.720886205271976,31.223286201665193,29.0,13.767808336420272,4290.0004079591035,1456.1950404076654,0.6696314068945457,1.421832070145647,12.04990422392068,0.564257168698525,6600.825364548711,8868.299073472634,33149.46800906701,2979.0144693301363,4393.1198202958985,10247.443937649632,0.6228703404737893,0.7616292028178964,0.8795109047560001,0.5952198910254507,1.0172013151574464,1.4578036254300812,11.814507782252576,13.38563359804419,17.48831114838563,False,1,0.4103901996370236,1.048844,0.118760345458984,19.889,1.0943297331112696,71,α χ²>1.5,False,8326.24750354259,3
OGLE-LMC-RRLYR-05048,True,IMBMR,35,47.33824443050975,54.6615257871951,7.3232813566853565,1429.7597426532764,788.9147771257692,844.1306331735633,150.12765213115554,630.0894447325578,1.0408022676753084,0.8827372735080645,2.5564727655858377,38.87977167762983,0.2578973275207336,0.8246659069290118,12.02967391220853,1.2179731097207291,601.5945004901472,430.1211937751048,700.0,,1460.2730650097053,2746.0447558714163,0.95,2.830778018045391,754.8953603041726,28.62942620478405,41.97367455331006,35.0,6.233552225547186,1452.886429520453,793.0807637747973,10.426472032993058,11.625036295663682,131.29798391477252,1.145177048191362,1455.083203469899,1459.3857944428148,1464.366115431798,2537.5353810954175,2831.182789949185,3030.214271175896,0.95,0.95,0.95,8.222377429092145,11.432188353686202,13.983624356749628,121.35279182576888,135.35360368631962,144.7236665830529,False,2,0.2912129461584997,1.1280024,0.2191943969726573,19.716,238.25186311329043,72,e at bound (unreliable),True,8369.90461363327,3
OGLE-LMC-RRLYR-12371,True,IMBMR,30,49.90908641373872,59.611023841746515,9.701937428007795,1519.7865001592509,683.5658477691389,711.6456019650129,131.5827784600215,552.2561542747012,1.2081618883690852,1.0870144969446376,-15.206936487045354,32.574140848846184,0.1484768012404951,0.6214773097546014,9.805835486247684,1.204064094204938,192.70952123345975,2017.8750815909832,700.0,,1540.553540097293,2087.3261921052167,0.95,-2.935494936706515,1200.2681253509838,20.709957184068937,32.89727094563615,30.0,5.3849189982429095,1539.8499026325733,684.9435297456391,4.114339014016696,5.205899145720321,94.60150539668268,1.035497859203447,1534.698966884924,1539.4645422322085,1543.25200836944,2014.136771798796,2127.9624227723216,2299.253823894447,0.95,0.95,0.95,3.73448352359364,4.348877130222533,5.488220386444568,91.66439780235848,96.32738044263655,104.10612672694492,False,2,0.7016787658802178,1.0144222,0.1809250183105462,19.433,169.51014638980797,74,e at bound (unreliable),True,8342.922067547275,3
OGLE-LMC-RRLYR-17818,True,IMBMR,35,43.545075717468364,49.44549961939248,5.900423901924114,3121.0377196770123,419.42841081377577,566.902019589411,101.3334573931399,349.362589540412,1.482807201460743,1.2486150136910188,0.5633705007861494,13.254996048020873,0.0081331390658058,0.1772139785595523,2.929851821718709,1.1530302114488775,75.86316378409312,567.9486092144091,700.0,,2920.8824224455025,1479.6212264072633,0.95,3.0475543436940966,1192.6018107119844,30.93295811601739,44.0647555586705,35.0,6.021101319674287,3069.689132223344,423.0849057160275,0.4076676096918054,1.0605282283062605,35.368854853770095,1.2373183246406956,2912.2911845600247,2921.1769545832676,2971.6262228836245,1371.1028077417582,1522.063070344553,1667.7475159263151,0.95,0.95,0.95,0.3213358349748763,0.443710691977071,0.5727810824306787,32.63688322823071,36.27099016410827,39.61946127087686,True,3,0.9754234724742892,3.2585878,-0.1191140289306638,18.769,35.01403682354188,75,e at bound (unreliable); crowding flag,True,8360.83317648187,3
