ogle_id,in_v2,in_v3,P_v2,A_v2,D_v2,P_v3,A_v3,D_v3,coh,pred,failed
OGLE-LMC-RRLYR-01106,True,True,5012.273025239621,1534.873872379945,70.24203744612825,5001.320327067276,1532.4975024974929,115.66893656751827,1.2658580946210298,-18.12614996582942,
OGLE-LMC-RRLYR-01548,True,True,2807.499760289355,917.3834075155472,40.72759115666689,2757.394300842258,919.6766866581085,47.29994650642787,1.0000992806525604,,
OGLE-LMC-RRLYR-02150,True,True,5024.966533836801,928.5811571728808,51.748043348287496,5007.310406436336,934.5237561169475,73.92095711479183,1.0043161351941856,-21.652284421352746,
OGLE-LMC-RRLYR-03183,True,True,4931.50156916597,1262.3842429393408,58.548095577086514,4915.056565159663,1219.5639931841583,71.78420667260832,1.22449605956223,-30.641958244506377,
OGLE-LMC-RRLYR-03269,True,True,4936.100387853408,941.0920538290362,74.1485987381077,4952.6969235254,986.0547209450941,86.16956231385365,0.7695326482195292,2.7198705958085014,
OGLE-LMC-RRLYR-03360,True,True,3162.6188417971284,743.4733652697979,50.1495789102174,3125.050301948585,669.2137617319315,60.40268151171114,0.7130149211937113,-1.8775840935753507,
OGLE-LMC-RRLYR-03594,True,True,3162.0980092644004,381.4152798685552,40.435002875075725,3373.7210667637887,458.2348179847061,44.20363387429734,0.9327941224657015,11.247949426950605,
OGLE-LMC-RRLYR-03700,False,True,,,,2162.7435256173853,688.86734260901,44.864743706601644,0.6523695803846463,-13.934315924372964,
OGLE-LMC-RRLYR-03881,False,True,,,,4770.3287613853945,663.2978363296214,54.4066254733857,0.6536131057179665,0.927889522294528,
OGLE-LMC-RRLYR-04280,True,True,4931.569721054797,635.889093416344,55.743684596864114,4917.340267922995,597.8157783310755,66.6372134913779,1.0193233992508668,-2.6255362640231326,
OGLE-LMC-RRLYR-04315,True,True,3356.814436590565,1117.56411132094,44.76470358424672,3370.2365158253265,1213.0698036004333,60.03720682599592,0.795643123051922,-0.9890039560712864,
OGLE-LMC-RRLYR-04400,True,True,4747.241243095067,666.7086971005434,51.19609212358844,4763.783629438085,711.670720665647,76.55399502893857,0.9669154440815103,-144.890548015957,
OGLE-LMC-RRLYR-04633,True,True,4491.723785813993,1212.5635310491868,43.578584645450235,4477.876632148987,1166.3550008883092,40.41977435905585,1.4373994857112402,-72.86344657643502,
OGLE-LMC-RRLYR-04978,True,True,4486.349340949862,1868.598142454679,41.51938684880531,4437.436157655882,1771.785943620963,42.63996012017742,1.8023943880271955,-4.976373952832702,
OGLE-LMC-RRLYR-05048,True,True,1473.2787167097124,717.4081735937084,56.96911236466548,1429.7597426532764,788.9147771257692,47.33824443050975,0.8827372735080645,2.5564727655858377,
OGLE-LMC-RRLYR-05066,True,True,4931.772003295699,1209.931899976655,56.14384512551143,4914.1501763264405,1207.540615449612,60.03692017984318,1.3784734295867351,-5.4733443342312995,
OGLE-LMC-RRLYR-05789,True,False,2909.806865941188,1657.7892210720884,45.23815684603187,2922.587455034563,1568.8478908686022,53.25610047376421,1.326377967834964,3.1718380493488247,c2_alpha
OGLE-LMC-RRLYR-05817,True,True,3046.9729481426934,751.5533925191216,41.6311171446049,3028.2870674127034,746.8463169207278,41.02261135381217,1.0631328251392342,,
OGLE-LMC-RRLYR-05821,True,True,2707.5820717976344,381.2151272790681,54.89894791584172,2696.1325313680663,377.13722282198546,64.54974337270164,0.9378850774493007,9.158176504688441,
OGLE-LMC-RRLYR-06040,True,False,4926.591258406685,1685.176561877233,62.46520927000287,5561.658767652398,1677.0523242353859,76.38299288097357,1.1098754119046568,-6.3018276171693515,"c2_alpha,c4_cycles"
OGLE-LMC-RRLYR-06521,False,True,,,,3665.942287903356,1061.9125130617738,50.56446761143263,1.0039161992090544,8.993696096900592,
OGLE-LMC-RRLYR-07393,True,True,943.7778631568906,508.1916775731591,40.25506106059237,948.0226654830149,443.6912307751034,41.39249344449263,0.6743297195548189,-7.146681820228956,
OGLE-LMC-RRLYR-07529,False,True,,,,4399.05064727504,327.3537956766455,48.61404841933086,1.123941832388601,-4.492158886239778,
OGLE-LMC-RRLYR-07533,True,False,3817.6614502292546,1282.5564822658312,42.6256243455815,3801.2802748877793,1258.1589772082532,72.21824086947757,1.4010972919535267,13.33903396603161,c2_alpha
OGLE-LMC-RRLYR-07553,False,True,,,,3343.1805855654657,823.5333901396807,46.2821913627879,0.940229577195696,-22.24169295788714,
OGLE-LMC-RRLYR-07617,False,True,,,,3979.403109546083,411.9395259403693,45.71296685708495,0.6400748141074574,-0.14190381771678062,
OGLE-LMC-RRLYR-07957,True,True,2269.090937506029,1720.7560686072652,42.66550155333152,2259.236248987274,1752.6317009254121,40.222220524947915,1.4532940024611616,3.5901826967329384,
OGLE-LMC-RRLYR-08101,True,True,4418.701658095588,2049.5600536087204,55.7170303825871,4954.9285987076255,1724.5684875323886,59.85089957717415,0.9880856907081366,-6.526143363610487,
OGLE-LMC-RRLYR-08205,True,True,4409.830409427549,487.3110803924599,49.81107918760861,4911.390502198578,426.5943475483788,52.10764449706335,0.5045884558435565,1.1700624701285633,
OGLE-LMC-RRLYR-08275,True,True,2893.5172202309104,386.4663376336358,52.62962131181317,2881.354437548545,383.53290286929325,64.67011008404779,0.7502236962654116,-0.8317679335708661,
OGLE-LMC-RRLYR-08601,True,True,2153.836986556119,570.9879281881039,45.06542653126343,2163.2607304343537,536.05612127572,57.54837919229533,0.5036002867300425,1.75692739282875,
OGLE-LMC-RRLYR-08706,True,False,4940.9556167342425,2645.0279958119186,68.52374646575689,4957.928211108761,2589.479111460047,69.61467151300744,1.4651810080839185,-9.340024847092886,c2_alpha
OGLE-LMC-RRLYR-08711,True,False,5012.132251079462,905.7646103300808,49.60745289312979,5620.359169686233,839.8001179504724,51.6041746740118,0.763656835046027,-12.574711766575035,c4_cycles
OGLE-LMC-RRLYR-08984,True,False,4416.069251318436,2744.3069249181176,44.028037554304646,4433.416847877694,2760.4417668195865,63.081668392901605,1.4491508791227314,-290.20885830450413,c5_ceiling
OGLE-LMC-RRLYR-09642,True,True,1952.814808347786,717.336217037261,50.27685548599192,1961.667264992136,759.6283209906137,74.69717793149775,0.7978613373698117,6.931691942233833,
OGLE-LMC-RRLYR-09732,True,False,4933.48876597583,2486.932799416479,76.38870093388472,4915.973229987151,2364.4449996394756,111.4095200088779,0.8928502378847248,15.571790808117157,c2_alpha
OGLE-LMC-RRLYR-09775,True,False,3356.6965189159805,2030.8164935990928,53.45167733412316,3343.1799749526485,2120.9630058782745,69.12420875038168,0.9788496711490144,12.90212357760008,c2_alpha
OGLE-LMC-RRLYR-10449,True,True,4417.534722772919,1197.5873982168337,69.47421066281808,4433.083332909972,1136.3870185738467,95.06101727237726,0.7602993363625034,5.719219529410097,
OGLE-LMC-RRLYR-10900,True,True,4418.071062449039,1536.4208763351292,45.4765085627096,4433.991114682518,1993.2228898405745,77.5801629788549,0.7391415470170343,-25.472379161253542,
OGLE-LMC-RRLYR-11047,True,True,4404.219363173688,1127.0470033553022,60.01390866193421,4355.37592854266,1084.5198898349233,68.58485513738486,0.7481316123943836,-10.690939589058754,
OGLE-LMC-RRLYR-11055,True,True,4933.340523517607,1251.0620854776917,72.79355737597837,4915.815806013398,1346.1847386848833,93.93821060942577,1.378859265414123,14.164532841813461,
OGLE-LMC-RRLYR-11058,False,True,,,,4398.894224844867,305.0750468693661,58.5477701141528,0.9033920345740464,5.781126686409223,
OGLE-LMC-RRLYR-11166,False,True,,,,1519.4515018960985,415.40295674888716,41.23422946266464,0.767772783023405,2.1132448394410446,
OGLE-LMC-RRLYR-11189,False,True,,,,4960.736836792647,1366.7505614736572,49.00089673895914,1.258138656080275,-55.432194159026956,
OGLE-LMC-RRLYR-11538,True,True,4935.794712039952,891.8749045628991,75.95702140546888,4956.758769007014,895.7383216125521,94.52277181783435,0.9221000772994684,14.408644658532388,
OGLE-LMC-RRLYR-11998,True,True,3654.2896639429414,1610.9939925819,51.00335808634411,3637.4464922047105,1609.5227847922688,49.07897190760103,1.3589256005453565,,
OGLE-LMC-RRLYR-12015,False,True,,,,4952.06812379605,1185.3115354257477,60.83754151859381,0.9218608661357055,-5.754853994938522,
OGLE-LMC-RRLYR-12371,False,True,,,,1519.7865001592509,683.5658477691389,49.90908641373872,1.0870144969446376,-15.206936487045354,
OGLE-LMC-RRLYR-12613,False,True,,,,4256.576690621996,911.1320584318273,91.15453819637631,1.8227551814132485,4.8396726245421675,
OGLE-LMC-RRLYR-12663,True,False,4934.254359164325,1746.068300537268,51.04249025225238,16731.625953251812,77274.00396470082,11.984147373633292,4.335626302794271,2.469965036081282,"c1_D,c2_alpha,c4_cycles,c5_ceiling"
OGLE-LMC-RRLYR-13042,True,False,1267.4826401168646,927.30768782039,40.1548151158505,1257.958655514538,916.0057229097504,39.84142694239057,0.7888606564054961,,c1_D
OGLE-LMC-RRLYR-13110,True,False,5011.727784909092,2617.2630966955185,55.03032466418122,4959.421889699318,2572.4947415548436,68.77803277142417,1.254858531174925,-1.9145663773389394,c2_alpha
OGLE-LMC-RRLYR-13392,True,True,2894.704883178062,333.37067764189095,41.50956991472373,2882.7218231678785,356.5683090081123,67.8456916345441,0.67630199392709,0.011681018272533095,
OGLE-LMC-RRLYR-13469,True,True,848.4726892252959,537.2075131085958,50.596293387936555,852.3050988251043,548.5186830212857,71.59434981086699,1.0855581165134527,-3.8421819528479695,
OGLE-LMC-RRLYR-13854,True,True,4931.350108451001,1295.0207617056217,65.00071684590114,4915.472038719265,1376.2293079141127,70.85951193528379,1.1008073244988856,13.879086030379085,
OGLE-LMC-RRLYR-14801,False,True,,,,4911.930756908018,716.9246834897638,40.37265969829437,1.0395387759082344,-0.07433623781540177,
OGLE-LMC-RRLYR-15103,True,True,3357.1149341871856,2022.5588136167075,51.44041176719533,3343.6479333086754,1845.3315510536715,62.21508683017376,1.4031497410667977,-6.5909196719004015,
OGLE-LMC-RRLYR-15158,True,True,3358.144206158443,1225.2645904664028,41.87075522152716,3122.3163655564076,1123.1034284775283,48.579464643712186,0.7887827511527141,8.950148621042878,
OGLE-LMC-RRLYR-15201,True,True,2904.359811073631,383.02643922746887,66.22477517233392,2890.3261258339444,386.80252690558586,80.35590203698496,1.0081710420408987,14.399166550744305,
OGLE-LMC-RRLYR-15209,True,True,3651.0623275324706,1361.5977430545688,97.07729306727322,3664.9281621840887,1371.1827771642695,97.04110046526074,1.0926353343058257,-0.8129612563650852,
OGLE-LMC-RRLYR-15355,False,True,,,,4909.262607576543,2102.6693959774193,43.86587128756048,1.3500868862442263,4.939085787153843,
OGLE-LMC-RRLYR-15400,False,True,,,,4440.416105664078,2021.555671898909,45.559098923674725,1.5842145474813747,-59.63811947441908,
OGLE-LMC-RRLYR-15442,True,False,4061.29401423185,850.8049254835818,51.81550140857135,4015.523448976937,792.5428798148458,28.131034659873876,1.1150395797743877,-17.509032088452923,"c1_D,c2_alpha"
OGLE-LMC-RRLYR-15551,True,True,2780.3980756542596,723.6338040702454,43.024395227242366,2766.64951829433,723.3688583242595,42.633948414983934,1.1670671680354283,,
OGLE-LMC-RRLYR-15587,True,True,3997.163621541693,891.1482396323723,63.37401399766986,4012.9485743904797,874.9695891578607,71.14423339405846,0.9501606248451417,5.963290786936774,
OGLE-LMC-RRLYR-15595,True,False,4937.054380100188,2774.698962986598,50.43906119604404,4954.847375976838,3180.970889884703,66.64090188790726,1.4573567269230636,-57.79213387187364,"c2_alpha,c5_ceiling"
OGLE-LMC-RRLYR-16187,True,True,2153.6101107912887,700.0621141097823,45.92589551685728,2057.281200941607,699.3036425572493,67.21526857620236,0.45041534183024073,11.17744871324443,
OGLE-LMC-RRLYR-16544,True,True,3995.487506871255,326.2589822681496,60.34990281293375,4010.686985039601,321.5423839318091,51.58777343058409,0.7644082744439193,-1.9505727992515816,
OGLE-LMC-RRLYR-16628,True,True,1546.342198278062,740.0981605189991,48.08608267449233,1554.3068357151706,737.0258179791275,49.06831970165092,1.0903486634043285,,
OGLE-LMC-RRLYR-16750,False,True,,,,1943.9954475104296,443.24072497613633,43.59835382684955,1.1646731627408922,11.4805711712165,
OGLE-LMC-RRLYR-16755,False,True,,,,2934.010048718055,427.6153459694609,47.918925825374686,0.9074457695431661,8.452570533020381,
OGLE-LMC-RRLYR-16828,True,True,4418.075281512145,1258.2250988575454,41.094023090108806,4436.908252159791,1173.1173892403633,53.90228666137429,0.5590079228712453,-0.3909567808738288,
OGLE-LMC-RRLYR-17122,True,False,3650.5868839577447,1037.8548068241944,47.55731207923259,3664.3219995831546,977.7639011089789,46.361003769801385,0.8751464144697007,-13.67869699569939,c2_alpha
OGLE-LMC-RRLYR-17484,False,True,,,,3374.1196564184597,437.0539724334733,43.866987900059314,0.8623880477195317,-7.032167188037192,
OGLE-LMC-RRLYR-17610,True,True,3356.638924976845,345.628257241685,56.56825459856387,3343.1155626398804,349.7005843762753,63.01895078973462,0.9378847954414308,12.769983467875612,
OGLE-LMC-RRLYR-17780,True,True,4061.185381376605,457.86291009142786,61.466888998050536,4437.611860856947,452.3404008786519,79.18427602780366,1.4651898648077635,14.191085509544322,
OGLE-LMC-RRLYR-17818,False,True,,,,3121.0377196770123,419.42841081377577,43.545075717468364,1.2486150136910188,0.5633705007861494,
OGLE-LMC-RRLYR-18547,True,True,4936.924867032946,734.8304139003725,43.46733264458396,4953.585208710986,671.6948226778778,45.76833914850093,0.799843446887246,-1.853086656325118,
OGLE-LMC-RRLYR-19183,True,True,3107.4626553199637,806.4424067619739,45.62239324605426,3094.7178610141877,715.5187717051485,49.486064658966,1.7027054120501222,-11.939814519254668,
OGLE-LMC-RRLYR-19535,True,True,3359.309883473749,785.426815838638,75.17600985748436,3373.9572980905205,809.4151115501542,101.27856086293525,0.9451765275060083,27.19969444814165,
OGLE-LMC-RRLYR-19579,True,True,4921.952841591444,729.8065253592907,51.107658317924034,4907.28785028334,741.0511725709206,75.311801578602,0.8925131567488083,-0.571258151856739,
OGLE-LMC-RRLYR-19763,False,True,,,,3634.3546964559614,520.5561190589225,62.04752224001993,0.7749409146884513,-61.190855231147665,
OGLE-LMC-RRLYR-19810,False,True,,,,4395.632651871905,1429.795574257668,49.163109942074755,1.5975845312596464,8.99282305821378,
OGLE-LMC-RRLYR-19911,False,True,,,,3976.9264584675634,607.3938775241862,48.96242381670868,1.5542988358630625,-32.41191628986366,
OGLE-LMC-RRLYR-19954,True,False,4413.769656472482,1160.469830087985,41.33778774801047,4397.337473394002,1139.6229992495262,55.15474655094289,1.1180337923658035,6.354590134267035,c2_alpha
OGLE-LMC-RRLYR-20052,True,False,4416.33930131869,1835.2728527533177,45.08436052508915,7644.97855643344,2047.843822239298,44.27687642457616,0.9706027755236976,-9.783724655315524,c4_cycles
OGLE-LMC-RRLYR-21002,True,False,4932.515577743991,1556.963617431449,45.028995538772904,5569.830560899783,1415.5388254556449,47.68294757095347,0.6722395553640075,-110.55219877642409,c4_cycles
OGLE-LMC-RRLYR-21835,True,True,2709.6455211235316,1385.4757065500696,43.540690041827474,2744.978940026931,1550.6745167991296,44.67040265959699,1.0201075707043972,-15.641713194205444,
OGLE-LMC-RRLYR-22402,True,True,3899.6292140265223,1890.3244004163232,41.44448464316508,3881.951267965776,1891.5545159811775,41.183227363901466,1.0920112223822083,,
OGLE-LMC-RRLYR-22581,False,True,,,,4959.9776733347535,1849.246702192854,53.14445074408664,1.0099842840915336,-3.0579411702715262,
OGLE-LMC-RRLYR-22630,True,True,2891.1383686517665,1116.8083182308862,46.150855593369045,2878.7168610805234,1200.1450108751105,63.3768565344717,1.0509979842306543,10.228922866492816,
OGLE-LMC-RRLYR-22695,True,False,4415.851327292978,2459.874650788187,48.603916997725065,4399.54941386419,2288.984592339399,70.16605362178632,1.179418658585501,-16.627623701053352,c2_alpha
OGLE-LMC-RRLYR-22947,False,True,,,,4396.744470778433,1035.3152266098848,47.28405201743891,0.5418067155372503,-27.70818854236998,
