ogle_id,n,baseline,err_med_s,has_M,lnl_white,lnl_rn,A_rn_s,ell_rn,lnl_qp,Pq,c_best,A_qp_s,lnl_qp_c0.5,lnl_qp_c1.0,lnl_qp_c2.0,lnl_qp_c4.0,lnl_qp_cinf,in_random,is_candidate,dQP,dCoh,lnl0,lnl1,d2lnl,amp_mod,amp_mod_err,phase_amp,above,grp,ratio
OGLE-LMC-RRLYR-00199,22,8748.329925013266,226.0842701193524,False,64.71228916307327,73.81477400749004,1461.2513832470145,700.0,83.30875307590436,2922.4016714003656,1.0,875.9971900133522,80.0136125699564,83.30875307590436,79.53449467070841,74.46570494064288,74.55725246785791,True,False,9.493979068414319,-8.751500608046456,29.20483162356985,30.338888520898152,2.268113794656607,0.02395677947945501,0.014954070750967505,0.026844417754584474,False,decoh,0.892430586443384
OGLE-LMC-RRLYR-00604,22,8771.086633374824,201.55312242447675,False,79.81405722837613,84.69914624699247,780.9476032501104,700.0,104.09328246135242,2509.9124319468433,inf,780.9476032501104,91.61082142340288,96.19687497825954,99.85786167066631,102.19353674627837,104.09328246135242,False,True,19.394136214359946,7.896407483092872,41.69241770352656,41.82231040181216,0.25978539657120336,0.006334304441218367,0.01243066662327513,0.022742461031233816,False,coh_below,0.2785232623909533
OGLE-LMC-RRLYR-00723,22,8766.262419362367,124.85910569482427,False,75.32380316180364,80.0019975801449,807.0023660258606,350.0,93.18340821776721,1952.6331152180524,4.0,483.7852084026248,87.4556606820016,90.47532564221076,92.48743818639578,93.18340821776721,92.82100008188162,False,True,13.181410637622307,2.3456744396708586,44.757630024010076,45.65615865984694,1.7970572716737223,0.012892986097829049,0.009649218076825642,0.015031633515606857,False,coh_below,0.8577235524297928
OGLE-LMC-RRLYR-00934,22,8789.893712859226,158.56788666707544,False,84.90639698110458,85.69033307470319,368.3200676574401,350.0,96.53303584557695,1353.4750661024113,4.0,368.3200676574401,93.64931494773649,94.62579180950185,94.44360315949007,96.53303584557695,94.35791865286514,True,False,10.842702770873757,-0.2678731566367105,46.11691706183043,46.27298350103469,0.31213287840851933,0.005145851363383227,0.009241797572185476,0.010003793516333858,False,ambig,0.514390001650999
OGLE-LMC-RRLYR-01068,22,8723.993682163782,269.1488003540739,False,61.83603396474459,64.45827024529628,1042.857128809386,350.0,79.31371997089165,1595.828983055787,1.0,1042.857128809386,73.42680172502371,79.31371997089165,78.73923988529725,78.07340907706444,77.87897863056645,True,False,14.855449725595378,-1.4347413403252034,21.85298428435961,23.04109897003481,2.376229371350398,0.039973346563023954,0.026065383338110242,0.03005697914981031,True,ambig,1.3299189637051807
OGLE-LMC-RRLYR-01106,38,12111.1678105308,132.17955612216377,True,116.32501776644631,168.26229617141504,2377.1868632815713,1500.0,177.42044692870104,4852.028814439582,4.0,854.3166630678173,175.28919031829014,176.81268791135182,176.32379237173978,177.42044692870104,170.9304858631129,True,True,9.158150757285995,-5.8822020482389235,84.25612552526898,84.57797074398081,0.6436904374236576,0.006494922240274928,0.008124236890932455,0.02326229317347731,False,decoh,0.2792038683305808
OGLE-LMC-RRLYR-01548,22,8835.388285079003,131.50378817639344,False,75.71729625386405,87.88567951269414,849.9489693534799,700.0,105.7153250007587,2546.3035199069577,4.0,509.5310207022276,96.2223979823534,101.70044913475732,103.94245311837808,105.7153250007587,102.6103042018847,False,True,17.829645488064557,0.9098550671273813,50.12232776994751,53.62257291672433,7.000490293553639,0.016267972945323853,0.00609069352888207,0.014253738840815619,False,ambig,1.1413126848332922
OGLE-LMC-RRLYR-01965,38,12022.536553952954,301.5305190088494,True,135.34699782656367,138.59459333534318,700.3923902656298,350.0,147.73528966164096,435.6739916057417,inf,419.8742070074822,141.2995191411004,141.73191730941681,143.7792904535325,144.31248330487472,147.73528966164096,True,False,9.140696326297785,6.003372352224147,71.04267539287765,72.27869126960236,2.4720317534494143,0.009388788203819625,0.005973759837038713,0.008702089759436604,True,coh_above,1.078911900861326
OGLE-LMC-RRLYR-02050,38,11966.02265646405,242.7914655142373,True,89.72605437505986,100.0423612029349,4366.489790629185,350.0,112.34233374917358,1142.4268290603789,4.0,1569.2350672426574,107.74119527037726,106.91337483802877,110.32930203180055,112.34233374917358,110.57714244862066,True,False,12.299972546238678,2.8359471782434014,39.55099067137388,45.88603384458928,12.670086346430793,0.06746141539528078,0.018993934822412,0.044418266137349956,True,coh_above,1.5187764237954922
OGLE-LMC-RRLYR-02150,38,12126.22364068811,173.42503051858202,True,140.91336866243756,164.5388503559913,1120.8987056072133,1500.0,176.45919747323273,4856.775688350351,4.0,671.9611202144118,169.59684644164557,172.45511240939643,175.06843362963406,176.45919747323273,172.71489396054716,False,True,11.920347117241448,0.25978155115072354,75.81257645799411,79.08160375079315,6.538054585598076,0.015172994321097689,0.005982410867338716,0.01905841264234308,False,ambig,0.7961310632653136
OGLE-LMC-RRLYR-02154,37,12006.951631329417,259.76124001268846,True,85.77831025065548,92.67078132424363,2800.6004810532972,350.0,113.19424982647989,1431.1148829214496,4.0,2800.6004810532972,104.16699370319232,108.06849072040843,111.11284429414248,113.19424982647989,106.16089723928657,True,False,20.523468502236256,-1.9075934811218644,42.285092413143,49.814564662338164,15.058944498390332,0.05877946451563627,0.013975904210854859,0.07260489925127535,True,ambig,0.80957986474451
OGLE-LMC-RRLYR-02295,22,8753.396832448623,294.5064769330325,False,43.095684063140986,44.86865409595556,3175.204202642682,350.0,54.463324679789636,1352.1295287499368,1.0,3175.204202642682,51.89605972465195,54.463324679789636,53.66617732779591,53.21918714544496,52.49152239745004,True,False,9.594670583834073,-1.9718022823395955,16.531291807253687,20.511850412891754,7.961117211276132,0.08357587967959876,0.02704853477032349,0.0820220731333308,True,ambig,1.0189437609525203
OGLE-LMC-RRLYR-02512,22,8739.709910105757,310.16519185538243,False,24.50848069907522,28.853791068005428,5578.174425433632,350.0,40.30564740509451,1351.6227275327553,1.0,9304.955755661473,39.47029067082566,40.30564740509451,38.587019563272285,40.08142974690264,26.813704359537383,True,False,11.451856337089083,-13.491943045557129,12.884167784190206,12.916988113641326,0.06564065890223958,0.010946200789971808,0.04276910904627641,0.3162211079575604,True,decoh,0.03461565504172758
OGLE-LMC-RRLYR-02588,38,12112.25065795759,236.49026819074518,True,93.68973769027929,99.93669009994755,2549.7058715421613,350.0,113.98650935807484,1108.0922391136944,1.0,2549.7058715421613,113.90832572656467,113.98650935807484,106.92948482004334,104.59675505367704,100.5570271211586,True,False,14.049819258127286,-13.429482236916243,15.769125897453362,16.40599493494063,1.2737380749745348,0.037527360981532795,0.03325760556613402,0.0780293007933615,True,decoh,0.48093934714234315
OGLE-LMC-RRLYR-02817,22,8775.465695550345,350.33340279713553,False,47.62846850407216,47.62846850407216,0.0,350.0,57.35039370774847,1352.9441637014063,4.0,1357.4189670784942,53.47479018552477,55.175117598488654,55.770304259730935,57.35039370774847,57.09221068174939,True,False,9.721925203676307,1.9170930832607382,8.378445271017542,18.12615496541329,19.495419388791493,0.17239656579252538,0.0310645711741035,0.03947043942111148,True,ambig,4.367738700682312
OGLE-LMC-RRLYR-02845,35,12122.996453859485,134.99411091201716,True,124.82904326593606,135.88945995372887,872.5079864965841,350.0,145.65623467162146,3041.0196968218174,inf,872.5079864965841,140.11694987735035,143.36181455076897,144.54139201646927,144.6724853385809,145.65623467162146,False,True,9.766774717892588,2.294420120852493,71.8395315315882,72.49794076019394,1.3168184572114967,0.004985403342917111,0.004349024833906302,0.025222598855041023,False,coh_below,0.1976562118586254
OGLE-LMC-RRLYR-03360,37,12033.613017751784,91.70578172888644,True,151.03747012446144,168.44761754716063,592.722352299615,700.0,179.48872254831184,3030.5189961226274,2.0,355.32771501561405,175.94596719430126,178.531534468424,179.48872254831184,176.5979678085319,175.88354264960452,False,True,11.041105001151209,-2.6479918188194915,86.10607374034744,86.55011821218328,0.8880889436716757,0.004525258664798973,0.004843403293360846,0.010846513593435818,False,ambig,0.4172085920343663
OGLE-LMC-RRLYR-03483,42,12050.155041402775,529.0876708159273,True,160.61086900289817,160.61086900289817,0.0,350.0,169.2647579656934,1352.735591943135,4.0,264.7714283741928,164.1336472815432,166.350986986761,168.34266754773793,169.2647579656934,166.8758170849436,True,False,8.653888962795236,0.5248300981826048,41.849353830418394,43.63688064489601,3.5750536289552315,0.024650299613846596,0.009844837771550352,0.00672683539988264,False,ambig,3.6644719468350093
OGLE-LMC-RRLYR-03594,38,12076.813991760459,111.75495051243045,True,165.4287539159616,175.13004902654575,433.0112066942534,700.0,185.10823266638,3466.572162569955,4.0,433.0112066942534,180.8936597660443,184.54199742349732,184.59321169578553,185.10823266638,181.98920462654408,False,True,9.978183639834242,-2.5527927969532413,69.93164492450923,70.23958602763626,0.6158822062540708,0.007597303774989739,0.00968685524813793,0.015223093129923045,False,ambig,0.499064395793271
OGLE-LMC-RRLYR-03685,24,10252.835418656232,373.07353622590944,False,44.09659119789822,49.64192800798919,4022.2703162777498,350.0,57.912010034102295,1726.4498102999144,1.0,4022.2703162777498,55.922050247374756,57.912010034102295,53.114337136898484,53.35094400113982,52.419995819268536,True,False,8.270082026113101,-5.492014214833759,10.716317655588927,13.279912804756897,5.12719029833594,0.08808409702543579,0.03602245962888907,0.10874677620800799,True,decoh,0.8099927197561317
OGLE-LMC-RRLYR-03700,38,12023.776324594093,209.41332017234816,True,151.4619634296743,158.03298382223974,486.42338543737253,350.0,171.17726923301217,2024.829557413515,4.0,486.42338543737253,162.89916634885046,166.0595198640059,169.52720806863925,171.17726923301217,165.75033326980878,False,True,13.144285410772426,-0.30918659419711503,73.17000965812677,73.80517121882826,1.2703231214029813,0.008537411335103941,0.007743297971414689,0.014289852404495733,False,ambig,0.597445732358858
OGLE-LMC-RRLYR-03702,38,12044.908789220995,93.13359321581336,True,129.80161421767133,168.27303179115026,1004.1143395746354,1500.0,176.41625036756434,6022.454394610499,2.0,1004.1143395746354,170.08237627322475,174.89797896599154,176.41625036756434,176.25418043030697,165.65849007882704,True,True,8.143218576414085,-9.239488887164498,74.91703938360087,79.30205687906128,8.770034990920834,0.016631586953427892,0.005605640455355329,0.032516752755885274,False,decoh,0.5114774860296499
OGLE-LMC-RRLYR-04439,40,12018.162572562554,239.6187541425825,True,103.27225299936994,106.86783176819718,1548.728868921002,350.0,118.68046660826481,1352.1259557975486,0.5,2583.4354582243623,118.68046660826481,112.15582673579355,112.42120455395683,112.43039275419353,111.73903014675973,True,False,11.81263484006763,-6.941436461505077,19.23066514383541,19.39846429175543,0.3355982958400432,0.02072672631842081,0.035802510265688335,0.087384166638684,True,decoh,0.23719086781615334
OGLE-LMC-RRLYR-04950,38,12116.64552161058,202.45686286521286,True,123.73826057907078,132.19352958505226,1308.540265775527,350.0,144.0121996275301,1353.994046969329,0.5,784.4492802405899,144.0121996275301,141.82374760643938,141.8527877841786,136.3899359722943,136.84782538258716,True,False,11.818670042477834,-7.164374244942934,30.625776043660697,30.995055035660467,0.7385579839995415,0.023819541120518525,0.02771680688572724,0.025263361088848118,False,decoh,0.942849252589477
OGLE-LMC-RRLYR-04960,22,8779.916197033815,169.0429703417416,False,42.59109901592139,68.27589483626993,5071.289110252248,1500.0,76.82661074085378,4389.958098516908,1.0,3040.157950410177,72.51389575946774,76.82661074085378,76.61742718410885,70.70095297729091,47.79587127267267,True,False,8.550715904583853,-29.03073946818111,30.190615115994095,31.906948186122108,3.432666140256025,0.028645698408259326,0.015548309923172273,0.11101782227845856,True,decoh,0.2580279257902325
OGLE-LMC-RRLYR-05012,42,12018.710443239142,145.88183705165815,True,186.27599805437097,186.45172686787518,73.00367122608071,350.0,205.52879628140334,937.1261954900774,inf,203.13705176576858,199.70889828607494,200.0077351591052,200.87447472129398,202.822232589013,205.52879628140334,True,False,19.077069413528164,5.521061122298136,97.13007099399094,98.2925031988706,2.3248644097593285,0.005752703032048674,0.003597782907458864,0.005155445958219587,False,coh_below,1.115849739997148
OGLE-LMC-RRLYR-05048,40,12030.25318541659,141.07629803256057,True,147.2305858953531,159.70498206815972,546.6211363964806,350.0,176.93341351429098,1621.7421865506783,1.0,546.6211363964806,171.42249352628824,176.93341351429098,174.5296682871878,176.24569443892568,170.82112969059278,False,True,17.228431446131253,-6.112283823698192,72.82217183909961,73.69214518715174,1.739946696104255,0.006306928700056093,0.004804431443747888,0.01825025437473145,False,decoh,0.34558031743318635
OGLE-LMC-RRLYR-05057,22,8839.930433475609,101.96738561536537,False,68.80556282046977,90.72713784700402,1833.8352516782898,1500.0,103.84912208102408,4419.965216737804,1.0,659.0462184648036,98.2992017448664,103.84912208102408,103.17880101193921,99.84259965057421,80.43274787382434,False,True,13.121984234020061,-23.416374207199738,41.61145363356373,45.679305645022,8.135704022916542,0.019752236583441204,0.006019968800837594,0.02179038505982977,False,decoh,0.9064656971048273
OGLE-LMC-RRLYR-05231,42,11953.049681647015,240.10434503995702,True,129.38176349624365,177.00697146030146,1551.8673905444045,1500.0,187.29245764135018,5976.524840823507,4.0,1551.8673905444045,181.0406070999905,183.67001010417917,186.7598343222463,187.29245764135018,174.03269041203905,True,True,10.285486181048725,-9.637319692140125,76.06815513449816,76.20804595351915,0.27978163804198175,0.0033790923610262725,0.0064928379582490005,0.04329718758687842,False,decoh,0.07804415365884723
OGLE-LMC-RRLYR-05471,14,8019.430486044177,87.50369128017346,False,48.426118857768614,48.426118857768614,0.0,350.0,58.789114157412,496.67660162725906,4.0,339.0460894814215,49.84706391544928,51.54879778938037,54.726206544324015,58.789114157412,57.737150363512086,True,False,10.362995299643387,6.188352574131713,27.354488116998688,27.983100694427385,1.2572251548573945,0.024768575010021457,0.02252241252044903,0.011125658216347922,False,coh_below,2.226257047302314
OGLE-LMC-RRLYR-05821,41,11946.46040825097,93.23515317946931,True,182.66660015414368,199.13541894279615,361.2534925696649,700.0,214.96485167524935,2993.7706940605185,2.0,361.2534925696649,207.31513516467976,213.10094193954626,214.96485167524935,212.89658556046103,196.57596834736125,False,True,15.8294327324532,-16.524973592185006,70.92346907028065,76.13593657087567,10.42493500119005,0.028475136324653604,0.008819554396379133,0.01284756250842158,False,decoh,2.2163843379620176
OGLE-LMC-RRLYR-05921,37,12106.514650930487,326.91630967926403,True,90.53522034949206,100.57284051174607,2112.959514930637,350.0,114.18696275847985,2212.7315783830227,4.0,2112.959514930637,108.58566842580605,111.87490166944734,114.0429450507675,114.18696275847985,109.87009955807052,True,False,13.614122246733785,-2.0048021113768186,47.26434123256318,49.68612444018282,4.84356641523928,0.032585055039687554,0.012766115885992343,0.056720630479204955,True,ambig,0.5744833011268089
OGLE-LMC-RRLYR-06475,38,11982.194485982645,90.55833003675633,True,172.06537212358143,172.06537212358143,0.0,350.0,201.95889261794377,922.9488159469897,4.0,210.34807833513557,187.53693650557142,192.15004003151128,198.48026042273995,201.95889261794377,191.5016299336732,True,True,29.89352049436235,-0.6484100978380809,78.45843487322466,79.72214401819632,2.527418289943313,0.008401497786274678,0.0053055390983233995,0.007279144087511633,False,ambig,1.1541875920121702
OGLE-LMC-RRLYR-06509,27,11936.636684626585,104.86065449899804,True,96.46321495525196,96.46321495525196,0.0,350.0,106.62040246316919,444.42572105123486,2.0,677.7462950162677,104.30859245830221,105.1644140509408,106.62040246316919,102.60973690629662,100.06000312175729,True,False,10.157187507917229,-5.104410929183516,34.67334917924033,36.76702135249375,4.187344346506833,0.020135598104556555,0.006225009530315777,0.02221177913857705,True,decoh,0.9065279273187703
OGLE-LMC-RRLYR-06684,22,8771.22923028674,357.53452684320774,False,65.55392421566502,66.29371626422602,830.4779983178287,350.0,74.29943967318567,2196.7574577549935,inf,830.4779983178287,70.08169206460632,72.89192224178737,73.50262689678911,73.94897321751088,74.29943967318567,True,False,8.005723408959653,1.407517431398304,25.000989785496945,25.656986285827983,1.3119930006620777,0.025922308018020555,0.022843419741821972,0.02562037421130062,False,ambig,1.0117849100965417
OGLE-LMC-RRLYR-06750,22,10449.769677062592,246.13791871686394,False,44.08426837649711,44.08426837649711,0.0,350.0,53.714210746940594,641.9676339341504,4.0,1590.8642118475786,50.224143393527314,51.44701004007865,51.943455099928485,53.714210746940594,50.357551555255824,True,False,9.629942370443487,-1.0894584848228277,-7.802797322919266,-6.977713298413068,1.6501680490123967,0.10497952544407468,0.08204380138955741,0.052217971080071104,True,ambig,2.010409889022669
OGLE-LMC-RRLYR-06765,38,12044.305949937,384.4423725716899,True,101.8066918375749,101.8066918375749,0.0,350.0,128.10866671190433,659.0716507826014,inf,1489.5792525374798,120.56244297889253,122.52747457073713,124.35471550058654,124.95945649825308,128.10866671190433,True,False,26.30197487432943,5.581192141167207,-1.057800144821739,35.035046864551994,72.18569401874747,0.31151289833723195,0.022511267767641164,0.0392481473274831,True,coh_above,7.937008994029594
OGLE-LMC-RRLYR-07001,26,8006.422840582881,161.66242181252426,True,96.14826692272354,99.88347212698216,626.3851402123817,350.0,111.1494870314632,400.0,0.5,626.3851402123817,111.1494870314632,110.64010156149033,106.68967365034143,102.63178010765793,101.81887767638625,True,False,11.26601490448104,-9.330609355076945,34.03496876978292,39.164132706754444,10.258327873943045,0.06358879874374138,0.013931295750820449,0.020036307775581838,True,decoh,3.1736784768916744
OGLE-LMC-RRLYR-07228,33,11964.220773157425,141.14050637232333,True,106.62605443313099,129.49371028917994,1521.698040951478,700.0,141.25276286816825,2663.4427075675358,inf,912.2340092915982,136.36455597186614,137.8387197310676,139.1198645446476,140.74011229368983,141.25276286816825,True,False,11.759052578988303,3.4140431371006343,37.32796897695199,37.36963184495897,0.083325736013947,0.0048373532930581,0.01676010180947993,0.02491281080050704,False,coh_below,0.19417131739143814
OGLE-LMC-RRLYR-07367,42,11952.745946775958,111.78461659763525,True,189.85833304301198,206.2078522210129,259.6523067419486,1500.0,214.9399465195605,5976.372973387979,inf,259.6523067419486,209.44799663133838,211.6391728811144,212.93003527390158,213.81062638514587,214.9399465195605,True,False,8.732094298547594,3.3007736384460884,94.84667124590145,96.40616460012504,3.1189867084471814,0.008559411107226442,0.004929438410316209,0.006976866657702071,False,coh_below,1.226827389309115
OGLE-LMC-RRLYR-07393,32,9473.015506475003,131.8527533899827,True,141.2948616580457,141.2948616580457,0.0,350.0,159.24972363044975,958.3649587289824,inf,306.2663952341233,152.2126325120253,153.76741790341157,155.0005354005865,157.6474329943414,159.24972363044975,True,True,17.954861972404046,5.482305727038181,77.73414732111982,77.78665239184876,0.1050101414578819,0.0016747398192632605,0.005182176416509662,0.007090868523349773,False,coh_below,0.23618260777906827
OGLE-LMC-RRLYR-07457,22,8782.182358734617,146.657311163584,False,74.810955634641,74.810955634641,0.0,350.0,95.26174233717698,879.7858066628113,4.0,568.2456033159316,84.31638363951602,89.18990629855267,93.59687035435695,95.26174233717698,94.98845336178464,True,False,20.45078670253598,5.798547063231965,8.893992102103068,21.394684394657286,25.001384585108436,0.19575749911548868,0.03239458661819426,0.018952700600671415,False,coh_below,10.328739066798418
OGLE-LMC-RRLYR-07761,38,12053.44586566281,132.92692516559367,True,193.59084101394737,194.70302459386707,110.96311962780163,350.0,202.88724126630277,2697.8113329398843,inf,110.96311962780163,197.29556030457059,198.42751030332136,200.02055263143163,201.28685808565325,202.88724126630277,True,False,8.184216672435696,4.459730962981411,65.54650628831293,65.70936874763372,0.32572491864158337,0.005107486902651191,0.009072263250532175,0.0032895883672583058,False,coh_below,1.55262188834526
OGLE-LMC-RRLYR-07906,27,10469.59701218181,279.21354328562256,False,87.33045685732452,87.37447601812319,648.554718836317,350.0,99.19442357573008,451.00528927534936,inf,648.554718836317,93.52504024423487,94.23393389538438,97.04639738941457,97.21827484392311,99.19442357573008,True,False,11.819947557606895,4.960489680345702,12.992469468711535,15.630642795457172,5.276346653491274,0.08126267786958097,0.03537733621555104,0.01914042812595782,True,coh_above,4.245603982043345
OGLE-LMC-RRLYR-07957,36,11982.097892505506,334.0580015600607,True,103.86930161341576,118.85584373845333,1294.3575000313137,350.0,132.65722507542347,2180.781468197913,4.0,1294.3575000313137,127.0249230148315,129.7309106591384,131.39242502943867,132.65722507542347,131.36336845531864,False,True,13.801381336970138,1.6324577961802333,43.72169752378676,44.47914737187763,1.5148996961817431,0.013123085601164281,0.010667116187550767,0.03431131135068126,True,ambig,0.3824711176742512
OGLE-LMC-RRLYR-07993,22,8773.56942736184,147.06371786315688,False,72.40712287024503,84.10721407344866,950.5175262283401,700.0,95.96728880982573,3511.748208847758,4.0,569.820286626011,88.97181806906087,92.77868409919145,95.6435094155881,95.96728880982573,95.76211897170347,True,False,11.860074736377072,2.9834348725120208,15.663022004438105,17.191637973308175,3.0572319377401413,0.051477404042529824,0.029454119489602196,0.016551988441317445,False,coh_below,3.1100434987031997
OGLE-LMC-RRLYR-08275,37,11943.29692731706,100.98218566349529,True,172.03139103360246,186.09287324160027,391.2705241984744,700.0,204.0641475479548,2993.401690473201,2.0,234.5605168710214,194.5609042459559,200.20624261863736,204.0641475479548,203.85892718426896,195.9551764883426,False,True,17.97127430635453,-4.25106613029476,78.93550614373454,80.14195366927677,2.412895051084462,0.009887376045234557,0.005989113445616797,0.008132848449942122,False,decoh,1.2157334673197953
OGLE-LMC-RRLYR-08407,22,8778.657254676258,280.40567237849444,False,61.64451840777977,61.64451840777977,0.0,350.0,73.31835293116134,879.743339271659,inf,1086.4735566861534,69.72311971238082,71.33450627003029,70.57247167867743,72.23654333329527,73.31835293116134,True,False,11.673834523381572,1.9838466611310537,9.249316738967796,10.01749307515306,1.5363526723705299,0.058936686772559845,0.047777828994703404,0.03258231002703935,True,ambig,1.808855379610886
OGLE-LMC-RRLYR-08601,38,12035.841525935573,118.14500393935059,True,156.69962349151876,168.80382566571046,457.77042078315117,350.0,184.19036435247705,2208.5731964260403,inf,457.77042078315117,172.61243132214705,176.00473321482528,179.25971691987272,181.70362793340772,184.19036435247705,True,True,15.386538686766585,8.185631137651768,79.0115626740443,79.44379315628494,0.8644609644812817,0.005290889472538849,0.00572171830755664,0.01374564337447367,False,coh_below,0.3849139198798282
OGLE-LMC-RRLYR-08963,22,8812.567772320619,184.98663218564712,False,84.40965612116335,87.18860437939348,429.68529324851465,350.0,96.87891945425666,2960.0759906527364,4.0,429.68529324851465,91.28090881758442,94.54606616037289,96.45564728186612,96.87891945425666,94.65094468291991,True,False,9.690315074863179,0.10487852254702545,27.452822300099832,29.296669959731087,3.6876953192625095,0.029193085054345307,0.015245341824353068,0.012545667431526195,False,ambig,2.326945554206671
OGLE-LMC-RRLYR-09073,21,8768.835154678925,170.71483836644427,False,72.61659732739886,72.64440510142018,142.5072535778457,350.0,81.00874916897368,1352.699736320166,inf,396.53489832574934,77.0248312874418,77.8687671803516,79.11330908634244,80.27048888023819,81.00874916897368,True,False,8.364344067553503,3.1399819886220826,7.273478716489853,7.421166670520386,0.2953759080610663,0.024785421256270024,0.04561613802692553,0.011294791051328051,False,coh_below,2.1944116667262943
OGLE-LMC-RRLYR-09116,22,8797.139026144217,375.1098986804692,False,49.277752196397685,49.277752196397685,0.0,350.0,59.945698880428054,1759.8054120244726,2.0,1453.419191953581,54.743972968826526,58.77034142918036,59.945698880428054,59.197532277978,57.89724402963314,True,False,10.667946684030369,-0.8730973995472198,2.4554547003933145,6.779990489667526,8.649071578548423,0.1733077188382053,0.04621438034607137,0.03862980262874789,True,ambig,4.4863733968247494
OGLE-LMC-RRLYR-09247,38,12023.978978203942,158.50053545197133,True,144.6999403012735,144.6999403012735,0.0,350.0,153.8733540948469,1015.0590472094767,0.5,614.1339404030199,153.8733540948469,153.58925024854292,150.55301674192688,151.69741393394338,151.8630180516427,True,False,9.173413793573388,-2.010336043204177,32.419431472630194,33.02656975972265,1.2142765741849075,0.025287394697953543,0.02297228281400896,0.01802941457811391,False,ambig,1.402563271724317
OGLE-LMC-RRLYR-09642,38,12026.281877938036,115.93381933139422,True,145.91778641111458,164.70623685820283,449.20285656407486,350.0,182.2075020105703,1869.924321803118,4.0,449.20285656407486,173.91237532378392,176.52642041516148,180.10889515077284,182.2075020105703,165.4010774214145,False,True,17.501265152367466,-11.125342993746983,97.7053436989126,98.61918942593213,1.8276914540390692,0.005356459153576811,0.003964025385855475,0.011659395236728574,False,decoh,0.4594114055507172
OGLE-LMC-RRLYR-10248,27,10480.814871457798,220.04303074130587,False,48.07155512709298,48.07155512709298,0.0,350.0,76.95243330108218,756.5158233829129,4.0,3957.3699396557813,56.10366911146889,62.296248879852214,70.39836114340301,76.95243330108218,70.78072962186427,True,False,28.880878173989203,8.484480742012053,-6.257553527980794,16.711408636757067,45.93792432947572,0.3926578794104995,0.03463371759787971,0.1160678430741085,True,coh_above,3.383003155833526
OGLE-LMC-RRLYR-10330,38,11949.450241750912,108.05112477280126,True,199.9579385505806,200.60159503844665,90.19760194668396,350.0,210.59417330313173,1199.2752437211068,inf,54.0720417835741,204.0268608746201,205.950141462446,207.3821925354214,209.06930673670146,210.59417330313173,True,False,9.99257826468508,4.644031840685727,84.09788785536003,86.19984006683967,4.203904422959283,0.00842488665573938,0.003584982172123905,0.0015439776952148859,False,coh_below,5.456611634902428
OGLE-LMC-RRLYR-10449,38,11969.719677006713,112.57515484886048,True,137.10345422476206,175.76949983846353,727.6074565262878,700.0,184.6915107751363,3993.5055065204783,1.0,727.6074565262878,183.73907623708152,184.6915107751363,182.4134980069543,178.00264731359167,169.8647523984361,True,True,8.922010936672763,-14.826758376700184,81.3339184978817,81.90363951613135,1.1394420364993039,0.007779233160597524,0.0062245893564150225,0.02397185743127611,False,decoh,0.32451524388126674
OGLE-LMC-RRLYR-10792,37,11979.466015524107,266.6324366027904,True,93.22252128274862,107.46808630723628,2874.681881629886,350.0,119.85609621927371,1599.4125248765476,2.0,1723.3265127143352,116.01382751814064,119.2335710730356,119.85609621927371,118.04916621652224,109.57614319893939,True,False,12.388009912037433,-9.657427874096214,30.22600457295943,40.72905393704687,21.006098728174884,0.0981262903252556,0.02158070407425675,0.04910531896312185,True,decoh,1.9982823123284987
OGLE-LMC-RRLYR-10826,27,10496.23330624447,501.3135852553714,False,70.8839671166426,84.64069116765009,1164.4467080937086,700.0,93.4567112931013,5248.116653122235,2.0,1942.414179311956,88.75601528848232,91.82407492184814,93.4567112931013,93.2373562794345,84.0560846890757,False,True,8.816020125451217,-7.7679902327724335,36.49834957929164,36.859003385262135,0.7213076119409862,0.009755663777257588,0.011486790116517737,0.05016656487301582,False,decoh,0.19446545327453899
OGLE-LMC-RRLYR-10983,22,8789.89629293782,320.81197161800776,False,74.26092724234881,74.26092724234881,0.0,350.0,82.65282278179119,879.8786328894805,4.0,446.7231795454332,79.01177389055123,80.2584202853054,80.98450926623359,82.65282278179119,82.15824413387352,True,False,8.391895539442373,1.8998238485681185,14.326803514309153,19.37985276793221,10.106098507246113,0.10505999712080931,0.030548703986455504,0.012864835607407516,False,ambig,8.166446919874842
OGLE-LMC-RRLYR-11047,38,11978.784547013347,187.93667826504708,True,139.8563309007362,163.183690703825,728.1886615716948,700.0,174.96490856639628,4793.3297592009785,4.0,728.1886615716948,167.75276312370497,171.47903105418033,173.9343629858992,174.96490856639628,169.1455766852809,False,True,11.781217862571282,-2.3334543688994245,77.91119462597736,79.84333906211621,3.8642888722777116,0.013383643788590728,0.007846317469853589,0.018063210566487055,False,ambig,0.740933830081215
OGLE-LMC-RRLYR-11055,38,11990.917118972644,163.09386861992533,True,132.98126569034739,170.4392912835343,1758.3869205871322,1500.0,183.0812226229687,4797.14491717037,2.0,1054.1252648588086,175.81828611158153,181.65763411660572,183.0812226229687,180.26779446864072,171.52069506312836,False,True,12.641931339434421,-10.136939053477363,34.659641482914886,35.323553090503914,1.3278232151780571,0.03781482304317759,0.03294636163698348,0.025466942429435903,False,decoh,1.484859171765725
OGLE-LMC-RRLYR-11136,36,11977.893927115681,172.49853185128447,True,121.40941074767716,121.40941074767716,0.0,350.0,157.07139062396166,615.3409362933046,4.0,668.3712630842572,142.13632466170603,146.69843161956763,150.7223394159486,157.07139062396166,149.40822560599435,True,False,35.661979876284505,2.7097939864267175,22.238477636252654,36.93865398597345,29.400352699441598,0.12766542309874696,0.02109867099731576,0.021758386754035856,True,coh_above,5.867412163499067
OGLE-LMC-RRLYR-11538,38,12032.345966580475,116.69268549005314,True,147.0398558574308,179.22163817128268,1258.115302740626,1500.0,194.04652573041304,4827.136437397022,inf,754.2203090782518,185.70554174734207,191.18048314312125,193.26757504234624,193.25828413128662,194.04652573041304,True,True,14.82488755913036,2.866042587291787,80.64642926439515,82.1614116266852,3.0299647245800827,0.013073007486071144,0.008022891540313262,0.02388943519368202,False,coh_below,0.5472296594742655
OGLE-LMC-RRLYR-11647,22,8693.837966271089,383.78689351540623,False,58.64142640365439,63.585538389980584,1487.0395012707775,350.0,81.8668227829918,1752.723041452527,4.0,1487.0395012707775,70.92058114154831,76.67305969021004,80.83612981962054,81.8668227829918,75.07698290455133,True,False,18.28128439301122,-1.5960767856587097,27.396170633224372,28.5771741970963,2.3620071277438583,0.010818776422328787,0.006948278445349932,0.03865543379374523,True,ambig,0.27987724779017625
OGLE-LMC-RRLYR-11657,38,11951.241161133159,138.61537898065885,True,139.60785925905418,175.3344194695733,895.9133431435432,1500.0,184.60734569790918,5975.6205805665795,4.0,895.9133431435432,179.6910825477746,182.3234504088608,184.06493964320282,184.60734569790918,168.68308560280997,True,False,9.272926228335876,-13.640364806050826,71.93075663213065,73.14999343623191,2.4384736082025142,0.01527424918305949,0.00871482627207364,0.02516311109153015,False,decoh,0.6070095675967814
OGLE-LMC-RRLYR-11973,26,10520.832710555547,167.88752223719902,False,81.42017081384662,87.65595627166451,1810.0694141950462,700.0,97.02216783045398,2640.8750613310813,0.5,1085.1081057939623,97.02216783045398,94.19708001474251,89.98422110282092,85.21603761649291,83.6034084354649,True,False,9.366211558789473,-13.418759394989081,35.06373314742119,37.652329155833435,5.177192016824492,0.038249027075821965,0.01684928741176302,0.029931050790498667,False,decoh,1.2779045862286853
OGLE-LMC-RRLYR-12513,25,10221.480823093669,270.94670969813944,False,65.79039415223069,65.79039415223069,0.0,350.0,84.92292669628436,1152.3874856435052,inf,1751.210971571009,72.38929194102859,76.85766285861462,81.35863368031082,84.1643501466627,84.92292669628436,True,False,19.132532544053674,8.065263837669747,29.81265180755919,33.701404407682695,7.777505200247006,0.04936433617043068,0.016697654635529524,0.045828378426121676,True,coh_above,1.0771565101307086
OGLE-LMC-RRLYR-12642,27,10489.091305686912,324.5791180795623,False,101.66757492661296,104.80260410116071,451.96884303059386,700.0,115.38431153458762,3509.6034125091787,4.0,451.96884303059386,108.92406603798406,111.87713905768791,114.12191633958642,115.38431153458762,114.1080712803433,True,False,10.581707433426914,2.230932222655383,35.62275866865382,38.10060330371486,4.955689270122079,0.023100163655092626,0.010379529795083633,0.01258297670733105,False,coh_below,1.835826624524711
OGLE-LMC-RRLYR-13083,22,8754.711437073685,101.873595722958,False,83.16257248567526,90.42566586595433,658.4400258714733,700.0,104.24206927335122,2923.7543387057913,4.0,394.72442528954434,96.29713489182156,100.10290360947933,103.08824642480748,104.24206927335122,100.62849160359582,True,True,13.81640340739689,0.525587994116492,49.83271397410736,50.35132831180551,1.0372286753963067,0.009844724378749291,0.009696848586120254,0.01392473428380261,False,ambig,0.7069954929194429
OGLE-LMC-RRLYR-13229,39,11944.247473648065,260.3836142754516,True,59.15832304626529,108.64250344989088,4682.876273977659,700.0,117.65459988393434,3988.0331734957203,1.0,4682.876273977659,115.43810430722752,117.65459988393434,117.01258160269526,101.94265823081673,78.37900809535739,True,False,9.012096434043457,-39.275591788576946,31.58431046829871,34.57421941264888,5.979817888700339,0.047089486143802005,0.01867495092930513,0.16047199318231553,True,decoh,0.2934436421581844
OGLE-LMC-RRLYR-13392,38,11981.920538412693,75.8649318639959,True,172.46407723796784,191.7321115884186,293.9499820059627,350.0,206.29141868141653,2997.8997959515423,2.0,293.9499820059627,199.43161812649632,204.74104596630923,206.29141868141653,205.3846564641309,187.02241361957965,False,True,14.559307092997926,-17.718632346729578,92.26769540120678,92.9025238332493,1.26965686408505,0.005315092484514465,0.004717917049661484,0.009875717577838925,False,decoh,0.5381981048588826
OGLE-LMC-RRLYR-13469,38,11970.559971591483,129.19908257810238,True,159.18639428237617,159.18639428237617,0.0,350.0,187.58198571591325,856.9708075309461,4.0,300.1024724278337,178.32603605827433,184.27418929083683,187.52092157144992,187.58198571591325,176.8496007881557,False,True,28.395591433537078,-7.424588502681132,71.01338505857191,73.12461547045507,4.222460823766312,0.013257297308127983,0.006177844782906484,0.009296238989594646,False,decoh,1.4260925652801075
OGLE-LMC-RRLYR-13854,43,11953.318392594116,175.49545973363104,True,146.56961806846505,177.65756337374057,1892.093943379193,1500.0,192.06676066505725,4785.31639741939,4.0,679.9833066918127,183.9775607455301,187.86695814031575,190.17902134970475,192.06676066505725,190.26418464970854,False,True,14.409197291316673,2.3972265093927945,75.40180959726376,75.81864739824982,0.8336756019721179,0.0073262739099137384,0.008126319891387202,0.020739266938642646,False,coh_below,0.3532561653017246
OGLE-LMC-RRLYR-14156,27,10478.193205387386,112.45022003642228,False,103.91303954373669,119.74923462555978,726.7999648445594,1500.0,130.86385965767064,5239.096602693693,inf,435.70513205667356,124.43040852055833,126.3924451007168,128.23428112885424,129.25658703737193,130.86385965767064,False,True,11.114625032110865,4.471414556953846,61.234078860276696,65.3476635243216,8.227169328089815,0.01570879633647597,0.005493013855668966,0.013378810732914016,False,coh_below,1.174154911828584
OGLE-LMC-RRLYR-14476,27,10500.906447920377,256.41002179732726,False,92.95483920070168,93.94447437759318,595.5869032594397,350.0,112.19281134789819,1921.6206670012884,4.0,595.5869032594397,100.86491761499418,105.5998386987261,109.6714146151887,112.19281134789819,104.48116674528652,False,True,18.248336970305004,-1.1186719534395877,42.92722648048835,43.22739932182853,0.6003456826803557,0.004181246898600491,0.005635053971887666,0.016782645435741168,False,ambig,0.24914110916601367
OGLE-LMC-RRLYR-14506,43,12106.814226402033,250.52073585208353,True,178.30658692910177,179.64737402711802,125.36813221638435,350.0,189.12419305060854,406.6630057631083,inf,209.1266486979187,181.71633199968133,183.41951539665138,184.69488419075927,185.4645177094387,189.12419305060854,True,False,9.47681902349052,5.704677653957162,37.910165012890666,55.76160374685075,35.702877467920175,0.0988283402411344,0.013082536354770443,0.0057869341702495875,False,coh_below,17.07784075879197
OGLE-LMC-RRLYR-14811,36,12092.4112362501,178.63577680648282,True,83.05533014224204,118.66788014220035,5359.073304194485,1500.0,129.38428753135094,4846.111637659513,1.0,1925.951086594474,124.78629567370021,129.38428753135094,127.27314281321466,109.52171347021141,100.22799592067025,True,False,10.71640738915059,-29.156291610680682,30.900125211997455,32.36171950219567,2.9231885803964275,0.04767469272389402,0.029024629856151105,0.05946262212785736,False,decoh,0.801759004528647
OGLE-LMC-RRLYR-14872,27,10510.273358443374,327.12956656615523,False,83.63492627727477,92.87218139217359,1267.5122463449459,700.0,106.53674835976614,3014.764898158508,2.0,759.8536287701766,100.12920564084935,105.07767281192065,106.53674835976614,103.32753830287606,101.81574370685311,True,False,13.664566967592549,-3.261929105067537,31.52220351155576,31.585922582697485,0.1274381422834523,0.007871919662921154,0.02205915238851587,0.020973664021053506,False,ambig,0.3753240089580565
OGLE-LMC-RRLYR-15062,22,8807.137225859899,425.69840373991286,False,33.183339824872405,43.98306163787164,4589.64222006095,700.0,55.49011275418539,2958.9101164856843,2.0,4589.64222006095,49.410374776399166,53.90075719777697,55.49011275418539,54.47860082928058,48.540918711819245,True,False,11.507051116313747,-5.359838485957724,21.67347937842139,32.00215054812267,20.65734233940256,0.08008399818370279,0.0120452140008909,0.12123834834496923,True,decoh,0.6605500592587532
OGLE-LMC-RRLYR-15103,32,9413.3940708295,184.54632817965,True,92.05195573211327,116.92661223243957,1192.7790340447393,700.0,129.4104176402376,3160.1351431054236,1.0,1192.7790340447393,125.11755609723002,129.4104176402376,128.58503082231834,123.70000239385547,112.66814300748368,False,True,12.48380540779803,-16.74227463275392,51.163798690279975,51.46713441388776,0.6066714472155752,0.010727555978604062,0.013773459639568936,0.03352239497249833,False,decoh,0.32001162170557673
OGLE-LMC-RRLYR-15158,38,12006.540542715338,254.27651887073642,True,132.25252255854602,142.98369828631908,985.2322583059514,700.0,154.7298959289767,3027.3221576810624,4.0,590.6312217605803,147.77330204609078,151.0820762421914,153.65693705284843,154.7298959289767,152.71139533778245,False,True,11.74619764265762,1.6293190955910575,63.60928721896834,63.67334567459483,0.12811691125297386,0.0035857379389819337,0.01005689440135323,0.015477179788452703,False,ambig,0.23167902602366874
OGLE-LMC-RRLYR-15201,29,7160.704836726287,67.48046914364984,True,129.48374146893508,151.2459726639807,261.4631319525845,700.0,164.57122841789217,2867.803522429602,inf,261.4631319525845,156.11205602881216,159.79805326647593,162.34308411608342,163.40665026544534,164.57122841789217,False,True,13.325255753911478,4.77317515141624,72.53899876495464,72.86894446872275,0.6598914075362075,0.0039048461238359216,0.0048663941607511975,0.008832289502331624,False,coh_below,0.4421102957285409
OGLE-LMC-RRLYR-15209,38,9399.250203779799,100.87105502140001,True,124.35472323189992,173.41861852296108,1087.5353274548866,700.0,183.17601239514545,3759.7656410018417,4.0,1087.5353274548866,180.50905411180136,182.56106049647715,181.24178339280564,183.17601239514545,171.15684363549641,True,True,9.757393872184366,-11.404216860980739,68.96771225353531,73.47469579226356,9.013967077456499,0.023134500912808307,0.007110168148204447,0.03521091700230722,False,decoh,0.657026368023656
OGLE-LMC-RRLYR-15244,27,10496.517239818784,111.31005159886286,False,104.300027872546,110.26890497221927,719.4307095414869,1500.0,123.4129643491425,4207.492670519097,2.0,258.5499914110854,117.3524469612488,121.88766548030918,123.4129643491425,122.91163916923892,115.45545533226266,False,True,13.144059376923224,-6.432210148046522,58.53641007564712,60.71120524929393,4.349590347293628,0.009612898819731186,0.0046198213603316956,0.008333719709815026,False,decoh,1.1534943763958858
OGLE-LMC-RRLYR-15442,31,9442.033945273988,128.38236239212475,True,117.56066771190538,131.5560682906741,497.43659142410445,700.0,139.86550826771105,3790.421713651716,2.0,497.43659142410445,136.48651199834998,138.73810468401425,139.86550826771105,139.7442228970436,133.96145607428718,False,True,8.30943997703696,-4.7766486097270615,48.290885602595026,48.479789171415874,0.37780713764169604,0.0063034476229167444,0.01030911281056863,0.017585165334415957,False,decoh,0.35845256516185586
OGLE-LMC-RRLYR-15551,27,10510.34673000395,174.4804891685507,False,100.11524912144735,109.61765120799544,676.0506520118241,700.0,125.91236331238758,2639.66087787764,4.0,676.0506520118241,117.26973932474922,122.05437484648328,124.696449651444,125.91236331238758,118.42002176530215,False,True,16.294712104392147,-3.634353081181132,49.11657491312433,49.483178935488944,0.7332080447292242,0.007578959742522501,0.009066250242321244,0.020171869138015663,False,ambig,0.3757192598597263
OGLE-LMC-RRLYR-15587,38,9443.643943378855,212.16781895609017,True,140.32036576175352,161.14633165663489,492.82151055409486,700.0,170.9176288778388,3790.928820107074,4.0,492.82151055409486,166.29393538970396,169.4414765195045,170.75335491163142,170.9176288778388,169.75970841805778,True,True,9.771297221203923,0.3182318985532788,62.11149097660629,62.695110345922856,1.1672387386331309,0.010890839918840324,0.009004754145791565,0.013560682466305839,False,ambig,0.8031188655807509
OGLE-LMC-RRLYR-15789,22,8780.42253850346,443.1841946424931,False,53.23976189165539,57.09636516492037,1717.183194391209,350.0,68.73633812644893,1758.6667750311988,4.0,1717.183194391209,61.341933218205256,63.96862855875385,66.86702437240149,68.73633812644893,64.24415633908141,True,False,11.639972961528557,0.27552778032756464,9.526466447971643,11.56090981667617,4.068886737409056,0.07355448406179445,0.03650310027256544,0.046336949062707335,True,ambig,1.5873829751340316
OGLE-LMC-RRLYR-15813,22,8780.150079519834,109.19863602941763,False,97.84286773521082,99.59660995592169,152.05655089196722,350.0,108.15735260970784,419.04310780443205,inf,152.05655089196722,101.44142390284198,102.28139299715387,103.63528243827777,106.18934625698675,108.15735260970784,True,False,8.56074265378615,5.87595961255397,21.611765088856284,39.30922960015551,35.394929022598454,0.12862202984796467,0.013461181017610725,0.005146930427644034,False,coh_below,24.990046330748708
OGLE-LMC-RRLYR-15915,42,11963.40546512141,130.90453599593047,True,139.0803947114168,139.0803947114168,0.0,350.0,175.1572347850856,558.091326883879,inf,846.0758202964798,156.2274140108051,158.09323263876593,164.6308728337173,171.48107638760587,175.1572347850856,True,False,36.07684007366879,17.064002146319666,37.24059337181034,59.51678431574321,44.552381887865735,0.10735828862381566,0.0091312401410182,0.02861616234157815,True,coh_above,3.751666185784399
OGLE-LMC-RRLYR-16033,22,8799.64996750502,263.83726170357596,False,64.82836407179305,75.11179667013332,1022.2767809150932,700.0,84.1495338698828,4399.82498375251,inf,1022.2767809150932,78.17031030757768,81.32243751737796,82.92035982963847,83.68275958111094,84.1495338698828,True,False,9.037737199749486,2.8270963525048387,19.77859004470486,20.42816475332029,1.2991494172308578,0.02982516360338927,0.026595609864795935,0.029404109359623773,False,coh_below,1.0143195714114595
OGLE-LMC-RRLYR-16187,38,12015.509031636586,168.78979036671524,True,146.41960215531864,159.34251445598827,654.0011916181905,350.0,173.63702261691134,2024.426263266351,4.0,392.063414064925,164.40364632911056,167.1564597402331,170.98847614144623,173.63702261691134,167.55449802950346,False,True,14.294508160923073,0.39803828927037443,80.24461432521323,81.90988520716141,3.330541763896349,0.010195191661827245,0.005586476207130344,0.010052446477290266,False,ambig,1.0142000442240064
OGLE-LMC-RRLYR-16365,27,10504.934066398986,151.59569627435337,False,97.80984556888615,97.80984556888615,0.0,350.0,119.86607657058909,730.5878185347767,4.0,587.3801122225176,109.33668802839293,114.4339548299109,118.21900927617239,119.86607657058909,118.74577834368381,True,False,22.05623100170294,4.311823513772907,17.93462523118093,22.77399378863032,9.67873711489878,0.059460661265594066,0.019552643280882263,0.01499508710479745,True,coh_above,3.965342838626828
OGLE-LMC-RRLYR-16628,27,10474.870413505321,145.59671514637927,False,95.05266105541087,101.92404436404708,564.1361660237209,350.0,115.96588584738669,1625.8907649658988,4.0,338.1907465665318,109.83585592722523,111.01027998398266,114.63312837161476,115.96588584738669,113.99840329226373,False,True,14.04184148333961,2.988123308281075,63.65281387679804,64.5598985669937,1.8141693803913057,0.003638980771049671,0.0027187773875184977,0.007753959449728792,False,coh_below,0.46930613896580936
OGLE-LMC-RRLYR-16750,35,11963.300853542658,91.02318147218821,True,147.96864181313387,163.45383315091047,352.682878616981,350.0,176.73333967721408,1998.2485957018603,inf,352.682878616981,169.7691012793726,169.76290828881088,171.09931237737106,173.30465503752515,176.73333967721408,False,True,13.279506526303607,6.964238397841484,84.57627690468648,89.23025545121992,9.307957093066875,0.010202086136806602,0.0032171969139920846,0.010466076217877453,False,coh_below,0.9747765948216657
OGLE-LMC-RRLYR-16906,43,11960.417680371638,152.31079945500994,True,153.09932254804156,160.14532146068632,590.1508860428017,350.0,172.26185545480087,1262.5138837478898,inf,590.1508860428017,162.9094935910862,164.80681890289594,167.79493570123245,169.6266866906792,172.26185545480087,False,True,12.116533994114548,7.455036551904925,103.29671435859323,104.69232843827335,2.79122815936023,0.004342873219040586,0.0023538319829178927,0.012807693866963874,False,coh_below,0.3390831529977914
OGLE-LMC-RRLYR-17022,42,12010.488189828062,91.82241049063461,True,183.9935021469163,207.75230773591292,355.7796105301149,1500.0,218.62467499636384,6005.244094914031,4.0,355.7796105301149,212.63965024516622,216.69632053652813,218.28961678014392,218.62467499636384,216.7598665878708,False,True,10.872367260450915,0.06354605134265512,91.3750122162356,93.33327098594873,3.916517539426252,0.010631738546146564,0.005395699493515556,0.009943846159264292,False,ambig,1.0691776980320025
OGLE-LMC-RRLYR-17692,42,12010.024445702857,200.78987787434127,True,164.40372505515163,164.40372505515163,0.0,350.0,183.98025647805696,761.733715285344,inf,466.39293086424357,175.81621272241534,179.6525384323681,180.07533763382636,180.49584769633046,183.98025647805696,True,False,19.576531422905333,4.327718045688869,11.12244907145508,61.786650304523505,101.32840246613685,0.2137262571370959,0.009254170146069508,0.012510059501614263,False,coh_below,17.08435176583431
OGLE-LMC-RRLYR-17818,43,11983.840561276756,101.09652737222873,True,178.0719713583898,197.0645802902996,391.7135581853102,700.0,207.12918993409244,2998.1229967857635,4.0,391.7135581853102,203.14267257312054,206.6973412531106,206.33737304464685,207.12918993409244,200.49875503749837,False,True,10.064609643792835,-6.198586215612238,89.54533294076037,89.5986083924721,0.10655090342345375,0.00120913989146686,0.003707128473158696,0.013706583965773627,False,decoh,0.08821599127004756
OGLE-LMC-RRLYR-17838,27,10510.93279821324,206.97401399457536,False,56.29725013957439,56.29725013957439,0.0,350.0,77.37312653558342,1410.8609431596708,4.0,2231.4781186385835,65.2685302819224,71.28065465171727,76.35546826422589,77.37312653558342,76.76480443619275,True,False,21.075876396009036,5.484149784475477,13.62773539402794,17.68012109824645,8.104771408437017,0.09421613286580016,0.030093831807489386,0.06381379857803819,True,coh_above,1.4764225757628706
OGLE-LMC-RRLYR-18357,22,8770.78208257491,305.98995709432097,False,70.60227617390831,70.6031118160101,91.79698712829628,350.0,79.1482790251034,439.985342863048,inf,710.7507331298668,73.72059292515524,75.98672735227217,77.41196709954052,77.96849145827825,79.1482790251034,True,False,8.545167209093307,3.161551672831237,32.66894922500081,33.211149300768305,1.084400151534993,0.019574690518256357,0.018852235037238485,0.019066407001611684,True,coh_above,1.026658589455355
OGLE-LMC-RRLYR-18538,22,8780.351495071878,209.24993078264336,False,49.365607036843414,51.72115573527422,2256.0157811905074,350.0,68.2029575319148,1598.9265856754378,4.0,2256.0157811905074,59.404458995610185,65.3321089233565,67.86893790816396,68.2029575319148,66.23236973464547,True,False,16.481801796640582,0.9002608112889732,13.534688855107134,15.624477888648421,4.1795780670825735,0.06695328153224717,0.03287720909307297,0.06222060464599447,True,ambig,1.0760628559169325
OGLE-LMC-RRLYR-18547,38,12018.25449312618,155.51324865849736,True,152.10399142329948,164.05469693866922,602.5592526307757,700.0,175.55518841303189,4822.678994414141,inf,602.5592526307757,168.16745866313093,171.65185150360975,173.99058889840967,174.8864700527673,175.55518841303189,False,True,11.500491474362661,3.903336909422137,78.64648021316661,83.17577860524419,9.058596784155156,0.02023582805496526,0.0071408893779515694,0.01726103604434756,False,coh_below,1.1723414517514925
OGLE-LMC-RRLYR-18691,38,11953.150629010026,149.3570746720985,True,167.2628377750328,167.2628377750328,0.0,350.0,187.5117149075332,827.3386127768855,2.0,207.97623900572464,183.3089403476133,186.1123817478115,187.5117149075332,183.9846402165509,178.09441740468117,True,False,20.248877132500382,-8.01796434313033,59.38259950922774,60.64368179414427,2.522164569833066,0.02054945474706793,0.012940777042443593,0.006067394902811235,False,decoh,3.3868662047276095
OGLE-LMC-RRLYR-19149,38,11921.779771629046,191.43740528731743,True,120.87201748150204,127.7007018582961,1237.318160762069,350.0,153.01372311278314,1410.0931638941395,4.0,1237.318160762069,139.30969396836076,145.3413482445328,150.38640660215916,153.01372311278314,148.2479037389074,True,False,25.31302125448704,2.906555494374601,33.772128602101304,35.648423435574756,3.7525896669469034,0.044461175375577214,0.02297206755828967,0.03498113794255176,True,coh_above,1.2710042608846566
OGLE-LMC-RRLYR-19343,43,12004.426456673458,134.47433097770335,True,153.5583877211416,167.07110983105974,869.1484907315794,350.0,178.1630628767332,1620.9833878677257,4.0,869.1484907315794,171.27842157669528,174.5065450236616,177.31633011539918,178.1630628767332,175.09908549392392,True,False,11.09195304567345,0.5925404702623212,18.175916811267577,60.152600679876926,83.9533677372187,0.2053038378938754,0.01190852809229243,0.03639261254238107,False,ambig,5.641360252847704
OGLE-LMC-RRLYR-19535,42,11992.82883054191,97.60168510942356,True,158.96685160310346,197.45661749905113,630.8293686159312,700.0,207.38874110307896,3998.4629927905485,1.0,630.8293686159312,203.00451565248747,207.38874110307896,207.09676999631776,205.9681889750162,186.60102836460948,False,True,9.932123604027822,-20.78771273846948,97.44860016643266,97.60757869953183,0.3179570661983462,0.0028663606609827404,0.005168658066402072,0.020591453144966278,False,decoh,0.1392014755249773
OGLE-LMC-RRLYR-19613,22,8769.542248522957,170.08920557441286,False,88.77692536998141,88.77692536998141,0.0,350.0,100.94552837271333,1034.7233491350598,4.0,236.84524719367886,93.00729407549994,96.25670769604967,99.2460428023087,100.94552837271333,100.29747817540847,True,False,12.168603002731913,4.040770479358798,44.77989289232483,45.76924774506692,1.978709705484178,0.016050945013165282,0.011419094250762233,0.007170700949894579,False,coh_below,2.2384066948714767
OGLE-LMC-RRLYR-19662,42,12013.583613604378,219.39035662452005,True,163.564816479501,166.5329821927715,305.4959488532092,350.0,175.947320890252,413.54405704778867,inf,305.4959488532092,170.64474132562026,170.25693624010913,171.71841487418777,174.01085162666607,175.947320890252,True,False,9.414338697480503,5.302579564631742,51.37464359896458,52.572711353111664,2.396135508294165,0.022417253906151426,0.01448909978322032,0.008126047447733743,False,coh_below,2.758690993418126
OGLE-LMC-RRLYR-19709,22,8771.805831126447,287.42777541035946,False,44.66800923748019,59.88689245090704,5169.252733881607,1500.0,67.92907430649734,4385.902915563223,2.0,3098.885599880151,64.23034848947536,67.09421211912924,67.92907430649734,67.53766380071511,62.313334056979414,True,False,8.0421818555903,-4.780878062149824,15.257417690150312,16.233730688878683,1.9526259974567424,0.06163447812658157,0.04419668853742947,0.08317374633968294,True,decoh,0.741032847971827
OGLE-LMC-RRLYR-19714,32,11963.436046451368,147.28646090356224,True,149.3256000085472,149.4303949492517,73.70658736665828,350.0,159.22091342442693,1090.4978891862102,inf,122.94999798150573,152.67621343723152,153.30896485399623,154.7882188035998,156.75988169001397,159.22091342442693,True,False,9.790518475175219,5.911948570430695,53.19395475679204,53.51221527973584,0.6365210458876049,0.008420945999415747,0.010582408443025293,0.0035738340474818684,False,coh_below,2.3562778482535207
OGLE-LMC-RRLYR-19882,26,10221.164322519999,179.91848538113874,False,80.24698051776807,80.24698051776807,0.0,350.0,98.74011422659459,1091.9715296980278,4.0,1162.8678788493585,84.91167479532274,90.56842018335789,96.30194815562749,98.74011422659459,98.2358916206041,True,False,18.49313370882652,7.667471437246206,22.67691143702199,24.948590941903372,4.543359009762767,0.05596043852342787,0.026402781417836037,0.034291547332254285,True,coh_above,1.631901820621318
OGLE-LMC-RRLYR-19961,40,12027.29044536378,135.31954460831193,True,143.45436087435905,155.87112423849737,874.6113634303922,700.0,164.41136407453774,400.0,inf,524.3157375264957,158.900207342466,161.48923297900075,162.43855294393052,163.30401671956952,164.41136407453774,True,False,8.54023983604037,2.9221310955369972,62.11620868781738,64.10769568199862,3.982973988362488,0.019204659718683507,0.00962284799655165,0.016462410530835754,True,coh_above,1.1665764064570765
OGLE-LMC-RRLYR-20247,31,11220.794760682602,263.87549210358816,True,89.3612399555864,102.75978907056879,7916.264763107643,1500.0,111.65627031258313,4503.545431382622,1.0,7916.264763107643,108.32712999395028,111.65627031258313,108.9087220824778,97.17240658035044,93.80092935046645,True,False,8.896481242014346,-17.855340962116685,24.893475963296876,25.6241311584952,1.4613103903966476,0.04359736274876362,0.03076452831773262,0.22081707118874078,True,decoh,0.19743655920288558
OGLE-LMC-RRLYR-20750,28,7585.439125843063,149.6925099351088,True,107.75318450615984,111.29010562803359,967.5082087264221,350.0,121.10303799181773,1168.7231990304756,0.5,580.0059331857809,121.10303799181773,117.94117632979521,116.05555239590103,113.53648073234424,114.37662234412483,True,False,9.812932363784142,-6.726415647692903,6.281524084447495,6.741609803468198,0.9201714380414057,0.059540752076412296,0.06230540969364325,0.018363821284604974,False,decoh,3.2422855327135736
OGLE-LMC-RRLYR-21192,40,11994.504172135934,112.67247411364055,True,179.80739396968352,201.34046699014795,436.5662885936119,1500.0,211.4371055350358,5997.252086067966,4.0,436.5662885936119,205.4797894494119,209.20054073831204,211.26592445321114,211.4371055350358,206.00190690930918,False,True,10.096638544887867,-3.1986338290028584,87.59349361720619,89.79778458475288,4.408581935093366,0.015316860199370978,0.007312290673997979,0.014014917466545916,False,ambig,1.092896924718454
OGLE-LMC-RRLYR-21683,25,10208.785432902465,217.9380663394315,False,89.39236852555182,91.64593369155294,506.22458952111583,350.0,105.17003592105364,1879.9718401775856,2.0,506.22458952111583,100.02164421453406,104.45425142450755,105.17003592105364,104.09391734647845,101.24669900887336,False,True,13.524102229500699,-3.207552415634183,39.2282243760838,40.51872493516822,2.5810011181688424,0.014772547209201669,0.00913724843043289,0.014471575913431478,False,ambig,1.0207974098723311
OGLE-LMC-RRLYR-21853,37,11981.090655204507,249.10862728050108,True,105.08392523279268,105.08392523279268,0.0,350.0,129.9082227720662,959.8485103989537,4.0,1610.0648045980026,119.3775418195862,121.11975828935725,127.14156710686494,129.9082227720662,127.60858444726507,True,False,24.82429753927353,6.488826157907823,27.418699404762584,28.541709235052164,2.246019660579158,0.0324620092014693,0.021670419088139263,0.04499345754020855,True,coh_above,0.7214828772040806
OGLE-LMC-RRLYR-22061,22,8769.12776164732,216.65249799114773,False,64.09870535813323,64.09870535813323,0.0,350.0,84.61971204537214,837.7722056014223,inf,839.452383615314,72.55170315599764,74.97296777188315,77.84894043109716,81.75311482069432,84.61971204537214,True,False,20.52100668723891,9.646744273488991,17.601561048851238,31.02632429392008,26.849526490137684,0.13209364873727203,0.016200022368921832,0.03061123855465832,True,coh_above,4.3152010494907085
OGLE-LMC-RRLYR-22108,36,12007.398713885288,268.01335346190587,True,130.22939481375818,130.2383954421339,134.1219656659783,350.0,138.8788180725675,508.1784111130355,0.5,622.5390181774013,138.8788180725675,138.32886755052505,135.51360386653775,132.78249000283068,133.3210544962534,True,False,8.64042263043359,-5.557763576314102,34.5554655981785,35.59051952429179,2.0701078522265846,0.025939609393012254,0.01813372349750032,0.019841713687415337,True,decoh,1.307327068702968
OGLE-LMC-RRLYR-22236,33,11591.02348063271,285.71481862790114,True,98.09311700636614,98.09311700636614,0.0,350.0,106.23575444801843,463.99574120833734,0.5,1107.044634865962,106.23575444801843,103.35036407969075,99.1240692839636,98.41569870090449,98.63808078851498,True,False,8.142637441652283,-7.597673659503442,10.009656946746254,10.459909125471043,0.9005043574495772,0.049758123181781015,0.05244050195436485,0.03186688381148436,True,decoh,1.561436740289269
OGLE-LMC-RRLYR-22630,37,11980.96894277022,257.2308951723495,True,121.4597408427285,142.9102212191725,996.6794294739801,700.0,154.4727268203107,3425.6286265481203,2.0,996.6794294739801,148.98789563670647,153.2779480456311,154.4727268203107,153.28291008273015,151.3680377854526,False,True,11.562505601138184,-1.909910260178492,58.14325363701002,60.25368533935276,4.220863404685474,0.017119622187822047,0.008461995546098312,0.027099229347058218,False,ambig,0.6317383409163436
OGLE-LMC-RRLYR-22689,38,12001.796661999595,157.27528659070367,True,156.11242002006745,156.11242002006745,0.0,350.0,168.11965900404863,469.1366694998437,2.0,365.3176277713436,164.63849065227913,165.1954673523879,168.11965900404863,166.84744758672355,161.38265814315622,True,False,12.007238983981182,-3.8128092092316876,34.66912429682073,37.659685793861,5.981122994080536,0.053787544413385555,0.022002324692826446,0.012031553310703645,False,ambig,4.470540338755303
OGLE-LMC-RRLYR-22799,22,8772.443418735726,203.53694431505977,False,66.08007000141656,66.08007000141656,0.0,350.0,86.08161293767066,1099.3956384594153,4.0,788.6342167448055,74.68073467986872,82.86048575909683,84.69200606211284,86.08161293767066,80.30503881213784,True,False,20.001542936254097,-2.5554469469589947,7.550654885937566,27.993628541568825,40.88594731126252,0.20798090307586606,0.018601924383633436,0.022965686619749712,True,ambig,9.05615871711014
OGLE-LMC-RRLYR-22801,21,8791.34210209981,281.539826555599,False,63.17075290922866,63.17075290922866,0.0,350.0,72.1672414196577,1173.1099746987497,1.0,1090.8680060286974,69.46562490973113,72.1672414196577,71.22319166371665,70.80175874824323,69.9597134474611,True,False,8.996488510429039,-2.2075279721966012,12.634716621072226,16.535402287977064,7.801371333809676,0.11170582632897987,0.040299218325504614,0.030766955175029618,True,ambig,3.6307078712696286
OGLE-LMC-RRLYR-22824,21,8779.749313456601,165.2792398565597,False,32.363491666897744,38.69822009647952,4958.377195696791,350.0,46.71475227545459,2197.718910662295,0.5,4958.377195696791,46.71475227545459,46.037928269215904,45.779461329685496,46.367541247140984,44.51086911383564,True,False,8.016532178975076,-2.203883161618954,41.093870070223176,44.11168201012102,6.035623879795693,0.02204411366937719,0.008257714332633106,0.12744706869426975,True,ambig,0.17296681591208957
OGLE-LMC-RRLYR-22988,37,11628.932220292003,235.17361481099482,True,103.23262639352721,104.94474903287603,911.2152102884392,350.0,118.0626115883991,445.22909455767734,0.5,1519.9985817870092,118.0626115883991,112.35292045427273,109.4397742116136,109.73929792703986,111.04591111116419,True,False,13.117862555523061,-7.016700477234906,20.105332386993386,20.430873374582017,0.651081975177263,0.02647638108791402,0.033097647659386574,0.04603024388987753,True,decoh,0.5751953248663194
OGLE-LMC-RRLYR-23029,22,8789.574740666976,121.40690069346205,False,75.23710215083943,83.72082615451521,784.6897153897515,700.0,96.31406267310307,2931.1314888019074,4.0,470.40912576340855,89.49039060038731,93.61899437969929,96.06500912919763,96.31406267310307,96.2373673983962,False,True,12.593236518587858,2.6183730186969143,41.641461128506705,41.81179645982773,0.34067066264205437,0.006254253757386474,0.010750132568664552,0.01323710492500364,False,coh_below,0.47247897427879265
OGLE-LMC-RRLYR-23734,22,8753.68300265848,242.98870741774545,False,72.31024875172659,72.53999149687594,941.4959510033664,350.0,84.50127713370527,1597.4642759419264,inf,564.4119943655713,77.75070910038855,80.27459099014463,83.08200294692311,84.18537863778575,84.50127713370527,True,False,11.96128563682933,4.2266861435606415,36.50409302322882,36.51781688453072,0.02744772260379591,0.0022565249463045345,0.013637382031602991,0.012588535786429694,False,coh_below,0.1792523757002021
OGLE-LMC-RRLYR-23844,22,8749.841267284508,309.37335836191346,False,57.252334661250586,57.90978322375199,1999.5740862797152,350.0,71.88684214034637,1597.2531093076523,4.0,1198.713172070577,66.00602500850343,68.24347847314762,70.40678404009712,71.88684214034637,69.93179343174522,True,False,13.977058916594387,1.6883149585976014,12.048048810842321,19.645113528001595,15.194129434318548,0.13831549392122522,0.0289912208705584,0.03402197356229078,True,ambig,4.0654753219410855
