c_max,q,thr,P,e,snr,power,leak,n_qp_in
0.5,0.01,16.245511648831826,2000.0,0.0,4.0,1.0,0.2722222222222222,120
0.5,0.01,16.245511648831826,2000.0,0.0,8.0,1.0,0.2722222222222222,120
0.5,0.01,16.245511648831826,2000.0,0.5,4.0,0.9666666666666667,0.2722222222222222,120
0.5,0.01,16.245511648831826,2000.0,0.5,8.0,1.0,0.2722222222222222,120
0.5,0.01,16.245511648831826,4000.0,0.0,4.0,0.7333333333333333,0.2722222222222222,120
0.5,0.01,16.245511648831826,4000.0,0.0,8.0,1.0,0.2722222222222222,120
0.5,0.01,16.245511648831826,4000.0,0.5,4.0,0.7333333333333333,0.2722222222222222,120
0.5,0.01,16.245511648831826,4000.0,0.5,8.0,0.9666666666666667,0.2722222222222222,120
0.5,0.05,12.109270741798277,2000.0,0.0,4.0,1.0,0.37222222222222223,120
0.5,0.05,12.109270741798277,2000.0,0.0,8.0,1.0,0.37222222222222223,120
0.5,0.05,12.109270741798277,2000.0,0.5,4.0,1.0,0.37222222222222223,120
0.5,0.05,12.109270741798277,2000.0,0.5,8.0,1.0,0.37222222222222223,120
0.5,0.05,12.109270741798277,4000.0,0.0,4.0,1.0,0.37222222222222223,120
0.5,0.05,12.109270741798277,4000.0,0.0,8.0,1.0,0.37222222222222223,120
0.5,0.05,12.109270741798277,4000.0,0.5,4.0,0.9666666666666667,0.37222222222222223,120
0.5,0.05,12.109270741798277,4000.0,0.5,8.0,1.0,0.37222222222222223,120
1.0,0.01,13.598000815055132,2000.0,0.0,4.0,0.9333333333333333,0.35833333333333334,240
1.0,0.01,13.598000815055132,2000.0,0.0,8.0,1.0,0.35833333333333334,240
1.0,0.01,13.598000815055132,2000.0,0.5,4.0,0.9666666666666667,0.35833333333333334,240
1.0,0.01,13.598000815055132,2000.0,0.5,8.0,1.0,0.35833333333333334,240
1.0,0.01,13.598000815055132,4000.0,0.0,4.0,0.5333333333333333,0.35833333333333334,240
1.0,0.01,13.598000815055132,4000.0,0.0,8.0,1.0,0.35833333333333334,240
1.0,0.01,13.598000815055132,4000.0,0.5,4.0,0.7,0.35833333333333334,240
1.0,0.01,13.598000815055132,4000.0,0.5,8.0,1.0,0.35833333333333334,240
1.0,0.05,11.342167353737796,2000.0,0.0,4.0,1.0,0.4375,240
1.0,0.05,11.342167353737796,2000.0,0.0,8.0,1.0,0.4375,240
1.0,0.05,11.342167353737796,2000.0,0.5,4.0,1.0,0.4375,240
1.0,0.05,11.342167353737796,2000.0,0.5,8.0,1.0,0.4375,240
1.0,0.05,11.342167353737796,4000.0,0.0,4.0,0.9666666666666667,0.4375,240
1.0,0.05,11.342167353737796,4000.0,0.0,8.0,1.0,0.4375,240
1.0,0.05,11.342167353737796,4000.0,0.5,4.0,0.9,0.4375,240
1.0,0.05,11.342167353737796,4000.0,0.5,8.0,1.0,0.4375,240
2.0,0.01,13.411632179865432,2000.0,0.0,4.0,0.4666666666666667,0.475,360
2.0,0.01,13.411632179865432,2000.0,0.0,8.0,0.9333333333333333,0.475,360
2.0,0.01,13.411632179865432,2000.0,0.5,4.0,0.8666666666666667,0.475,360
2.0,0.01,13.411632179865432,2000.0,0.5,8.0,1.0,0.475,360
2.0,0.01,13.411632179865432,4000.0,0.0,4.0,0.13333333333333333,0.475,360
2.0,0.01,13.411632179865432,4000.0,0.0,8.0,0.8666666666666667,0.475,360
2.0,0.01,13.411632179865432,4000.0,0.5,4.0,0.5333333333333333,0.475,360
2.0,0.01,13.411632179865432,4000.0,0.5,8.0,1.0,0.475,360
2.0,0.05,11.243751298618633,2000.0,0.0,4.0,0.9,0.6583333333333333,360
2.0,0.05,11.243751298618633,2000.0,0.0,8.0,0.9666666666666667,0.6583333333333333,360
2.0,0.05,11.243751298618633,2000.0,0.5,4.0,1.0,0.6583333333333333,360
2.0,0.05,11.243751298618633,2000.0,0.5,8.0,1.0,0.6583333333333333,360
2.0,0.05,11.243751298618633,4000.0,0.0,4.0,0.6666666666666666,0.6583333333333333,360
2.0,0.05,11.243751298618633,4000.0,0.0,8.0,1.0,0.6583333333333333,360
2.0,0.05,11.243751298618633,4000.0,0.5,4.0,0.8,0.6583333333333333,360
2.0,0.05,11.243751298618633,4000.0,0.5,8.0,1.0,0.6583333333333333,360
4.0,0.01,12.959612811041605,2000.0,0.0,4.0,0.16666666666666666,0.325,360
4.0,0.01,12.959612811041605,2000.0,0.0,8.0,0.7666666666666667,0.325,360
4.0,0.01,12.959612811041605,2000.0,0.5,4.0,0.8333333333333334,0.325,360
4.0,0.01,12.959612811041605,2000.0,0.5,8.0,1.0,0.325,360
4.0,0.01,12.959612811041605,4000.0,0.0,4.0,0.06666666666666667,0.325,360
4.0,0.01,12.959612811041605,4000.0,0.0,8.0,0.6,0.325,360
4.0,0.01,12.959612811041605,4000.0,0.5,4.0,0.5333333333333333,0.325,360
4.0,0.01,12.959612811041605,4000.0,0.5,8.0,1.0,0.325,360
4.0,0.05,11.092906442963228,2000.0,0.0,4.0,0.5,0.5083333333333333,360
4.0,0.05,11.092906442963228,2000.0,0.0,8.0,0.9333333333333333,0.5083333333333333,360
4.0,0.05,11.092906442963228,2000.0,0.5,4.0,0.9666666666666667,0.5083333333333333,360
4.0,0.05,11.092906442963228,2000.0,0.5,8.0,1.0,0.5083333333333333,360
4.0,0.05,11.092906442963228,4000.0,0.0,4.0,0.23333333333333334,0.5083333333333333,360
4.0,0.05,11.092906442963228,4000.0,0.0,8.0,1.0,0.5083333333333333,360
4.0,0.05,11.092906442963228,4000.0,0.5,4.0,0.7,0.5083333333333333,360
4.0,0.05,11.092906442963228,4000.0,0.5,8.0,1.0,0.5083333333333333,360
inf,0.01,17.299316700642724,2000.0,0.0,4.0,0.0,,480
inf,0.01,17.299316700642724,2000.0,0.0,8.0,0.13333333333333333,,480
inf,0.01,17.299316700642724,2000.0,0.5,4.0,0.23333333333333334,,480
inf,0.01,17.299316700642724,2000.0,0.5,8.0,0.9666666666666667,,480
inf,0.01,17.299316700642724,4000.0,0.0,4.0,0.0,,480
inf,0.01,17.299316700642724,4000.0,0.0,8.0,0.0,,480
inf,0.01,17.299316700642724,4000.0,0.5,4.0,0.23333333333333334,,480
inf,0.01,17.299316700642724,4000.0,0.5,8.0,0.9333333333333333,,480
inf,0.05,13.342672732052348,2000.0,0.0,4.0,0.1,,480
inf,0.05,13.342672732052348,2000.0,0.0,8.0,0.36666666666666664,,480
inf,0.05,13.342672732052348,2000.0,0.5,4.0,0.7333333333333333,,480
inf,0.05,13.342672732052348,2000.0,0.5,8.0,1.0,,480
inf,0.05,13.342672732052348,4000.0,0.0,4.0,0.03333333333333333,,480
inf,0.05,13.342672732052348,4000.0,0.0,8.0,0.2,,480
inf,0.05,13.342672732052348,4000.0,0.5,4.0,0.4666666666666667,,480
inf,0.05,13.342672732052348,4000.0,0.5,8.0,0.9666666666666667,,480
