M2,P,n_inj,eps,eps_lo,eps_hi,eps_lc_sims,eps_lc_sims_x_alpha,eps_series_sims,smear_corr,eps_final,f_max_final,f_max_final_bkgsub,f_max_final_bkgsub_b_half,f_max,f_max_lo,f_max_hi,f_max_bkgsub,f_max_bkgsub_b_half,f_max_old_method
0.4-1.5,300-1000,1766,0.09399773499433749,0.08704585715920349,0.10142452357033273,0.10119840213049268,0.06168021182484657,0.13131313131313133,0.7706647546860595,0.07244074138045634,0.2306898622026712,0.026076553106551336,0.11332917038618111,0.17778454606298247,0.16476631152551927,0.1919832280627947,0.020096280402918387,0.08733879729444091,0.2709352667979166
0.4-1.5,1000-3000,1563,0.29878438899552145,0.287085548362714,0.3107457796738861,0.5230769230769231,0.3188142770719904,0.5573770491803278,0.9384615384615386,0.28039765736502786,0.059598731330203714,0.006736878108886167,0.029278593836893275,0.05593111709449888,0.053778186994058695,0.058210330482407674,0.006322300994493174,0.027476834216161386,0.052417177801429765
0.4-1.5,3000-10000,1807,0.3503043718871057,0.33895439072773237,0.36182282237870633,0.6070991432068543,0.3700256423356962,0.6134020618556701,0.9897246536313423,0.34670487313151066,0.04820048964404932,0.005448451943070586,0.023679070468943096,0.04770521291781782,0.0461865410729279,0.0493026351157089,0.005392467212182551,0.023435759818186852,0.04516266640719964
0.4-1.5,1000-10000,3370,0.3264094955489614,0.31828180943665396,0.3346413069636502,0.5678851174934726,0.3461247766936925,0.5862068965517241,0.9687452004300415,0.31620763218784737,0.05284927669610839,0.005973938157707819,0.025962843040834526,0.05119748314555424,0.04993808086200205,0.052504868803200606,0.005787223917945334,0.02515137958532695,0.0482812724548342
0.15-0.4,300-1000,1311,0.012204424103737605,0.00920985450792719,0.01603053029671984,0.0017513134851138354,0.0010674218610116088,0.007067137809187279,0.2478108581436077,0.0030243888102957465,5.525527865341711,0.6245906059613744,2.714482045053003,1.3692858020067462,1.0424698583013365,1.8145069102376017,0.15478033405172414,0.6726781249999999,15.65580138210704
0.15-0.4,1000-3000,1177,0.09005947323704333,0.08169902412851443,0.09914631060305266,0.12390924956369982,0.07552242524829254,0.10902255639097744,1.0,0.09005947323704333,0.18555898725868952,0.020975082040657924,0.09115808507116847,0.18555898725868952,0.16855236009560884,0.20454766535068386,0.020975082040657924,0.09115808507116847,0.22127658893335966
0.15-0.4,3000-10000,1373,0.18499635833940276,0.17444906820687697,0.1960147792914195,0.329073482428115,0.200569590772127,0.3487544483985765,0.9435678424724523,0.17455661470357092,0.09573595750178665,0.01082173163642808,0.04703144098405267,0.09033337086699522,0.08525553382927156,0.09579497797660368,0.010211037972000325,0.04437735529769305,0.08331943333275814
0.15-0.4,1000-10000,2550,0.1411764705882353,0.13426724390892267,0.1483729492050437,0.23102585487906588,0.14080976938333872,0.23217550274223034,0.9950483670775515,0.1404774165285955,0.11896107616354874,0.013447035732614684,0.0584410599630857,0.11837202458232741,0.11263066978484469,0.12446330289055905,0.013380450947771728,0.058151681286549704,0.11868029271052964
0.05-0.15,300-1000,1451,0.013094417643004824,0.010142600307633228,0.016789334826779186,0.0,0.0,0.0,1.0,0.013094417643004824,1.276219004351384,0.144260316967555,0.6269579409048938,1.276219004351384,0.9953547784550715,1.6476390807138488,0.144260316967555,0.6269579409048938,inf
0.05-0.15,1000-3000,1337,0.02019446522064323,0.016376435796431603,0.0247941234571475,0.0016207455429497568,0.0009878409767222506,0.0,1.0,0.02019446522064323,0.8275210293676954,0.09354072113553359,0.40652966211825853,0.8275210293676954,0.6740042524915059,1.0204506557255997,0.09354072113553359,0.40652966211825853,16.91703932182144
0.05-0.15,3000-10000,1439,0.04169562195969423,0.03644055707982313,0.047624532687028286,0.03901734104046243,0.0237809867503121,0.030120481927710843,1.0,0.04169562195969423,0.4007937491152216,0.045304632738455336,0.1968947514619883,0.4007937491152216,0.35089781891904126,0.4585919092924559,0.045304632738455336,0.1968947514619883,0.7027187232547235
0.05-0.15,1000-10000,2776,0.03134005763688761,0.02804585789814557,0.034987666939251004,0.0213903743315508,0.013037387863906494,0.015384615384615385,1.0,0.03134005763688761,0.5332263533315065,0.06027445327547962,0.26195386166565837,0.5332263533315065,0.4776352957724411,0.5958578520795326,0.06027445327547962,0.26195386166565837,1.2818016017749634
