sample,P,M2,n,comp_cuts,comp_tier1p
MACHO,400-1000,0.05-0.15,558,0.0,0.0
MACHO,400-1000,0.15-0.4,422,0.004739336492890996,0.004739336492890996
MACHO,400-1000,0.4-1.5,581,0.10671256454388985,0.08261617900172118
MACHO,1000-3000,0.05-0.15,624,0.0016025641025641025,0.0016025641025641025
MACHO,1000-3000,0.15-0.4,519,0.10211946050096339,0.08092485549132948
MACHO,1000-3000,0.4-1.5,716,0.5600558659217877,0.4022346368715084
MACHO,3000-10000,0.05-0.15,673,0.01634472511144131,0.007429420505200594
MACHO,3000-10000,0.15-0.4,591,0.15228426395939088,0.11336717428087986
MACHO,3000-10000,0.4-1.5,832,0.4050480769230769,0.2824519230769231
OGLE-only,400-1000,0.05-0.15,270,0.0,0.0
OGLE-only,400-1000,0.15-0.4,232,0.004310344827586207,0.0
OGLE-only,400-1000,0.4-1.5,318,0.015723270440251572,0.0
OGLE-only,1000-3000,0.05-0.15,338,0.0,0.0
OGLE-only,1000-3000,0.15-0.4,285,0.014035087719298246,0.0
OGLE-only,1000-3000,0.4-1.5,356,0.12921348314606743,0.0
OGLE-only,3000-10000,0.05-0.15,367,0.0,0.0
OGLE-only,3000-10000,0.15-0.4,334,0.005988023952095809,0.0
OGLE-only,3000-10000,0.4-1.5,425,0.023529411764705882,0.0
