ogle_id,P,T0,chi2nu_I,bands,failures,D,P_best,amp_s,selected,ok,n_train,n_test,P0_train,P_kep_train,A_kep_train_s,e_kep_train,A_gp_h0_s,A_gp_h1_s,lnBF,chi2_h1,p_h1,chi2_h0,p_h0,med_err_test_s
OGLE-LMC-RRLYR-00402,0.5246909,6000.49945,2.6388179323003875,I,,55.11610126587763,5188.672933845375,1810.1875303402949,True,True,14.0,7.0,5703.009873192887,4168.450930992545,1232.2783390890288,0.3740147030962439,2863.56795538822,0.0,-107.19899338261374,237.21399042351783,1.453813781206655e-47,10.78606852167649,0.1482266555031116,254.5689769430224
OGLE-LMC-RRLYR-00604,0.5620639,6000.3026,1.7226996354607664,I,,61.32781741724935,2523.2754873887125,849.8124256223045,True,True,14.0,8.0,2710.9544951185567,2567.4106381093293,862.9139270975961,0.1929551481304392,817.3979201565021,0.0,8.128736157380441,7.283131170147907,0.5064158030496255,9.60917469432555,0.2935346571060114,190.40101597562472
OGLE-LMC-RRLYR-00723,0.5268023,6000.24427,1.238743216178951,I,,48.6711396822175,1962.949586340858,945.0991989857074,True,True,14.0,8.0,2029.80054869474,2026.4076032043072,1004.854265953678,0.2075636520029717,1861.0839342098584,1330.616624397024,7.386261138657577,7.695374245773991,0.4637781897271972,5.078315366463622,0.7491738307771734,144.02210080356528
OGLE-LMC-RRLYR-01106,0.6011289,6000.05304,1.6810070328693076,IMBMR,,117.05960812887864,4847.340455039209,1540.838067382528,True,True,30.0,8.0,5001.3292654830675,4810.199675719985,1603.6848006715095,0.240248088047517,2640.0771235819047,0.0,-25.85729508317175,84.16826976347039,7.056762395206249e-15,16.13314872854642,0.04051351261179,144.64193720148376
OGLE-LMC-RRLYR-01548,0.5851175,6000.21948,1.858580024878353,I,,79.5674557523158,2678.6035023552367,948.1897365587904,True,True,14.0,8.0,2757.31664572373,2655.9369147070192,893.7817792072524,0.0718549074957961,1037.8942798711043,0.0,-1.0016305524679154,31.255100958343164,0.000126546052006,6.382901069114083,0.6044234738403277,123.35884834419494
OGLE-LMC-RRLYR-02150,0.5771101,6000.14288,1.6303802878796492,IMBMR,,74.23980678062452,4874.464137452417,844.6623498779729,True,True,30.0,8.0,5008.38034032765,4972.225554246323,935.5193987403864,0.2795382177454391,1324.710207611207,0.0,0.8800861639735764,19.853537251056725,0.0109046000973957,5.533251231824305,0.6993533175906865,182.73153387744568
OGLE-LMC-RRLYR-02403,0.5836018,6000.01152,1.379013749461316,I,,44.123719387638886,5187.097292421339,491.6788840540912,True,True,14.0,8.0,2753.572690399378,6503.028781909148,1161.1398928893032,0.95,60.71385530932926,0.0,7.91555008218166,66.3413383707381,2.6188265010011818e-11,80.78988895972617,3.389698592260298e-14,109.74898167102457
OGLE-LMC-RRLYR-02594,0.6060311,6000.2332,1.6591809142294442,IMBMR,,88.52243147577661,7121.877429771934,2572.6964602991716,True,True,30.0,8.0,5666.281233564146,5706.562649340524,2134.933178566171,0.9242898772647672,1304.6077432923246,0.0,-169.02234495641773,365.2430610227866,5.0365756463158726e-74,14.76075403301388,0.0639678302334326,323.84913083083575
OGLE-LMC-RRLYR-02845,0.5662143,6000.01182,1.973414037131822,IMBMR,,52.802593701311025,2973.582775462285,1085.3561527294437,True,True,27.0,8.0,2909.812805964469,2939.5828035877853,1275.8310731593224,0.6565847926437471,1052.1905359920388,0.0,-3.5280510619319685,24.171901852026313,0.0021445004380284,2.846321801837605,0.9436282174482608,143.58146065622566
OGLE-LMC-RRLYR-02907,0.5714698,6000.46204,1.425112200195661,IMBMR,,81.70115062104048,5575.560645983503,1501.371434298259,True,True,30.0,3.0,5610.825402846935,6170.190707724111,2083.89457150523,0.501667909746155,2620.2317407074747,0.0,2.1605514579329306,0.4584685052654737,0.9279162285171706,0.7988797012743439,0.8497349752896428,344.2935254614273
OGLE-LMC-RRLYR-03183,0.5950056,6000.05743,1.8308951087204253,IMBMR,,74.63879936555287,4457.99858652409,1359.6960070669395,True,True,34.0,8.0,4914.957297706149,4587.010457059414,1313.0346210363982,0.3780924855813323,1340.7434122337704,0.0,-29.08229098521688,78.9812819185747,7.837043734369454e-14,7.628146835999496,0.4706098693083106,113.75990568325189
OGLE-LMC-RRLYR-03269,0.5593497,6000.52607,1.7791587777760476,IMBMR,,84.33638705610593,7077.487789683597,1461.8417331585206,True,True,33.0,8.0,4952.761698862648,5271.078542115507,1321.9073775702382,0.53101177204421,1312.832907004506,0.0,-949.2296064387122,1918.0678605295875,0.0,4.951060883211549,0.7627937905072701,173.14370179350772
OGLE-LMC-RRLYR-03360,0.5362165,6000.06804,2.0375423503299093,IMBMR,,60.79382434958046,3086.993556794502,574.2335987522195,True,True,29.0,8.0,3125.162524417467,3112.5010010567307,698.7328846749507,0.3559536818630184,628.5057400438684,0.0,-11.170823890995608,46.882705736478734,1.6143920153124896e-07,6.001023801162884,0.6471172016522946,81.6512901829016
OGLE-LMC-RRLYR-03401,0.5997645,6000.04399,2.4571297337497024,IMBMR,,42.34586781057817,3106.191213963496,878.1701364882449,True,True,33.0,8.0,3123.5899914081233,3085.5283162815554,1124.7723542946655,0.6953795831824068,1073.8814264086434,0.0,0.3699087992015322,23.539747150395044,0.002736175262721,10.945427049114768,0.2048105946643245,252.5878389569124
OGLE-LMC-RRLYR-03594,0.4655834,6000.04626,1.7280462658891855,IMBMR,,54.9744771303653,3274.263339951771,458.7052329520202,True,True,30.0,8.0,3373.719785511767,3238.3440356838737,443.9376423945648,0.5569954113547223,323.90920611474326,0.0,1.2912047397952442,20.018210596437783,0.010267373152257,12.40752052379199,0.1339264211340565,108.67587808170238
OGLE-LMC-RRLYR-03632,0.4901785,6000.20276,2.066755319097819,I,,57.7254833849523,5188.412646057973,813.1850158457183,True,True,14.0,8.0,4008.5473579273207,3780.6119801786103,664.5396647847738,0.6617293247518208,591.7812499559551,0.0,-733.3632332236283,1498.214525493152,0.0,10.38729600123327,0.2388877816749388,90.19560953921498
OGLE-LMC-RRLYR-03688,0.5910913,6000.55457,1.952410888100354,I,,52.41218276536355,4646.934351371846,1132.6753676122485,True,True,14.0,8.0,4689.558836347474,3901.9024238766256,1185.636957231355,0.95,1440.0187139602367,0.0,-61.4600900544947,144.26133619521107,3.0792291507562807e-27,9.348169208743958,0.3137813341580079,140.78298127193275
OGLE-LMC-RRLYR-03700,0.5571703,6000.50039,2.059857706819384,IMBMR,,59.31858147081647,2112.074633598485,693.5240943569897,True,True,30.0,8.0,2162.835935940187,2117.701847773311,706.7929240955608,0.2323778013473918,876.0991786039122,0.0,6.661653536835136,9.490281267384283,0.3026372045925086,8.109181683591292,0.4228783059864971,168.86466788869788
OGLE-LMC-RRLYR-03702,0.5054489,6000.45905,2.026398932547675,IMBMR,,101.75753656770668,7116.887663911738,1118.7654788004002,True,True,30.0,8.0,6533.767336985443,102227.72138749926,14258.41721334273,0.8550820513998612,1493.4431646704456,0.0,-525.3472288598228,1088.2933068559282,1.2927193817629069e-229,24.89917277324,0.0016169009491623,85.86948677373955
OGLE-LMC-RRLYR-03925,0.4818554,6000.36345,1.7556918513730189,IMBMR,,126.6089052129218,7119.945767810615,1330.9450030775088,True,True,34.0,8.0,6532.545526671677,6249.306401664417,1439.1965425557046,0.3315768774087357,1240.2135518816435,0.0,-102.32163368033576,239.39758921344645,3.0375363110325676e-47,16.501855978470317,0.035735041191843,81.4247600646551
OGLE-LMC-RRLYR-04194,0.5927026,6000.45744,2.4314108206422818,IMBMR,,49.955786238164364,5613.811257002345,3098.36132641271,True,True,28.0,8.0,16173.38723053436,6299.491092081039,4637.086255899707,0.5932108715870158,2383.9322411650433,871.27421664992,1.24749350959096,8.53747863810743,0.3828010681430595,3.9256902460523095,0.8637649045284406,280.1923356585173
OGLE-LMC-RRLYR-04400,0.5060056,6000.49016,1.5957607585353892,IMBMR,,83.88583155786486,4763.86787677064,714.2112174231866,True,False,,,,,,,,,,,,,,
OGLE-LMC-RRLYR-04633,0.5781526,6000.48297,1.9220446078347464,IMBMR,,53.81665705985091,4844.357551940819,1155.826185703455,True,True,30.0,8.0,4478.054633606454,4937.608453853228,1485.4998750068637,0.6874232719166371,2100.6310605122485,0.0,6.997389148924714,10.14678010978938,0.2548746896885653,6.477376471913653,0.5939181335491488,186.57184567883417
OGLE-LMC-RRLYR-05000,0.5460046,6000.16523,3.8107883894163983,IMBMR,,72.86998979036187,7081.3794594016135,1511.573190158177,True,True,30.0,8.0,4962.094270823031,5664.703661276458,1677.013542354483,0.673451638124531,1285.7267092737366,0.0,-40.2475281127694,92.6758498353886,1.329720943221305e-16,5.656925179520158,0.6855988534648532,258.1816606608196
OGLE-LMC-RRLYR-05014,0.3015725,6000.12712,2.370472473591269,I,,47.620041462191864,5406.430154594592,957.9267253298729,True,True,18.0,8.0,5074.170955513035,12631.93606690687,5229.2575901936825,0.95,772.0799281028252,0.0,-210.5008693590057,441.8530919950792,2.0574212032384763e-90,6.036985195634929,0.6430888522096179,240.40697141941317
OGLE-LMC-RRLYR-05048,0.4902513,6000.19132,1.873613767888804,IMBMR,,66.28911485059592,1450.550268871564,682.452241696701,True,True,33.0,7.0,1479.933158362869,1453.4808092214694,754.4560110534704,0.236350345356799,3057.2647361120635,571.1733977254165,3.4140628405209625,26.307371600340705,0.0004437740169703,8.237149973806588,0.3121476286327904,109.45487083137584
OGLE-LMC-RRLYR-05057,0.4950536,6000.03364,2.8288531773146413,I,,68.10017694299498,3843.472233486207,1332.2969821843144,True,True,14.0,8.0,3480.981135568338,27830.661975081533,26900.3301742997,0.5927243849634083,3322.390536572858,0.0,-20463.508644161047,40955.96124887216,0.0,8.207496048399705,0.4134683982205147,88.89321581135368
OGLE-LMC-RRLYR-05152,0.5888237,6000.4837,2.515267507975215,IMBMR,,55.49095463563003,5234.1575357446745,669.3241210873874,True,True,35.0,8.0,9345.326980814014,5943.598039798553,1408.9546438746718,0.95,622.7784673347769,0.0,-43.41144896430842,107.62367284070216,1.1714585068874074e-19,4.815103176778056,0.7771430390555738,175.4707382493134
OGLE-LMC-RRLYR-05231,0.5866731,6000.0059,2.3928588706160516,IMBMR,,115.28705724373168,5694.492626933684,1751.4021743680148,True,True,35.0,7.0,6478.855474620855,5769.310022494178,1855.3168170384215,0.2305973002753324,2719.108886945813,0.0,0.177175448517886,21.07043745743377,0.003667286175304,5.428819752339164,0.6077828604255158,192.20407135044783
OGLE-LMC-RRLYR-05817,0.6067904,6000.44228,1.9025835256222512,I,,56.64674111155546,5145.625908324392,1145.1178970020892,True,True,14.0,8.0,3028.215605443048,3112.074665464682,965.0463701533852,0.4509938095822155,653.6737137423597,0.0,-530.4414765325472,1087.7284287381312,1.711948887553129e-229,11.15859794526951,0.1928737507892307,171.35602962775133
OGLE-LMC-RRLYR-05820,0.5832821,6000.27134,2.039525982069682,IMBMR,,130.87493757646257,6846.4217395901715,1487.6511598639063,True,True,33.0,7.0,6485.8185835716495,6381.958759655418,1386.852109409857,0.0654864354670615,6484.693954878738,0.0,-34.956022425444296,86.38634271361217,6.818291752199354e-16,6.009773050882453,0.5386086638211464,253.07497297595435
OGLE-LMC-RRLYR-05821,0.4602487,6000.35849,1.7492711908255163,IMBMR,,68.45208087762171,2781.0762146019656,412.0061069069195,False,True,33.0,8.0,2696.1225800915076,2742.8609162064836,397.11371641753425,0.1708830907736811,403.3765671718263,0.0,-79.0334511857695,184.7536088890477,1.0327134013225786e-35,6.516920172017294,0.5895314671009337,70.98642477477037
OGLE-LMC-RRLYR-06475,0.4729982,6000.1263,2.6368281571487993,IMBMR,,75.94069046007513,933.23193296707,340.1904046993218,True,True,30.0,8.0,927.269946647528,923.448231039549,1295.020982193864,0.95,0.0,97.12285787242295,-5.318678751333763,31.487269210630473,0.0001150350112035,12.3512577106841,0.1362062399959126,110.57882329902212
OGLE-LMC-RRLYR-06521,0.5466593,6000.1413,3.498656582530862,IMBMR,,95.00910062522412,24090.38558816571,32400.01308442872,False,True,35.0,8.0,3665.918251116859,3845.5925185251376,1625.544222212,0.6676215652716905,1214.6492361864025,317.3940795550199,-311.79244478858186,729.9932608592735,2.4903893239294426e-152,94.88992573875956,4.7105485697934427e-17,203.37660987967135
OGLE-LMC-RRLYR-06998,0.4569249,6000.10469,1.8971702515083977,IMBMR,,79.06113297475645,6331.180321944662,887.3793179232945,True,True,33.0,8.0,6478.14821299799,6690.305809048523,1159.0817753205629,0.468122724003013,1698.219942782591,0.0,-128.51362849417114,291.23946875388634,3.010508215144401e-58,16.69941814505878,0.0333957268514011,75.25257899883944
OGLE-LMC-RRLYR-07361,0.5403652,6000.0965,1.8804206799064112,IMBMR,,63.48371433724236,5693.4010036488135,959.7701697179056,True,True,33.0,8.0,5569.6039054509065,6184.113011367481,1239.0521737783658,0.4615727326050176,922.9391313283894,0.0,-77.10128667638409,169.81220451832132,1.4120399428545463e-32,7.570579261627399,0.4764990530685549,96.12450580894102
OGLE-LMC-RRLYR-07393,0.7069703,6000.68206,2.122297354519308,IMBMR,,47.14670364317453,957.5545477986108,440.3598220823744,True,True,29.0,3.0,590.1468514778128,593.6755231183247,484.2993135769636,0.5049805742638326,0.0,125.60624085925404,1.9447101530984463,1.9748961725112064,0.5776334131684149,1.3650345728475726,0.7137508935206809,163.34776314858186
OGLE-LMC-RRLYR-07453,0.5908318,6000.3482,1.5731113980606817,I,,57.28540005025343,6185.649865577725,1209.864087317152,True,True,19.0,8.0,7675.691378204575,28215.617467980617,6161.538780298756,0.8089821558173972,1832.7619258385105,0.0,-409.64705363899526,842.7223428249004,1.2707976092839843e-176,3.893080566232638,0.8666389001860573,143.39983571155824
OGLE-LMC-RRLYR-07549,0.5886888,6000.17216,3.124104808612103,IMBMR,,49.15234919141088,3267.7469192491953,1281.3723964955202,True,True,29.0,3.0,3125.5045453944012,3215.3834375840456,1341.2206898790032,0.5175183926489386,1204.2697504728185,615.5987760285852,0.1656079362611784,3.7593413501366326,0.2886509665528533,2.039678005565687,0.5642123615549475,244.95507914621157
OGLE-LMC-RRLYR-07553,0.6236675,6000.00953,1.7693217961618772,IMBMR,,51.86325133501444,3507.0013002521832,866.805418889071,True,True,30.0,3.0,3343.2281608029803,3418.1924693640735,2121.653928421235,0.95,1190.1345626941527,0.0,-7.228596868930003,25.855690361632444,1.022449970258955e-05,5.7513497177569635,0.1243545746660297,248.19074783968765
OGLE-LMC-RRLYR-07631,0.541021,6000.19297,1.6683629899702137,I,,42.92748485019615,6181.025168107866,498.11094834198315,True,True,19.0,8.0,2562.1487553225,2632.907079387986,762.5017148472434,0.95,216.52603977887696,0.0,-36.99364262415201,97.68366484328884,1.2688889087032348e-17,16.1763883237353,0.0399239198480351,107.14019806187282
OGLE-LMC-RRLYR-07957,0.6174733,6000.10414,3.796725172859577,IMBMR,,57.66521092061123,2188.291962985499,1840.9920674442471,False,True,28.0,8.0,2259.4368446548356,2236.4664135525336,2131.1388997686818,0.3530746278838355,2431.9610149834675,118.72426071275872,-9.50686989032978,41.75315858062552,1.5066074642846646e-06,9.93805228439961,0.2694007978776349,605.7331726657034
OGLE-LMC-RRLYR-08101,0.5152615,6000.466,1.809006611630743,IMBMR,,79.41623494857814,4811.366546999511,1645.2248256216496,True,True,29.0,7.0,4953.698947388795,4887.306038002778,1885.8409531921204,0.5044158285120617,1231.2189943166716,0.0,5.13147056568841,17.585914241443625,0.0139847204015109,4.678770379443605,0.6990970181576379,57.03529238545824
OGLE-LMC-RRLYR-08146,0.5700725,6000.08944,1.6565788535699175,I,,42.94404925033163,6187.044690403737,818.0176597026725,True,True,19.0,8.0,5366.3948910458985,5876.915773288573,863.7931517082665,0.5150343769815457,864.3682800537955,0.0,0.5949929208481137,12.014004936057448,0.1505801100427001,3.64606999085668,0.8875623013344122,160.2529332040977
OGLE-LMC-RRLYR-08205,0.4284189,6000.25921,1.3873916974125426,IMBMR,,71.34744637309433,5198.081066689248,410.8145327821184,True,True,30.0,8.0,4911.070423442424,5007.787180977551,422.0306762728702,0.2952868239081724,541.657998124504,0.0,-10.99345405299412,36.70244774317045,1.3053383713615512e-05,4.5678732721797655,0.8026048155254196,83.87325026151616
OGLE-LMC-RRLYR-08275,0.4720777,6000.07783,0.998076173646234,IMBMR,,77.25750625308632,2916.636641840778,330.09726373595566,True,True,29.0,8.0,2881.3794403183856,2847.790926349356,376.3717358628846,0.1939442005785061,328.7446501833875,0.0,7.584891756211135,6.2684294846986806,0.6171915863335576,7.345333164072678,0.499872898236256,97.97414106730236
OGLE-LMC-RRLYR-08456,0.5171011,6000.23108,1.3555190581371572,I,,46.75523583807029,5190.50070860479,1534.1536157688522,True,True,14.0,8.0,4685.797146644844,389342.01734445145,55211.105418682746,0.95,2107.431448839104,0.0,-186.99601501934475,406.1932630530339,8.864235269105665e-83,20.78968331658295,0.0077276042278082,245.100027563038
OGLE-LMC-RRLYR-08522,0.577669,6000.52025,1.4075838609161315,IMBMR,,67.72178039893171,7074.655554427442,1648.5050189356082,True,True,30.0,8.0,4951.960013987099,5234.689050736149,849.7372178237915,0.8517692643913226,468.42142066798465,0.0,-679.9256633411792,1436.916429836184,5.894266656976724e-305,63.05750805783013,1.1671908644563424e-10,177.146429190528
OGLE-LMC-RRLYR-08601,0.5451097,6000.50525,1.2182116430238588,IMBMR,,64.67306258134391,2189.033766397355,584.8544737337844,True,True,30.0,8.0,2163.294259793573,2178.898598561298,557.5988691820181,0.3612041775190914,822.9162813616769,0.0,-2.399847658843875,28.2962959874189,0.0004210681972044,5.891080731019928,0.6594310952011966,125.10428721118656
OGLE-LMC-RRLYR-09117,0.5179216,6000.24244,1.934367412821986,I,,42.88625603308816,6186.5076278385395,2012.1874145263205,True,True,19.0,8.0,6279.07186866962,24160.215444122354,11288.51566428609,0.95,10174.88042095545,0.0,-203.0532185189613,429.74508028137575,8.063257017523391e-88,14.020216539142014,0.081239999163327,476.18565626832094
OGLE-LMC-RRLYR-09245,0.6461045,6000.49956,1.6326498833602718,IMBMR,,104.51681670489296,7081.503564919846,3498.034488249487,True,True,30.0,8.0,11928.310387423837,16891.93279481186,41084.66587429661,0.0546319688258703,10402.886594980995,0.0,-1447.2277315997296,2909.206453476656,0.0,6.905210241343434,0.5468935460234197,579.8139588636818
OGLE-LMC-RRLYR-09636,0.6423198,6000.37355,1.215126999460083,IMBMR,,72.4163615401913,7118.057671441908,757.5682965367145,True,True,30.0,8.0,400.0,394.4823866748782,450.1514645930189,0.4947643588544278,340.1883411590815,0.0,-95.47981854328636,215.36296134830872,3.672429748513742e-42,16.13949359236294,0.0404264950113011,264.09588869666175
OGLE-LMC-RRLYR-09642,0.63062,6000.33503,1.1714557308279936,IMBMR,,74.40710766249765,1910.972009451761,735.7492790281638,True,True,30.0,8.0,1961.673244579879,1966.5123363474172,797.9091836458224,0.327356517110742,1285.6066501730093,240.18342600305084,-6.977487223715272,46.15188399992219,2.224068508314295e-07,10.567601872896017,0.2274229694533114,115.93381933139422
OGLE-LMC-RRLYR-09694,0.5462282,6000.13426,1.7729605852996766,IMBMR,,62.972166683494834,7069.687396045317,1469.3220209058709,True,True,34.0,8.0,6475.078461461857,5378.1899691371655,2391.3458975306426,0.8179591739960987,993.2407508040062,0.0,-74.06246895229467,179.931515347514,1.0641651512985587e-34,22.1639903778213,0.0046209642130245,106.59279866417656
OGLE-LMC-RRLYR-10299,0.5736247,6000.50247,1.2356219600797975,IMBMR,,101.83732515172032,7081.183401500717,1418.9441289153633,True,True,30.0,8.0,6479.860233888484,17668.622230590285,3646.983654090652,0.6600620071324615,1187.0638624048147,0.0,-248.56442965275787,531.8330004773736,1.0349625786622861e-109,24.923784468156345,0.0016014622223223,134.94001981161637
OGLE-LMC-RRLYR-10447,0.6001853,6000.52276,1.429868575028777,IMBMR,,45.433243552807824,5765.787110348294,401.33570312359745,True,True,30.0,8.0,5571.45247261312,8485.494483258833,884.9294873649769,0.4440203946713662,540.2498397605741,0.0,-406.4466096021667,832.2212688469782,2.3337678158055712e-174,8.163650087534183,0.4176498787859269,111.99618636563476
OGLE-LMC-RRLYR-10449,0.4968173,6000.4789,1.2282995067892144,IMBMR,,93.23824852395036,4454.775516532825,989.538652834268,True,True,30.0,8.0,4433.026590330248,4190.904394920547,1198.490395049662,0.1366317819019648,2514.481279305109,918.9869867428736,-73.30110180239161,170.61004111433203,9.608010233812431e-33,6.520717158587331,0.5891106135229964,105.8896264068851
OGLE-LMC-RRLYR-10826,0.6337657,6000.28611,1.616583051417776,I,,56.513394177719675,4571.81961520489,2276.244379215623,True,True,19.0,8.0,5319.85168223538,7929.259709597728,58031.663255534506,0.718565098266174,16683.115871023216,0.0,-108115.8240259515,216270.60977790167,0.0,26.252814349263986,0.0009506080737535,402.95909773942304
OGLE-LMC-RRLYR-11047,0.6598576,6000.22318,1.1271584182940366,IMBMR,,76.69580708396313,4455.356283580262,1003.812189900478,True,True,30.0,8.0,4354.996617304889,4676.141686645612,1101.1133605133878,0.3605366606589417,740.6284818387559,0.0,7.300511532557248,6.885319766615504,0.549054963250747,7.282279288301325,0.5065056631664536,217.69173016561896
OGLE-LMC-RRLYR-11055,0.6775115,6000.65044,1.390204858535241,IMBMR,,95.30162064257274,4456.132454035916,1237.5955423152186,False,True,30.0,8.0,4916.598598392279,4747.471955175944,1306.063342664049,0.121662718405294,1721.0873133925472,0.0,-43.33327626688752,108.13030829155151,9.219680897638249e-20,6.973170997286122,0.5395300764046123,175.74853575567022
OGLE-LMC-RRLYR-11079,0.5457754,6000.30562,1.231551797087696,IMBMR,,104.35704071428428,7078.576580342897,686.2496986220685,True,True,30.0,7.0,5615.089200455425,10715.195227045506,1164.079507493591,0.3782544565051058,412.3239328146723,0.0,-70.05946981771149,155.1404379297373,3.375849576836322e-30,6.6091622437301005,0.4706746403267832,107.64510541783449
OGLE-LMC-RRLYR-11152,0.4932443,6000.21582,1.949826298380534,IMBMR,,87.85887416918035,7070.961479344049,3088.070650605589,True,True,31.0,8.0,5613.7852407315795,18666.772806488705,10473.748856808768,0.7024218544958367,2303.9596331722114,430.4371932064637,-181.53335822879927,378.91777023933514,6.0303170950644734e-77,3.3008960899505526,0.9140811277976584,55.514216220758904
OGLE-LMC-RRLYR-11166,0.4912322,6000.2098,1.4566253157759057,IMBMR,,30.90087112362977,17144.98389557682,1588.187283471888,False,True,28.0,8.0,1519.4108277850894,1481.94152485241,538.6468522064013,0.5411614848845347,1201.4015248465444,160.47599936191605,-6.3824607607207255,38.479444031851074,6.138046587605902e-06,8.59268882263618,0.3778115628823794,141.50406483073095
OGLE-LMC-RRLYR-11180,0.5537551,6000.36046,2.800094868140908,I,,46.10592951900374,5189.075735586739,2184.030339518655,True,True,14.0,8.0,10232.671211806904,3965.538880224195,4762.855441667443,0.95,9454.602441595924,461.55784500482633,-46.82224268524609,126.54398857661867,1.4708034959157084e-23,22.28907459797557,0.0044075849380501,282.2884824470032
OGLE-LMC-RRLYR-11292,0.5419663,6000.1025,1.2038705284302709,IMBMR,,50.81396755236176,4815.482080355406,786.3656118794379,True,True,30.0,8.0,5613.936034948981,5051.756554137569,1247.669804980496,0.7437979301247597,2372.2714027087977,0.0,-39.48325895918633,118.9152658830468,5.551885613142049e-22,23.017671910341935,0.0033416315473373,132.54138017626198
OGLE-LMC-RRLYR-11538,0.5167656,6000.48087,1.2439928582160769,IMBMR,,102.6389151111676,4815.428755052486,896.2383897660336,True,True,30.0,8.0,4956.890563192169,5013.882459054508,935.3011661053793,0.2138211221358206,1194.1444303264116,0.0,-11.2058862535459,40.39836493558581,2.7001796186962323e-06,5.268218879661266,0.7285615139014409,163.46071512640745
OGLE-LMC-RRLYR-11985,0.6162404,6000.50516,1.704589997144412,I,,66.6737853145398,6179.895825638915,1748.337227368918,True,True,18.0,8.0,6272.9406843353845,227320.1331002749,27079.58080954347,0.95,2202.2546987646656,0.0,-296.4293074719871,611.056734699207,9.817268234499759e-127,3.728627054976359,0.8807402822386847,176.31334346287537
OGLE-LMC-RRLYR-12190,0.6120942,6000.1083,1.523004795475044,IMBMR,,50.07040079958461,7031.110218004241,312.3834539864308,True,True,30.0,8.0,7589.303793480777,7522.619665382785,644.3821555370002,0.3112160465131178,1427.204432181333,0.0,-118.90684987335068,264.0657382811002,1.78917617460817e-52,16.430508116658668,0.0366167207083439,73.01186720695667
OGLE-LMC-RRLYR-12355,0.5867324,6000.42915,2.062509536691612,IMBMR,,56.60069603467201,7071.837561824903,661.927990124742,True,True,30.0,8.0,16724.51031160366,191220.73819196917,54590.92077920106,0.7695133790310826,1626.314721193187,0.0,-284.00515903027815,596.7042792778266,1.1959761295697575e-123,22.155318220149887,0.0046361220508481,126.93558080806176
OGLE-LMC-RRLYR-12371,0.5507028,6000.32202,1.8450660119368825,IMBMR,,41.70499174923327,1553.032907591292,779.9375196448105,True,True,30.0,8.0,1519.7989540779486,1538.798283835703,1496.1290231279297,0.895003405004908,2023.996599913153,3959.458620206976,-6.699162704606405,46.58898177353499,1.8363921368148525e-07,5.296058940061639,0.725514846396051,82.45795373931044
OGLE-LMC-RRLYR-12473,0.653729,6000.06468,1.437057617887792,I,,46.5682622205685,5362.289049934235,1765.600243479258,True,True,18.0,8.0,3876.19762322113,3509.721711333089,1489.404797930568,0.8638829836817487,1909.22019541125,0.0,-267.13400861675814,556.0483587386833,6.522650475008969e-115,11.672730934747786,0.1664139452325515,403.72251958062475
OGLE-LMC-RRLYR-12847,0.5134827,6000.13352,1.90312316005059,IMBMR,,40.979980037671226,7031.770849450944,905.2572176014236,True,True,35.0,7.0,3631.993802756146,3509.526227123317,1022.4337287655,0.95,517.7162625703966,189.2137802110955,-32.731895448838834,87.72053497575607,3.6325676108167454e-16,17.27951845113901,0.0156800338675214,133.8558022806064
OGLE-LMC-RRLYR-13083,0.4639897,6000.23293,1.1159529947835036,I,,56.96427473692114,2825.5645975056195,688.3674823089308,True,True,14.0,8.0,2711.273782384735,2858.8419290536453,784.8785504427121,0.4784798189835434,841.4493327419605,0.0,10.096215432278507,5.7090775349569824,0.6797820635908662,2.920073582508962,0.9392727040530487,89.93581412261057
OGLE-LMC-RRLYR-13392,0.4871986,6000.39042,1.2097698509406514,IMBMR,,77.23148364645402,2798.6251022050847,409.8516935758633,True,True,30.0,8.0,2906.1445561757687,2825.13516091175,357.4954196514978,0.0985241674881748,365.4590478020478,48.81582444252261,-1.2199283242756709,30.603812589602526,0.0001652356794844,16.24757486324252,0.0389705620338547,89.11012717331043
OGLE-LMC-RRLYR-13469,0.5284009,6000.44544,1.2329021619042757,IMBMR,,72.8028126777885,841.8668958354554,524.59692459598,True,True,30.0,8.0,852.3015761811461,847.8801514536019,585.242949751226,0.1838341275021172,0.0,112.5263094490268,1.057131434927605,15.449954672695336,0.050964685495177,4.532173785881928,0.8062056557322057,176.06289658234212
OGLE-LMC-RRLYR-13854,0.5366685,6000.16708,1.8301019275387156,IMBMR,,98.08041876399642,4783.501607361857,1388.9488070718917,True,True,35.0,8.0,4398.277756749605,4601.535470739044,1429.0475979870316,0.2143470781701562,2070.9478928162907,0.0,4.799095033822983,18.7108599269294,0.0164848401064227,12.218148631615264,0.1417328097017127,97.9094530968646
OGLE-LMC-RRLYR-13859,0.6755992,6000.23777,1.182130987624081,IMBMR,,105.17880600442214,6332.906339442164,1459.669616375814,True,True,30.0,8.0,6474.073886817562,6475.239748399629,1635.4056782714051,0.2512060450643197,1778.2105518366402,169.82126754176588,5.4107370189654524,4.987478825071611,0.7589135735079398,7.091876627570943,0.5267531473572205,207.53958836358817
OGLE-LMC-RRLYR-14075,0.5614017,6000.17508,2.34224407452505,IMBMR,,43.9166578403881,4123.534867867815,743.9709895404281,True,True,29.0,8.0,3980.9413241534426,3795.742039543597,785.5057916957779,0.3918308170870554,1090.957943981146,0.0,-9.865958376508743,34.15682551928498,3.8052493341074685e-05,3.0149611547694226,0.9334151442141512,232.32139602888137
OGLE-LMC-RRLYR-14156,0.5330604,6000.41546,1.8680892882420672,I,,54.11079186150937,5531.349503737477,590.8725610842048,True,True,19.0,8.0,4608.4496417298515,4353.111222447807,545.5284956325742,0.166476220291647,953.9791371969958,0.0,-179.9407580989537,383.41481783784616,6.59339897522536e-78,9.279812859826482,0.3192440343789128,90.72662912368624
OGLE-LMC-RRLYR-14476,0.5808794,6000.54996,1.62660771277423,I,,60.38997159308093,1845.379024091436,850.0109260976006,True,True,19.0,8.0,1889.59157695895,1810.06528464477,2830.153822259431,0.95,0.0,0.0,-36.380471245531936,96.50854482099254,2.203739314757224e-17,3.500932070276382,0.899117300102022,161.28122473274107
OGLE-LMC-RRLYR-14810,0.6120247,6000.45403,1.2602638664419814,IMBMR,,58.058197568994615,3883.074264940338,873.2680729713319,True,True,29.0,8.0,4010.896891754202,3756.3478520621375,1262.5604602746855,0.95,1014.0808193597304,0.0,-0.0808277951353986,21.138056183671313,0.0067895981148806,5.742777194965255,0.6760191816544072,236.98259343651085
OGLE-LMC-RRLYR-14877,0.6546104,6000.55162,1.0093596701813337,I,,55.96195572143708,6187.513644597014,765.0137740770724,True,True,19.0,8.0,13776.341176315982,54.68194069570733,981.2255740484134,0.95,2299.177553068845,0.0,-79.54761774615459,176.41376452528016,5.827020094069374e-34,9.381781550565607,0.3111195744078699,165.56740328319293
OGLE-LMC-RRLYR-15103,0.5824065,6000.03823,1.971794110053397,IMBMR,,69.53632128365592,3506.951679544878,1896.6465909642116,True,True,29.0,3.0,3343.740125784632,3377.126267793497,1859.410826560867,0.0491914682018707,1948.7366229746472,509.214881397478,2.3126436592392388,0.2190109184381281,0.9744634626834668,0.8635815272310756,0.8342063190703372,203.41100531894756
OGLE-LMC-RRLYR-15158,0.6246343,6000.1278,1.1703470094081985,IMBMR,,56.87410158266459,3086.203508031776,1105.9401638815764,True,True,30.0,8.0,3122.3010179342073,3103.104191545452,1210.3232008104765,0.4960814814067018,1242.6450286747695,0.0,8.437475480227288,7.1255011555362335,0.5231546580436506,7.659730668216239,0.4673941046463539,293.6738069509656
OGLE-LMC-RRLYR-15201,0.4845498,6000.26905,1.572611743899783,IMBMR,,79.83883161148367,2890.3261258339553,385.8301561048773,True,False,,,,,,,,,,,,,,
OGLE-LMC-RRLYR-15209,0.5055537,6000.18185,1.396992512180877,IMBMR,,115.48850874493768,3481.4349710827296,1292.0995469441425,True,True,35.0,3.0,3665.1238684578425,3570.6640663982857,1327.982190411812,0.2874604837642031,1113.1623667013446,0.0,0.5143723671098179,8.21047420178671,0.0418563345872581,1.4324644313462267,0.6979428423800754,70.51521993374057
OGLE-LMC-RRLYR-15244,0.5078166,6000.14528,1.1377449307586216,I,,59.77614095411559,3894.820284325235,462.7655783483304,True,True,19.0,8.0,4068.9853714864857,6232.878645697159,1199.506233891249,0.95,1028.9491105234608,0.0,-184.51724908330328,387.1192847655142,1.0645276770272775e-78,2.3048456720328545,0.9702111045165804,75.9020811601935
OGLE-LMC-RRLYR-15442,0.4630123,6000.41064,2.9954164314203697,IMBMR,,61.22712428357627,4118.418440402447,866.3486031183336,True,True,28.0,3.0,4015.4332696540414,4294.766057086783,1044.320374854503,0.4397969427726504,1717.7451870528444,0.0,1.5756527442346044,2.080143633693942,0.5559402748152136,0.1715681440060699,0.9820431437504876,167.25937689841595
OGLE-LMC-RRLYR-15551,0.5485729,6000.08269,1.1960140110640292,I,,65.81687038670313,2697.1601586522697,787.3743994981438,True,True,19.0,8.0,2765.3031532360765,2752.056338176643,730.410675793558,0.2270503137037445,708.0295438626789,0.0,-12.112774178937563,48.89838797087541,6.649366813518467e-08,4.534137338573082,0.8060081357836824,128.88559952754213
OGLE-LMC-RRLYR-15587,0.5948526,6000.31167,1.5239909168409151,IMBMR,,70.39001010636139,3789.333890928702,848.266343794897,True,True,35.0,3.0,4012.6826576913018,3912.217079577507,996.9055812492704,0.3805784674310163,1701.6086125864956,0.0,2.3055332323066935,8.540551942515028,0.0360663083130419,8.716782399131006,0.033303328820213,177.26501313286917
OGLE-LMC-RRLYR-15663,0.4655409,6000.31465,0.7676973664690996,IMBMR,,40.284736123218806,6291.248824271885,289.51037093611035,True,True,35.0,8.0,9281.399113135838,6532.752394707677,357.13328337286305,0.7694566165272637,220.60251336400307,0.0,-17.42690775014517,56.09874000025771,2.6986639411661527e-09,9.51936130983799,0.3003922375824096,64.15348394347966
OGLE-LMC-RRLYR-16069,0.6009499,6000.28822,1.16311951014716,I,,75.37408527765507,6186.168666420222,1926.2673879065535,True,True,19.0,8.0,6276.523287768492,7353.955094159679,24063.272710734615,0.6358725366323861,1936.4795232078384,0.0,-41886.05674640287,83793.21746958599,0.0,4.745405298060588,0.784408650761477,173.17601462347457
OGLE-LMC-RRLYR-16159,0.5884494,6000.13576,1.0325478589740764,IMBMR,,42.86002394709868,6334.8547279506065,793.6290987723652,True,True,30.0,8.0,9351.5174494864,5153.047374144014,1243.339703144228,0.8354564739676948,2427.45564548412,887.1810529891571,-26.67660268699784,70.37786914717906,4.132644243624692e-12,3.184888731230672,0.9222244445428394,253.0448687648043
OGLE-LMC-RRLYR-16187,0.6383896,6000.12368,0.9793771870411132,IMBMR,,68.03702754757052,2111.969426444648,724.2714320218619,True,True,30.0,8.0,2057.2654611006633,2091.907160525545,756.7633310407446,0.2916842564812997,946.024434125914,0.0,-2.0303175712713255,36.56658500003775,1.3825129068098452e-05,12.978143100077908,0.112603854266587,171.85211797923296
OGLE-LMC-RRLYR-16286,0.6273817,6000.53821,1.153376130150448,I,,40.05887776964519,5187.457824140954,1510.3628953677533,True,True,14.0,8.0,1322.7984071816638,1366.2731116543262,1152.9644141098902,0.95,0.0,0.0,-168.2996003137747,458.71940383819896,5.005413741079398e-94,111.26707847701157,2.0899772731246625e-20,226.79634386272616
OGLE-LMC-RRLYR-16301,0.6286478,6000.10272,1.1004975451886934,IMBMR,,47.43194357027352,4810.75665619463,817.2660972732282,True,True,35.0,8.0,5614.4675549876965,5026.239688588725,1714.70912243237,0.95,729.8415163885811,0.0,3.4006155929703006,6.1643162667064235,0.6288318393502934,4.878113178797017,0.7705206263757615,166.07156764803955
OGLE-LMC-RRLYR-16352,0.6069106,6000.24741,0.98553901521719,I,,55.36930693826457,5039.137657729595,2089.2232093125317,True,True,19.0,8.0,5317.278799714455,5513.174533737414,2705.82528320167,0.6821366753672831,3577.6683650859786,0.0,-0.3571309263356177,33.68288368845177,4.636803504092739e-05,11.632833872494937,0.168353000133663,171.8310556718048
OGLE-LMC-RRLYR-16628,0.7139034,6000.19189,0.9854134341501748,I,,49.00871047551033,1569.7658298725537,666.7208292709995,True,True,19.0,8.0,1554.3237368867483,1562.535156248555,763.506030050123,0.1496840119615294,2332.8977808410887,113.8881596548441,-14.04091848820454,62.23655494100197,1.693934424520926e-10,7.158982883428172,0.5195809332529542,117.7014952624844
OGLE-LMC-RRLYR-16717,0.6261503,6000.36958,1.03018489686864,I,,55.258049627603285,5144.604229652771,1764.3512015111364,True,True,14.0,8.0,3964.8388993967983,331.7636377058698,1550.8488418816942,0.95,1815.3217989195991,0.0,-262.00982703622043,542.6267948695534,4.979228025257621e-112,8.493610147692788,0.3867949117795635,302.7644937412759
OGLE-LMC-RRLYR-16750,0.5515714,6000.05035,0.9770644312451052,IMBMR,,54.58768694870662,2039.7718940023533,447.47631763280447,True,True,27.0,8.0,1943.989258513207,1973.438265414047,458.71110525547994,0.2715246418713423,1001.5839670744842,0.0,-4.5170665539966635,33.908354609520906,4.2209616341040896e-05,4.28623586001736,0.8304190218820539,78.08643881846551
OGLE-LMC-RRLYR-16755,0.5598629,6000.25862,1.127778150813615,IMBMR,,35.58340918997828,3252.5948671206747,369.3394235780813,False,True,35.0,8.0,2933.9922796393635,2897.4087656495785,526.5236562214178,0.4797281140102045,602.5642121173412,57.54561414078987,-38.81314079435117,105.46799787928396,3.2431578471017353e-19,19.147746230674613,0.0140891593244159,82.0369966996208
OGLE-LMC-RRLYR-16906,0.7542119,6000.48466,1.0359085400205157,IMBMR,,42.20230724779759,1267.0596125825996,712.2424731409628,True,True,35.0,8.0,1259.4701615552156,1249.0956897818926,1833.861421237405,0.95,22.732857857144136,465.662399039844,0.9357440279769946,17.928390304800523,0.021769809063972,9.972501563906686,0.2669612562887365,83.90160244073009
OGLE-LMC-RRLYR-17022,0.5856362,6000.18325,0.962069537899644,IMBMR,,85.53925076729638,5730.162166205353,457.4867908061607,True,True,34.0,8.0,6532.416675957318,953276.5578102212,67218.05815158578,0.95,2036.3919590259225,0.0,-432.3810339928751,884.4877406173565,1.2523077715514858e-185,11.464958453864137,0.1767195099924469,91.8224104906346
OGLE-LMC-RRLYR-17102,0.4883813,6000.45356,1.1150637618498154,IMBMR,,67.08307807305272,7081.058987103341,319.57950216351406,True,True,30.0,8.0,5612.824824008557,4336.55620013135,316.67748856301847,0.95,897.4225432790827,0.0,-170.96896218496448,364.55994669419727,7.047679208995004e-74,14.21919258103908,0.0762281275071592,99.78950007272596
OGLE-LMC-RRLYR-17484,0.4826299,6000.47125,1.3260998982480934,IMBMR,,44.20510784176929,3105.397711154441,390.7970247533745,True,True,30.0,8.0,3373.9420269662905,3355.444880474796,483.9143635827904,0.2664596470190393,1118.8013114667692,3061.2021644788665,-8.949064241802294,35.822698314651745,1.8922187446649276e-05,10.760465211863089,0.2156444169269827,95.54450968399082
OGLE-LMC-RRLYR-17610,0.4759012,6000.30146,1.031852820903519,IMBMR,,68.10696084654808,3415.572977819007,417.7589396943286,True,True,34.0,8.0,3343.213392052253,3388.0325890343524,362.2096406835675,0.3767462593561222,1274.1774313729777,0.0,-40.03933950213283,108.74422285024644,6.896740414355646e-20,7.887211097501987,0.4445646430297294,65.26865880529203
OGLE-LMC-RRLYR-17732,0.6163061,6000.42192,1.4240948682342522,IMBMR,,54.34018919738986,6334.14763910034,2129.342844459896,True,True,30.0,8.0,4433.685149254577,11607.144742200682,6002.076876217516,0.7970050563470388,3019.905507652812,0.0,-130.32805950226884,275.54093170158455,6.544173072677827e-55,2.781402777496875,0.947317843785178,333.2984399524135
OGLE-LMC-RRLYR-17780,0.4462345,6000.23747,1.043217994032761,IMBMR,,51.562572654819974,3856.874092473456,379.6391314780044,True,True,34.0,8.0,4437.897496180197,4212.912497049794,471.5080699216361,0.3235581943390861,771.7793295484701,1079.4590151981615,-34.28347926736173,82.73195898797546,1.3760067351531274e-14,3.300563210516581,0.9141050665359952,57.106256392323374
OGLE-LMC-RRLYR-17784,0.6374944,6000.32186,0.9855434192361586,I,,62.0202226029422,6186.042201318762,1132.2232269545434,True,True,19.0,8.0,9865.564100512443,6056.01373190108,1509.311796316643,0.4486819341687869,4001.7004904830023,0.0,-7.050610017268546,38.048525657367634,7.374466030961772e-06,7.84950542765942,0.4483074259067182,113.49811165649562
OGLE-LMC-RRLYR-17818,0.4677789,6000.1909,1.05297361786566,IMBMR,,56.27347581649076,3085.5386227485983,462.8276403728607,True,True,35.0,8.0,3121.0411582326637,2920.0570152133982,1503.9866610402653,0.95,570.9669611813868,149.1965974222063,-1.395935501387445,21.81893972334629,0.0052625571038716,6.6692442662066505,0.5727022038343961,72.00412225217126
OGLE-LMC-RRLYR-18188,0.6381651,6000.5249,1.7716215527460095,I,,45.183151969984664,6180.76924813383,2302.849205762476,True,True,19.0,8.0,4067.7692476622246,4271.116758920398,2366.8294827173104,0.7740068097987588,4238.767915685972,0.0,-219.42229759854948,477.1164783285092,5.6961047889249116e-98,24.805531820775897,0.0016769767289456,419.22019089457217
OGLE-LMC-RRLYR-18547,0.571392,6000.03138,1.245982187650298,IMBMR,,58.47595590050321,4814.3755158906015,699.7002126745447,True,True,30.0,8.0,4954.005710121095,4709.678193727242,797.1085159630537,0.6655005483444961,542.2898645011778,0.0,3.8557064767325713,19.589509257757577,0.0120058063463844,12.639745612897256,0.1248606642616733,187.31927317873257
OGLE-LMC-RRLYR-18711,0.4884978,6000.13158,1.963866983748724,IMBMR,,61.00812315910076,6332.626262032536,747.8420539196939,True,True,30.0,8.0,6426.280465048162,5627.899737484507,1693.6945657267463,0.888064603910019,991.1960992999504,0.0,-21.56688660383611,56.24127928207464,2.531521329006337e-09,5.0293506778055725,0.7544345341919598,145.49623168124813
OGLE-LMC-RRLYR-19049,0.6461412,6000.22632,1.4582719062201677,IMBMR,,69.18992004509533,5729.388515392323,1790.1009651951022,True,True,30.0,8.0,16726.579192196303,13018.658905684122,526886.2950989958,0.4463601752352962,4201.972678915955,146.66384770957234,-3086503.8353570397,6173032.9063917855,0.0,10.38707481456575,0.2389021178307011,375.84584334839457
OGLE-LMC-RRLYR-19139,0.4968599,6000.40113,1.1808624312567189,IMBMR,,122.03264790732476,7076.417588197733,1718.598756647632,True,True,29.0,8.0,6479.261235856084,7475.958236909107,1825.6381737008244,0.3672424295224847,1753.666258338341,0.0,-419.5490010130941,865.1624323375024,1.8426035826765617e-181,8.364913791489734,0.3986598712709525,135.3852002499857
OGLE-LMC-RRLYR-19233,0.5851856,6000.37956,1.0280117548847103,IMBMR,,126.75322856379222,6326.857418009694,1871.3469189992447,True,True,30.0,8.0,6474.966232723288,6533.480507962706,1855.066503139274,0.2739009954834307,1864.5333455198952,0.0,4.739288395555107,9.869005974256552,0.2743406719425723,3.805892261455765,0.8741980491685217,117.61529598518833
OGLE-LMC-RRLYR-19277,0.6183533,6000.19794,1.2116487173628148,I,,49.79725010370555,5005.41088626675,1053.7714957170913,True,True,19.0,8.0,5319.370502075587,32605.66309350857,8999.775919223066,0.95,1494.7274996561734,0.0,-12.95733635971976,41.088005095633434,2.007082910034449e-06,3.217380728061282,0.9199841892485504,266.254964797161
OGLE-LMC-RRLYR-19455,0.5260513,6000.30939,1.1212540234343242,IMBMR,,116.35903975083733,7069.643555908723,1828.9093279895424,True,True,35.0,8.0,16711.951054061894,6976.814266454215,1752.1188204468526,0.4760228260842792,2073.7145834404796,0.0,-22.27960885719295,66.20612276239962,2.7854323683337743e-11,3.441124523374669,0.903710628266623,137.55692675966887
OGLE-LMC-RRLYR-19535,0.5014483,6000.23382,0.993129436059806,IMBMR,,107.17837994855546,3252.5121603568846,844.8957726066412,True,True,34.0,8.0,3374.0207549297284,3301.2310028549327,817.2905121799596,0.0793661395422351,765.1146376772699,102.19941757055224,-31.03974460339256,90.723531968858,3.3157245422424235e-16,7.7702843979995135,0.4562252094862992,92.05925282176952
OGLE-LMC-RRLYR-19694,0.5865568,6000.13542,1.3298392829062111,IMBMR,,126.8369608337103,7078.300555707577,1559.8517585827951,True,True,30.0,8.0,7597.406793957126,7620.866411186429,1772.7195729117927,0.398404764512685,1258.4067391061635,0.0,-27.654899915069795,79.94411673408837,5.0171346150497817e-14,9.202280682501351,0.325520367211571,138.67875978310423
OGLE-LMC-RRLYR-19791,0.5185531,6000.03583,2.9817448120043504,I,,45.68421687209906,6036.1413456442215,2171.9159104655337,True,True,15.0,8.0,400.0,390.5584974161642,4688.656578105492,0.95,2016.305803719652,0.0,-51.938803615200314,126.85479349396644,1.2682623627805461e-23,9.917464473284184,0.2708667077319786,266.9289317869178
OGLE-LMC-RRLYR-19810,0.6789001,6000.55112,1.1399623853773144,IMBMR,,43.6620535928154,6327.663968100521,1474.3332613270484,True,True,29.0,8.0,4395.553180447392,10782.477274445906,4417.3670688619895,0.6914988315721137,2192.0595759486923,0.0,-45.12854163243874,106.11325048976778,2.39137177380503e-19,4.7760888616787724,0.7812180325927581,365.2836270872591
OGLE-LMC-RRLYR-19899,0.6429113,6000.21195,1.166943785684077,I,,53.39998593389544,4642.742545189207,962.8767807426932,True,True,14.0,8.0,10238.539810437189,305786.44419803255,26874.631928127812,0.95,576.6665769053772,0.0,-59.731851929526506,140.12312859258884,2.2369826971501416e-26,8.171609651819832,0.4168889782585486,182.050906390449
OGLE-LMC-RRLYR-20052,0.5188952,6000.42374,1.3207385018960516,IMBMR,,64.91670840256191,7032.953487516097,1394.5057915064165,True,True,28.0,8.0,7645.001789452548,8229.925980100028,6021.943246110819,0.95,1097.214682588275,0.0,-30.38050659220188,88.18461356493034,1.0858262425657488e-15,4.641771224546992,0.7950874853762491,75.38083675145582
OGLE-LMC-RRLYR-20187,0.5729876,6000.29846,1.0631326917303583,IMBMR,,143.13915980741234,7030.988297926468,1959.151053969534,True,True,30.0,8.0,7586.342572548096,6551.655203559093,1833.2883109006457,0.2387706045255518,2009.9288344970691,0.0,-32.75385276715893,85.28250313477571,4.201206857073364e-15,3.7605468487872504,0.8780557315678226,111.20298500648649
OGLE-LMC-RRLYR-20570,0.583553,6000.02948,1.009324316077589,IMBMR,,112.52223552354228,7029.080773179689,968.966238393094,True,True,30.0,8.0,9280.921642662604,6683.5351998004435,895.099421669253,0.2260862368157674,2599.7240550645324,0.0,1.3597826828264488,17.079986458400725,0.0292868807245022,9.747713961082638,0.2831815130655241,110.3030418357914
OGLE-LMC-RRLYR-20817,0.5604294,6000.55042,1.709979229287713,IMBMR,,41.76957761699191,7075.046141818867,828.436173323414,True,True,29.0,8.0,16765.146223256226,7180.907831438245,1326.1813545822035,0.5063937184267228,1609.2754172115392,0.0,-26.515185938280705,71.53421782329272,2.4308005642443345e-12,7.199119353490818,0.5153096690570041,246.9584304865721
OGLE-LMC-RRLYR-21192,0.5098717,6000.38723,1.3444620872291833,IMBMR,,84.31515921951745,5728.4395736537035,453.23513887242086,True,True,32.0,8.0,5612.632737556154,4818.594195501874,440.7890742920094,0.4196722870752304,611.2910036209751,0.0,-82.1233220439848,183.6561956501391,1.7563181591702135e-35,7.861599364426941,0.4471051198666341,131.03929727843294
OGLE-LMC-RRLYR-21279,0.5051975,6000.44514,1.8565700204371776,IMBMR,,57.44418107813601,7077.645654439775,380.96794485554744,True,True,30.0,8.0,7598.321091091857,9269.400068090015,6275.517183502949,0.660495400472684,1371.3239840802166,0.0,-21359.26066360733,42732.1908998073,0.0,3.3242479236332,0.9123936860382962,106.8543466105385
OGLE-LMC-RRLYR-21683,0.5725701,6000.21641,1.0408380931371497,I,,47.325739739926206,1802.633331169836,723.2769972847651,True,True,17.0,8.0,1761.1140893757226,1766.5544057706325,799.6759553312475,0.5893952578468687,1279.7991991441322,0.0,4.360425807879672,21.096879423298873,0.0068944823750656,9.256485166169307,0.321123466170679,201.055576609988
OGLE-LMC-RRLYR-21747,0.5152328,6000.13787,1.9190578327921723,I,,43.74237603578993,5191.389633451661,1552.4965033945562,True,True,13.0,8.0,4675.571793982675,4057.9894231968074,1661.39432559508,0.170691887635646,3034.2812848834947,0.0,-365.347388015013,756.1313227533692,5.8367438364224066e-158,8.093464348288453,0.4243939439021144,146.08863028776253
OGLE-LMC-RRLYR-21749,0.6106523,6000.08921,1.644712103577044,IMBMR,,56.78508740263467,5269.538756491834,2990.528862866735,True,True,33.0,8.0,4049.310924145843,11627.771384380463,9631.78367060392,0.7303387388042775,7589.876663925712,1013.810135485502,-73.32282390429724,159.99477948416555,1.6033822415400045e-30,4.487815844592875,0.8106508532767966,379.553078054622
OGLE-LMC-RRLYR-22564,0.5607651,6000.53198,1.5384747074506344,I,,79.0291399539477,5234.25690263335,3039.787365177774,True,True,14.0,7.0,10242.924770108344,4376.5553209108975,1483.2507306588695,0.3730158680768816,3546.4548746095065,0.0,-403.5225548077368,837.5389524423587,1.4678539393327244e-176,16.419586097018005,0.0215475607473289,229.71048467141276
OGLE-LMC-RRLYR-22581,0.5556186,6000.19238,1.4038330247829536,IMBMR,,63.01995677038301,5233.381672405518,1819.8167029167955,True,True,29.0,8.0,4959.33264565702,5224.922923676279,1893.005718844378,0.4060778826225609,1439.4487260556607,0.0,-6.862520347440562,27.73995480012247,0.0005263059367674,4.82279992309661,0.7763367858329235,342.1214753709872
OGLE-LMC-RRLYR-22630,0.6020046,6000.06561,1.37541754350902,IMBMR,,67.18019176855503,2935.036300001406,1214.569114782753,True,True,29.0,8.0,2855.0968084686624,2872.029966302197,1412.8738788493913,0.4822024200528431,1215.3512346528362,0.0,-246.22509595705063,517.1472116694889,1.4708200656586632e-106,4.335888054935856,0.8256186010362573,222.22769647503492
OGLE-LMC-RRLYR-22903,0.5263366,6000.39146,1.1341496774732962,IMBMR,,64.80338520220056,4151.71855958741,367.07680420832446,True,True,30.0,8.0,4433.183000007336,4072.00908429489,338.5399066551176,0.6306937805994746,282.6843793296726,0.0,-29.222733117222074,78.37109426413299,1.0394675299959832e-13,8.98828016808866,0.3432855938391824,91.56502375235416
OGLE-LMC-RRLYR-22970,0.5323706,6000.02917,2.752215253548504,I,,45.62447466345013,5194.977880758786,2424.1940030243327,True,True,14.0,8.0,400.0,403.90636287506294,4128.9543829366885,0.95,4974.893986006597,0.0,-58.39020806185819,134.99824251922357,2.5982931000491237e-25,3.694901175077729,0.8835485033464772,286.2736013444256
OGLE-LMC-RRLYR-23029,0.5816798,6000.18178,1.456673849382042,I,,50.35423901827656,3045.598097730202,949.0872556370492,True,True,14.0,8.0,2713.049012950502,2725.5427345808366,1162.938445797448,0.4963400579659497,1168.2754097839952,0.0,-61.284748939004146,149.6799216709531,2.2865962434612307e-28,9.828445618054856,0.2772739095743873,126.34712263029505
OGLE-LMC-RRLYR-23186,0.5694769,6000.12305,1.3032350945309668,IMBMR,,72.51084349506533,6328.842399306683,1206.109364071047,True,True,28.0,8.0,7594.22926575628,6576.597917233371,1058.8025829598782,0.4238600568345737,1651.875159012318,0.0,-18.083814829518374,53.544514452922016,8.459896053783805e-09,3.4310357110056975,0.9044755607920116,160.28381392032028
OGLE-LMC-RRLYR-23539,0.5232155,6000.13461,1.2380411418890778,I,,52.44232497223459,5192.458219118816,877.2126964313081,True,True,14.0,8.0,400.0,400.84310311027974,302.28142955369594,0.6847784725889671,1957.874890733472,0.0,-297.3073846678799,694.7296217158555,9.757572375465652e-145,93.03808177510726,1.122208829898509e-16,114.20307831245468
OGLE-LMC-RRLYR-23592,0.5108459,6000.42924,1.1937553236514624,I,,58.69592358184519,5189.429958054135,737.2817849304154,True,True,14.0,8.0,10257.865904507473,4225.7767529705125,644.625361205555,0.8185206128048177,480.4273589575686,0.0,-367.2616643697082,758.2911137218952,1.999329411399727e-158,6.777476510194948,0.5608206842018697,111.1172516225933
OGLE-LMC-RRLYR-23596,0.503186,6000.04496,1.3882866799892306,I,,68.48370414112784,3839.171763526069,851.9853861123431,True,True,14.0,8.0,4009.6723446831943,166022.36383334195,17773.221213950477,0.95,2157.8491416296997,0.0,-468.2554058444802,963.862121877439,9.408260577821768e-203,7.773654997769016,0.4558868584854292,102.42582560457494
OGLE-LMC-RRLYR-23866,0.4755899,6000.28001,2.499324149147011,I,,43.02840644087854,4605.345903225877,1028.318556124913,True,True,14.0,8.0,10279.127166321445,31.47878058077563,979.9970770551482,0.95,1099.8863937796527,146.91621791383093,-67.48048058337034,155.73304052600264,1.2466309389307869e-29,8.415858559465741,0.393936805983094,228.50043396277104
OGLE-LMC-RRLYR-24071,0.6911627,6000.20586,1.6764511949240608,I,,66.63144240872109,5192.6533483690055,1778.0782743878087,True,True,14.0,7.0,10303.119702046157,33515.3787330715,1448912679.6390398,0.3353011044057676,5453.355077813461,0.0,-3311969.8651009537,6623964.00343829,0.0,7.870942440947295,0.3441116279700608,259.7785205633696
OGLE-LMC-RRLYR-24220,0.6110157,6000.10901,1.5366642573858191,I,,43.87756081520271,4204.932665718558,1978.7361418881912,True,True,14.0,8.0,3957.891739328494,30000.00615585348,10038.368337238631,0.95,2839.095565703628,0.0,-107.13333527283066,245.32783417975008,1.684228732793089e-48,18.318851635789024,0.0189590035858848,391.6228206324758
OGLE-LMC-RRLYR-24566,0.5637486,6000.10405,1.580172203093828,I,,44.51231747630618,5194.643825981157,624.9069982088499,True,True,14.0,8.0,4680.987292596838,653244.4267111184,65319.626566364816,0.95,1166.413284128752,0.0,-364.19176551722967,743.4291174090409,3.17984190466888e-155,3.0058018236600557,0.9339929221695435,112.87258637391498
