ogle_id,tier,lnBF_if_orbit_2017-2020,lnBF_if_noorbit_2017-2020,lnBF_if_orbit_2017-2026,lnBF_if_noorbit_2017-2026
OGLE-LMC-RRLYR-22630,1,4.250518072012941,-73.95448625764223,11.40638270379418,-304.51446321104186
OGLE-LMC-RRLYR-03269,1,6.66292313404829,-53.22962891938943,10.255966311283679,-523.7650412578533
OGLE-LMC-RRLYR-09642,1,3.893394401961114,-78.35445439640775,10.23864038837224,-214.59730667301042
OGLE-LMC-RRLYR-16187,1,4.05604587360558,-68.27850227631353,9.962347497863647,-168.0828564265309
OGLE-LMC-RRLYR-10449,1,5.3422092949225295,-175.0916434182948,9.395931432021584,-471.3146567925779
OGLE-LMC-RRLYR-16750,1,4.055228006988036,-107.2360054793421,8.359748913915126,-199.94500213817935
OGLE-LMC-RRLYR-15158,1,3.992443332421022,-50.92246881613519,8.185335829598287,-179.7122177072052
OGLE-LMC-RRLYR-11538,1,2.8429640702309094,-46.984401101454026,6.220742181603896,-252.09787238819686
OGLE-LMC-RRLYR-16755,1,2.3050653150799327,-12.945523628123734,6.186331124011652,-41.1883092446413
OGLE-LMC-RRLYR-05821,1,2.248255006848769,-32.55472405688742,5.495883372124844,-59.25325611298007
OGLE-LMC-RRLYR-17610,1,1.5955020480027837,-14.567349401951066,4.226508604868684,-37.86177985127439
OGLE-LMC-RRLYR-05817,2,7.172944960320796,-66.89069061814271,15.614523151333955,-234.98205877428052
OGLE-LMC-RRLYR-16628,2,5.915923212642291,-215.44891778686554,13.18049482851012,-563.6105388405713
OGLE-LMC-RRLYR-11166,2,3.102623350279263,-27.058964692162107,10.986735080737041,-77.2714042999886
OGLE-LMC-RRLYR-15587,2,3.8041700798440417,-79.95355687197264,9.45822405734009,-345.28300495575877
OGLE-LMC-RRLYR-13854,2,4.2036110541122635,-200.65966820758788,8.796296557972795,-468.5026031937392
OGLE-LMC-RRLYR-01548,2,3.24256465411141,-76.06157205666513,8.242528929216967,-207.82782191596056
OGLE-LMC-RRLYR-11055,2,4.219301883250921,-174.12035375093728,8.114580154530302,-594.0668837454577
OGLE-LMC-RRLYR-08601,2,3.5205869633013194,-37.25070032210651,7.739501699659023,-100.79258781182494
OGLE-LMC-RRLYR-15551,2,3.4628524760746764,-24.97087265608789,7.219117030282497,-104.68896180144188
OGLE-LMC-RRLYR-19535,2,2.3773229024543063,-27.07971101758587,6.638681419234096,-111.57951133962061
OGLE-LMC-RRLYR-07957,2,1.9877978852700977,-15.334561851562832,5.176369993526123,-53.97301233735638
OGLE-LMC-RRLYR-15201,2,2.373382918126133,-19.54493508547059,5.052851102531918,-45.65384955862788
OGLE-LMC-RRLYR-03594,2,1.3186564046654503,-5.5680369073444815,4.245382027940124,-21.800682675508625
OGLE-LMC-RRLYR-06521,2,1.1193355751713483,-3.548220705898469,4.168488613484392,-18.669611290150392
OGLE-LMC-RRLYR-13392,2,1.548783636175088,-7.672611094382521,3.806735370761288,-22.85739392511597
OGLE-LMC-RRLYR-08205,2,1.6781936554192356,-19.04550193750455,3.5010000933843983,-55.48881489336481
OGLE-LMC-RRLYR-17780,2,1.582541745489701,-10.525103864654803,3.340464715899344,-27.200422804069284
