ogle_id,ok,has_M,has_O2,n_season,baseline,D,P_best,amp_s,jit0_s,err_med_s,alpha_chi2nu,s_red_s,rw_rms_s,chi2nu_lc,pred_score,P_train,D_train,snr,snr_tot,amp_max_s
OGLE-LMC-RRLYR-01106,True,True,False,22,8411.138438929884,72.07225699574681,4955.697136641435,1551.256638778865,821.048899155618,108.43602487472691,0.5987657677911575,0.0,2224.095473704437,1.492979182079082,,,,14.305731333945413,1.8730945023528074,2964.660849638063
OGLE-LMC-RRLYR-01548,True,False,False,14,5235.937622731028,45.901753523706546,2761.366957009991,908.7814236781369,668.7434984784903,130.8880769104805,1.0181966215035336,0.0,2684.6020937671433,1.3985632086747073,,,,6.943194866402448,1.3336348139532583,2007.4955723102455
OGLE-LMC-RRLYR-02150,True,True,False,22,8492.741060311055,51.76546927598994,5019.884089284982,933.8575403966416,456.31331442141595,161.12301418912196,1.4015872259686477,0.0,1544.7371157775015,1.3276114618921238,,,,5.795928937256003,1.9297606295332248,2990.2050672968935
OGLE-LMC-RRLYR-03183,True,True,True,26,8336.807809848398,58.881366978365264,4918.022622543478,1280.225019852252,916.2820446413233,121.01347762255546,1.5175260981063574,0.0,2482.067450817153,1.5732823623279526,-26.71824150099888,13156.89109277469,35.3087191097934,10.579193698121054,1.3851671817892974,2949.6163257231133
OGLE-LMC-RRLYR-03269,True,True,True,26,8366.757160147117,75.59929398619823,4922.992788683416,925.76063340082,677.2097664402896,161.35473000840696,1.5098555323921883,0.0,1546.9586483634187,1.53809821263092,3.0703642471295467,4450.32068033133,55.57775282151391,5.7374248238808105,1.3297968809963847,2951.603250979925
OGLE-LMC-RRLYR-03360,True,True,False,22,8417.946929248606,50.797427050728345,3121.4605287305194,729.1074425499305,492.04901330664546,96.3050096844833,0.5377533241818256,0.0,1975.2802298108102,1.7866384737256409,,,,7.570815318316765,1.4541868797856987,2178.4306828324416
OGLE-LMC-RRLYR-04280,True,True,True,26,8337.250483330246,53.17392296743182,4918.096271932445,647.8345582778782,489.9502360944443,116.73751912664528,0.8871479741130978,0.0,1637.000757302373,1.535849648417487,-4.386210975935301,3862.1937176472934,34.42049739368295,5.549497394878338,1.2862398294249235,2949.6457734523524
OGLE-LMC-RRLYR-04315,True,True,True,26,8350.472094047813,43.833040493149724,3346.5490415069016,1091.413723362507,726.0078834159859,256.35144713971175,0.5580467749796015,0.0,3594.7955399669186,1.903248715133306,-4.180759378072217,3179.5445829874866,33.64425092866102,4.257490002651265,1.417535769794553,2281.9352093887933
OGLE-LMC-RRLYR-04400,True,True,True,21,8042.477721042703,49.31220881142471,4742.502445109784,661.2670350021253,548.1549545829901,88.13042887948613,1.309606555878242,86.29276511151942,1235.8458522712622,1.5676959460633582,-27.011691748039002,12578.071022655318,23.42984716787177,7.503277170094954,1.191054934463435,2879.012536055462
OGLE-LMC-RRLYR-04633,True,True,False,22,8447.841463740106,45.75447829386198,4462.85524613126,1256.3782352883159,783.8309075281032,186.7587130664825,1.1996893885974913,0.0,2618.9022776043134,1.8245411421705595,,,,6.727280428630227,1.5592215682452206,2764.693855772232
OGLE-LMC-RRLYR-04978,True,True,True,27,8403.94757415563,42.37390985529473,4433.408809429965,1893.1354900382332,1532.647126830801,246.41362351867747,1.397034713699625,0.0,5054.108405026315,2.460266340054805,-17.334095437382615,5329.784171163391,46.41842019286827,7.682754967055378,1.2195448743724033,2752.519262373297
OGLE-LMC-RRLYR-05048,True,True,True,27,8345.44776127018,58.908705419434966,1468.1140805921648,721.6208107593353,517.5880371541865,150.12765213115554,0.6267293168506846,459.97417113324735,0.0,1.63452390157218,-1.324702031786682,1486.7347961719454,51.947888295583766,4.8067148224559455,1.3390107356835466,1317.4830896370077
OGLE-LMC-RRLYR-05066,True,True,True,26,8338.564591327035,56.955141235126774,4918.314872355946,1229.6403945356778,711.4017949150781,139.23726071199113,0.9950169844064578,0.0,2855.8494437462573,1.7056468313503796,-8.119972470764996,4575.194882275242,51.54576140370091,8.831259594219961,1.696290464624819,2949.7331770604487
OGLE-LMC-RRLYR-05789,True,True,False,16,7244.426259613363,45.06456553443866,2912.64333873142,1694.5982632959444,1002.1025813088535,353.8397485331064,1.9702419421300912,0.0,4961.866079096468,1.9566527839714818,,,,4.7891687418418805,1.5945587646512955,2080.159892444137
OGLE-LMC-RRLYR-05817,True,False,False,14,5115.444212761187,41.17190909139573,3015.3059723816923,758.9518272733446,544.0756037916034,157.81043439136138,0.9169721055813317,0.0,1512.9783692798146,1.7854692045707177,,,,4.809262646037618,1.3397204851183477,2128.757080813683
OGLE-LMC-RRLYR-05821,True,True,True,26,8345.886344037783,51.812469437055626,2698.8616373370523,375.9451180376312,227.46400393125774,97.77438450546083,1.287684737449901,0.0,1371.0822593940143,1.3528600011605785,4.849669622254808,2673.250272657811,35.29647314454266,3.8450266901617174,1.5184317043698865,1977.0861496715877
OGLE-LMC-RRLYR-07533,True,True,False,16,7161.500288420031,41.07771381272322,3772.576410306643,1332.8655236738837,754.2465142761727,147.62293165414127,0.9012043053830195,0.0,3027.8451694099135,1.5595053645782206,,,,9.028851471372963,1.7342435123782023,2471.70826701202
OGLE-LMC-RRLYR-07957,True,True,False,22,8352.757037981064,43.26934772716183,2261.6049355501436,1720.991447356433,1278.6314676707702,370.87012527927317,0.8263248238568609,0.0,5200.68167016942,3.114321546883119,,,,4.640415417824473,1.2926845656559371,1757.3152415823151
OGLE-LMC-RRLYR-08101,True,True,False,22,8380.298572801805,56.15629836310154,4430.278401092449,2070.255081214436,1230.244314820376,73.98165372349004,1.4548230997690401,484.9306357148173,2219.4496117047015,1.5978610458429054,,,,27.983357724769345,1.6797654248558334,2751.2234162273016
OGLE-LMC-RRLYR-08205,True,True,False,22,8306.59605689933,45.37652495004653,4373.236879102265,477.4919788764372,220.23510926699066,94.667076473254,1.3400626466069079,0.0,620.5182401980059,1.1864887432623739,,,,5.043907519541301,1.991879305071628,2727.557081584563
OGLE-LMC-RRLYR-08275,True,True,False,22,8333.304995215043,47.137130166664946,2884.2089776842104,373.11117070812617,201.6243315259473,86.66731691855819,0.9454299984053242,0.0,830.906880948773,0.8415686743575681,,,,4.305096592049123,1.700116977723034,2066.599546931402
OGLE-LMC-RRLYR-08601,True,True,False,22,8399.57749072275,47.707689262661205,2160.658759790175,592.8565821593419,392.42391928291596,113.82349941078763,1.2315201804299198,0.0,2334.5961836317274,0.9771311761233481,,,,5.208560492589757,1.4509532340991687,1704.6267606314725
OGLE-LMC-RRLYR-08706,True,True,True,25,8398.54957737834,69.54748131814559,4432.695442647266,2685.373764656353,2054.213711964148,222.86004553175368,1.588038824990862,0.0,4571.008750176545,2.6143998120828305,9.714381905001666,4655.187029589268,56.40894452418236,12.049597128318517,1.2996255414762918,2752.2239879306844
OGLE-LMC-RRLYR-08984,True,True,False,22,8358.323382160666,44.030842629868474,4403.72692356627,2713.4557559483933,1570.1634835200473,170.34581328687088,1.3063836327790481,0.0,5110.374398606126,1.5260085867816302,,,,15.929101535232908,1.7180547189669222,2740.2200132510147
OGLE-LMC-RRLYR-09642,True,True,False,22,8360.00268649225,50.48888163691905,1946.278526510989,713.1518252222336,479.4199530393609,114.22853141934101,0.4031028383612748,511.90428289488915,0.0,0.959704089517555,,,,6.2432022574482975,1.4470239078041127,1589.9196406436486
OGLE-LMC-RRLYR-09732,True,True,False,22,8349.729731203093,74.9397483932726,4402.594241685566,2506.168737708346,1261.8710965815421,112.45625319667663,1.4893829224484132,0.0,3373.6875959002987,1.5864838009101156,,,,22.285721482515207,1.9782333325449128,2739.7501187454773
OGLE-LMC-RRLYR-09775,True,True,True,27,8348.648170246926,54.13144971034285,3346.4132384882264,2059.6821495998925,1345.0551053564689,320.4782537499897,1.7511255305784827,313.79575733160806,6573.223561168922,1.6057263295083228,5.706243325704142,3293.826613901707,41.18319530412363,6.426901437146135,1.4896009530295253,2281.8734749907676
OGLE-LMC-RRLYR-10449,True,True,False,22,8370.54605030923,70.74608485628076,4428.9836061826145,1198.3618719623546,603.3198031818714,96.99963953870547,0.8788075928890691,0.0,1989.5275532115002,0.9873422345209619,,,,12.354292012437591,1.9610951494451836,2750.6873410203466
OGLE-LMC-RRLYR-10900,True,True,False,22,8375.02626441075,44.60586167955631,4429.578702838504,1504.323211710105,780.9481683841869,275.7507152187288,0.3320632152626247,0.0,2643.7090110577183,1.1234012688234398,,,,5.45537374406031,1.8163724201320122,2750.933731363059
OGLE-LMC-RRLYR-11047,True,True,False,22,8260.494699620842,60.54676368964388,4367.151234263474,1112.9034288338876,621.2521541251448,180.195678001049,0.5799327007806402,0.0,1727.592754590515,0.956369565226592,,,,6.176082807199232,1.7204767681817559,2725.0261117681744
OGLE-LMC-RRLYR-11055,True,True,False,22,8348.764748928072,73.93680056608395,4920.009976581059,1283.03104581267,707.4639687926533,138.46653996547965,1.653476577242918,0.0,1941.7050531853574,1.1003250538522933,,,,9.266000624645748,1.7797946416478891,2950.4108912951783
OGLE-LMC-RRLYR-11538,True,True,False,22,8364.761539185978,70.81315826985954,4922.662405971513,862.7754579292957,602.1296593732764,96.80829239607215,0.773713272987347,0.0,1357.534828143763,1.1499735027467324,,,,8.912206140352307,1.4147054493373605,2951.4711945072513
OGLE-LMC-RRLYR-11998,True,False,True,19,6883.452872656473,49.37442464906022,3641.2900719105432,1602.0832005754096,950.1325614685243,152.75897706386286,1.7397493459278168,0.0,3133.188899611191,1.9223067426281524,,,,10.48765336982872,1.664788733496632,2414.026490896513
OGLE-LMC-RRLYR-12663,True,True,True,27,8354.71597852433,49.77377963620239,4920.997602914249,1727.9043101104885,1172.9125072490174,229.5652410937222,1.8562245935777828,0.0,4708.536800627544,2.7306747348438942,0.043146002919934645,4614.735172329912,41.86691568599099,7.526855119173095,1.4457430937283595,2950.8057151572802
OGLE-LMC-RRLYR-13042,True,False,False,14,5132.753418202435,40.48844917354326,1264.502303138191,925.7822789300096,645.6062525725929,227.9618457456908,1.4412799202307083,698.4493499923237,0.0,2.303191550020107,,,,4.061128194069774,1.3521568993069,1192.6644199825164
OGLE-LMC-RRLYR-13110,True,True,True,26,8407.659207501003,56.145083778381746,4955.11933714201,2629.180271805466,1562.0796046007997,169.46879955966034,1.9237053029236364,0.0,5084.063986789811,2.0820906643176476,-1.9504449794721168,5365.2300313633505,55.15257046191074,15.514243793766184,1.6733096780209302,2964.430406063557
OGLE-LMC-RRLYR-13392,True,True,False,22,8359.298591007759,42.281293685082005,2885.625767504473,347.2773164029848,186.0970603680447,65.71037563576974,0.710107534717515,0.0,921.4512650528491,1.1253885083361794,,,,5.284969276814525,1.7596360737158698,2067.2762657045414
OGLE-LMC-RRLYR-13469,True,True,False,22,8360.462110420562,52.672121287307846,845.422545262516,534.7437327969991,409.2337024572857,118.69921735565615,1.9160551800740557,363.6809964205283,0.0,1.1391889085451177,,,,4.505031664992002,1.2549705956835762,911.9150790064859
OGLE-LMC-RRLYR-13854,True,True,True,27,8335.824137084335,65.9240248325805,4917.858944797218,1281.1350212877953,701.5618034610225,167.15694455603412,1.1456079352742214,0.0,2344.028268492827,1.5224104172670683,7.706535912462545,4612.206143727367,66.60360916088709,7.664264411451569,1.7763918870114352,2949.550880825495
OGLE-LMC-RRLYR-15103,True,True,False,22,8355.123147725206,50.2149551345305,3346.895124232897,2016.2225637483557,1259.4902550366048,166.34102641764792,1.5711823692404931,0.0,4990.230792529438,1.6151427656873856,,,,12.121017930273183,1.587043089103852,2282.0925306047425
OGLE-LMC-RRLYR-15158,True,True,False,22,8371.087059439793,40.317555298855865,3367.6034636487957,1194.1479673345234,713.463831633022,251.92217591413228,1.471904061070858,0.0,3532.6842290120826,1.2577089023912633,,,,4.740146289231595,1.5782366875460379,2291.496220624622
OGLE-LMC-RRLYR-15201,True,True,True,21,7157.332533806951,59.08914724819428,2867.0718780342386,339.0483087612719,237.38460345550848,68.85397383758414,0.5592940938487079,0.0,965.5336875295654,1.572611743899783,8.769524649792135,3014.742607335879,37.947789863895764,4.924164719396362,1.3717288557961496,2058.4053448756513
OGLE-LMC-RRLYR-15209,True,True,True,27,8385.67793012936,93.32212524808733,3661.284896369399,1344.1685843228588,938.6528668343202,101.83371838229588,1.2223740893194845,0.0,3055.011551468877,1.3189745955078587,-4.8879559548822265,3673.494928194143,90.13800847236607,13.199641589013671,1.4236651370773874,2422.855590479771
OGLE-LMC-RRLYR-15442,True,True,False,22,8406.403977869739,55.94682292640579,4011.7600334950575,822.9039390135332,505.2047738004779,98.87988659207238,1.4082514946657059,0.0,2028.092679198649,2.5665692627346126,,,,8.322258119170506,1.5985224917332215,2575.1062045304902
OGLE-LMC-RRLYR-15551,True,False,True,19,6900.881373357895,42.504922759335784,2769.869338856503,712.0229565052731,410.25735033779324,176.34728671285265,1.3226168197669603,0.0,1690.6970144702739,1.2891539672817707,,,,4.037617871970236,1.5944874979976336,2011.6142442150183
OGLE-LMC-RRLYR-15587,True,True,True,27,8370.302260217171,66.27871616229552,4007.874418286546,917.4052616037092,608.7529101088736,214.94902882136455,1.4300594109823517,0.0,2060.7840816020866,1.425385425820814,4.266870107023031,4074.0467877219835,54.58036448143491,4.268013057021661,1.4210394318039155,2573.4431792162045
OGLE-LMC-RRLYR-15595,True,True,False,22,8372.989885713645,49.22001994262071,4949.342951297527,2739.148751988241,1682.2860361521243,270.47204193720546,1.7340749219844152,0.0,5547.562675145053,1.1522403381171118,,,,10.12728980182055,1.6075853547399936,2962.1261194783774
OGLE-LMC-RRLYR-16187,True,True,False,22,8389.133444186711,43.96067423241473,2160.3554531355485,682.4171284796784,489.60370143141523,172.87776104627773,0.5068620637162352,529.6779355155903,0.0,0.9700594469827426,,,,3.9473968447393406,1.3142899270480117,1704.467230045425
OGLE-LMC-RRLYR-16544,True,True,True,27,8352.831668918057,60.728392593357256,3983.8785071734846,353.293282526919,233.9464675492556,100.56084249166744,1.948226266638015,0.0,659.1503544887431,1.2703543429934765,3.0810360748735484,3641.7483412704637,49.40068067171984,3.51322914340334,1.3874022070404723,2563.1611041204096
OGLE-LMC-RRLYR-16628,True,False,True,19,6934.432704335598,49.95014272270285,1552.19377974024,737.9574139392756,523.6067712232168,151.8734003898545,1.4004221023582806,465.3229466379814,0.0,1.1596935552693284,,,,4.859030034521917,1.3535842298855816,1367.316766884265
OGLE-LMC-RRLYR-16828,True,True,True,27,8375.061522270078,42.093413564899606,4429.583384168687,1284.4196022863387,856.9397619592407,167.72229969511636,1.5832279309585113,0.0,3440.0966654961667,0.8805131787087896,-3.831162663538059,4075.079307763728,37.29702299471887,7.658013303067879,1.470935692170811,2750.935669549917
OGLE-LMC-RRLYR-17122,True,True,True,27,8379.564389387999,45.02935595653162,3660.739871635393,1014.0138665611203,662.12192230182,233.7934846745246,1.6547594113790034,0.0,3278.4670629273446,1.4741972990339902,-6.661141513118352,3675.181610257119,43.68560296029378,4.3372203805113685,1.4440820828770384,2422.6151377378796
OGLE-LMC-RRLYR-17610,True,True,True,27,8347.757563308684,53.21799052131115,3346.346909438353,333.26963161731015,251.2777725455869,88.72551124792123,1.2061432275548973,0.0,850.6394386349023,1.758973385775348,7.065568306321612,3643.5453068453985,31.986572728975574,3.7561872220276262,1.250626482259184,2281.8433223091265
OGLE-LMC-RRLYR-17780,True,True,True,27,8405.300053950401,60.08439656785896,4433.5874374157,428.7960959815262,341.9641527407314,66.9300418267854,1.793422736218719,0.0,938.5545450718691,1.3852014142479068,9.537138653276433,4102.7370263622515,39.304643707026,6.406631226845014,1.2305727563005353,2752.59319700479
OGLE-LMC-RRLYR-18547,True,True,False,22,8372.143333586868,43.62144017462441,4949.201474892883,758.9038942130297,486.6561859031081,115.95266544378856,0.7798558156016498,0.0,1625.9948177996312,1.1679330681895184,,,,6.544945657854933,1.5169607601445283,2962.069671184244
OGLE-LMC-RRLYR-19183,True,True,False,22,8332.272384440648,43.88758210886829,3097.6112042157815,788.6214052161152,498.6306127599478,118.80574067725264,0.5082648655992478,0.0,2436.785287874988,1.0484621164219081,,,,6.637906558391669,1.5385068578073382,2167.3203955911754
OGLE-LMC-RRLYR-19535,True,True,True,26,8389.228544214266,73.70447150610082,3368.962674955824,801.8202593847626,509.15350381297446,99.65274147402678,0.9753617381877052,0.0,2043.9444502938268,0.9522245191742527,17.872219262404695,3299.2381760082308,45.74799274636348,8.046143513209286,1.5454869571938217,2292.112765521012
OGLE-LMC-RRLYR-20052,True,True,False,21,8360.573641979909,43.45497059759987,4404.023229391696,1836.0221615192672,867.3359173285193,114.54915681989542,1.1828840021190865,0.0,2349.479902957673,1.149275181280139,,,,16.02824684607699,2.0986288885840954,2740.3429294478246
OGLE-LMC-RRLYR-21002,True,True,True,26,8343.397789157405,43.277726820128635,4919.118444116649,1534.506894764042,1001.1779768607157,132.22569339602833,0.7806007200874214,0.0,2712.037503489109,0.9035961914653579,-75.38044518437954,5096.9760058637185,67.7625939666556,11.605209663511086,1.519506686651804,2950.054460237528
OGLE-LMC-RRLYR-21192,True,True,True,25,8374.203806847167,62.418081454865415,4949.545786870284,408.62290725306156,248.51232563931507,106.82191142976566,0.7681366914309173,0.0,700.1900445685858,1.1872662588553569,-6.092582246464062,339.99675012269194,38.9770964923398,3.8252723788951015,1.510630569308335,2962.2070487990495
OGLE-LMC-RRLYR-21835,True,True,False,22,8399.171580055307,40.72349510159182,2717.897410705619,1364.8886518545405,872.3734400959131,374.9858205699517,1.6970426009303736,0.0,3595.1072405135938,1.0853211255206556,,,,3.63984070058971,1.4374021207116412,1986.3718572637504
OGLE-LMC-RRLYR-22402,True,False,True,17,6597.490779859253,41.45668738491891,3894.669157763079,1896.9614556025738,1303.2301557159215,209.52876844705207,1.7822733718061643,0.0,4297.5753311902035,1.6621281224091808,,,,9.053465400775913,1.4371286566042811,2524.7529860759187
OGLE-LMC-RRLYR-22630,True,True,True,21,8281.660563297883,47.08956557835455,2863.976612488718,1093.624335908038,721.6708282560551,310.20697705473543,1.3481707583864604,0.0,2974.0520523475993,1.1336274923478944,5.74595198824856,2852.7533140414102,32.951031049581175,3.5254665974681476,1.3922348752454343,2056.923587327392
OGLE-LMC-RRLYR-22695,True,True,False,22,8356.508157638213,49.627903217232,4403.487814354765,2473.239167615778,1370.6420578993539,268.265341643303,1.4919695515495168,0.0,5502.3017746172,1.2971996726641224,,,,9.21937642956615,1.7708391606442402,2740.1208218482816
