ogle_id,ok,has_M,has_O2,n_season,baseline,err_med_s,alpha_chi2nu,chi2nu_lc,D,P_best,amp_s,jit0_s,s_red_s,rw_rms_s,cm_rms_s,pred_score,P_train,D_train,c1_D,c2_alpha,c3_snr,c4_cycles,c5_ceiling,all,fM,M2min,K1_kms,snr_tot
OGLE-LMC-RRLYR-20052,True,True,False,21,8360.573641979909,114.54915681989542,1.1828840021190865,1.149275181280139,45.08436052508915,4416.33930131869,1835.2728527533175,867.3359173285193,0.0,2349.479902957673,24.547936643550127,,,,True,True,True,True,True,True,0.34029828121851197,0.9584091155798888,9.059934067137993,2.097772405990557
OGLE-LMC-RRLYR-08101,True,True,False,22,8380.298572801805,73.98165372349004,1.4548230997690401,1.5978610458429054,55.7170303825871,4418.701658095588,2049.5600536087204,1010.5862674754835,331.5417341545969,2219.4496117047015,34.258332248601356,,,,True,True,True,True,True,True,0.4734512663693834,1.1557481792451623,10.112366399508595,2.022677408291237
OGLE-LMC-RRLYR-09732,True,True,False,22,8349.729731203093,112.45625319667663,1.4893829224484132,1.5864838009101156,76.38870093388472,4933.48876597583,2486.932799416479,1261.8710965815421,0.0,3373.6875959002987,34.258332248601356,,,,True,True,True,True,True,True,0.6785261058604055,1.433419675063645,10.989975780894019,1.9630495287813468
OGLE-LMC-RRLYR-10449,True,True,False,22,8370.54605030923,96.99963953870547,0.8788075928890691,0.9873422345209619,69.47421066281808,4417.534722772919,1197.5873982168337,603.3198031818714,0.0,1989.5275532115002,34.258332248601356,,,,True,True,True,True,True,True,0.09450274137841791,0.4999622138890615,5.910361903083132,1.9598277387061998
OGLE-LMC-RRLYR-02150,True,True,False,22,8492.741060311055,161.12301418912196,1.4015872259686477,1.3276114618921238,51.748043348287496,5024.966533836801,928.5811571728808,456.31331442141595,0.0,1544.7371157775015,34.258332248601356,,,,True,True,True,True,True,True,0.03404677266731771,0.3169225199240274,4.028779715321627,1.9188572998805902
OGLE-LMC-RRLYR-10900,True,True,False,22,8375.02626441075,275.7507152187288,0.3320632152626247,1.1234012688234398,45.4765085627096,4418.071062449039,1536.4208763351292,780.9481683841869,0.0,2643.7090110577183,34.258332248601356,,,,True,True,True,True,True,True,0.19950229820730675,0.7211849613837192,7.581660468090209,1.855128262175601
OGLE-LMC-RRLYR-01106,True,True,False,22,8411.138438929884,108.43602487472691,0.5987657677911575,1.492979182079082,70.24203744612825,5012.273025239621,1534.873872379945,821.048899155618,0.0,2224.095473704437,34.258332248601356,,,,True,True,True,True,True,True,0.15453659505023506,0.633922832676136,6.676130272418582,1.853312817679855
OGLE-LMC-RRLYR-06040,True,True,False,22,8305.004650599485,148.75876377636666,1.6687652829499813,3.6206239484013762,62.46520927000287,4926.591258406685,1685.1765618772333,925.2519752645445,0.0,3051.141846735074,34.258332248601356,,,,True,True,True,True,True,True,0.21170244065844918,0.7435858238584137,7.4573702704017935,1.798223432924565
OGLE-LMC-RRLYR-18547,True,True,False,22,8372.143333586868,115.95266544378856,0.7798558156016498,1.1679330681895184,43.46733264458396,4936.924867032946,734.8304139003725,399.7645447583184,0.0,1625.9948177996312,34.258332248601356,,,,True,True,True,True,True,True,0.01747958154224959,0.2401521689969195,3.245020418996735,1.7653958000730328
OGLE-LMC-RRLYR-22695,True,True,False,22,8356.508157638213,268.265341643303,1.4919695515495168,1.2971996726641224,48.603916997725065,4415.851327292978,2459.874650788187,1370.6420578993539,0.0,5502.3017746172,34.258332248601356,,,,True,True,True,True,True,True,0.8195826256454881,1.6131385933512496,12.144660051957683,1.76127016704618
OGLE-LMC-RRLYR-08275,True,True,False,22,8333.304995215043,86.66731691855819,0.9454299984053242,0.8415686743575681,52.62962131181317,2893.5172202309104,386.4663376336358,201.6243315259473,0.0,830.906880948773,34.258332248601356,,,,True,True,True,True,True,True,0.007402281048828677,0.17085734303888572,2.911872996905888,1.7609710818424356
OGLE-LMC-RRLYR-11047,True,True,False,22,8260.494699620842,180.195678001049,0.5799327007806402,0.956369565226592,60.01390866193421,4404.219363173688,1127.0470033553022,621.2521541251448,0.0,1727.592754590515,34.258332248601356,,,,True,True,True,True,True,True,0.07924482309319869,0.4606559207741429,5.579045656017228,1.7423418202183358
OGLE-LMC-RRLYR-08984,True,True,False,22,8358.323382160666,170.34581328687088,1.3063836327790481,1.5260085867816302,44.028037554304646,4416.069251318436,2744.3069249181176,1570.1634835200473,0.0,5110.374398606126,34.258332248601356,,,,True,True,True,True,True,True,1.1379128252624837,1.9984891630470825,13.548263513530806,1.7375884800455343
OGLE-LMC-RRLYR-11055,True,True,False,22,8348.764748928072,138.46653996547965,1.653476577242918,1.1003250538522933,72.79355737597837,4933.340523517607,1251.0620854776917,707.4639687926533,0.0,1941.7050531853574,34.258332248601356,,,,True,True,True,True,True,True,0.08638475360514816,0.4794197968902383,5.528720025087681,1.7354479483321328
OGLE-LMC-RRLYR-19954,True,True,True,26,8339.199288866232,156.845130386912,1.980387820887942,1.2741490455496682,41.33778774801047,4413.769656472482,1160.469830087985,658.2828660249583,153.57465256263882,2199.4265352171597,31.7224949252717,1.0877202567018607,4425.425147171077,38.425860222480225,True,True,True,True,True,True,0.0861320792564188,0.4787674689240427,5.732063835094654,1.7148696587394603
OGLE-LMC-RRLYR-08205,True,True,False,22,8306.59605689933,94.667076473254,1.3400626466069079,1.1864887432623739,49.81107918760861,4409.830409427549,487.3110803924599,268.1047623736215,0.0,907.6030969649988,34.258332248601356,,,,True,True,True,True,True,True,0.006389366223420679,0.16143102306423973,2.4091909730652583,1.7139088084962522
OGLE-LMC-RRLYR-13392,True,True,False,22,8359.298591007759,65.71037563576974,0.710107534717515,1.1253885083361794,41.50956991472373,2894.704883178062,333.37067764189095,186.0970603680447,0.0,921.4512650528491,34.258332248601356,,,,True,True,True,True,True,True,0.0047474052343176275,0.144127023637261,2.5107873557758675,1.6891718594630734
OGLE-LMC-RRLYR-11998,True,False,True,19,6883.452872656473,152.75897706386286,1.7397493459278168,1.9223067426281524,51.00335808634411,3654.2896639429414,1610.9939925818999,950.1325614685243,0.0,3133.188899611191,11.730093201085008,,,,True,True,True,True,True,True,0.33616966551227895,0.9519669657115257,9.611203665052123,1.674048293882515
OGLE-LMC-RRLYR-05066,True,True,True,26,8338.564591327035,139.23726071199113,0.9950169844064578,1.7056468313503796,56.14384512551143,4931.772003295699,1209.9318999766547,711.4017949150781,0.0,2855.8494437462573,31.83745413121583,-6.2179698742010565,4617.778390256438,51.03647572282114,True,True,True,True,True,True,0.0781914915824085,0.457826604771064,5.348657206698668,1.669102571691938
OGLE-LMC-RRLYR-07533,True,True,False,16,7161.500288420031,147.62293165414127,0.9012043053830195,1.5595053645782206,42.6256243455815,3817.6614502292546,1282.5564822658312,754.2465142761727,0.0,3027.8451694099135,39.978131197754884,,,,True,True,True,True,True,True,0.1554237464025196,0.6357291334250857,7.324296487831908,1.6687844490847108
OGLE-LMC-RRLYR-13110,True,True,True,26,8407.659207501003,169.46879955966034,1.9237053029236364,2.0820906643176476,55.03032466418122,5011.727784909092,2617.2630966955185,1562.0796046007997,0.0,5084.063986789811,31.7224949252717,-4.31145508760854,4637.888550796236,54.782699789335226,True,True,True,True,True,True,0.766390116437329,1.5461925369096206,11.385359190681397,1.6657251374475859
OGLE-LMC-RRLYR-15442,True,True,False,22,8406.403977869739,98.87988659207238,1.4082514946657059,2.5665692627346126,51.81550140857135,4061.2940142318494,850.8049254835818,505.2047738004779,0.0,2028.092679198649,34.258332248601356,,,,True,True,True,True,True,True,0.0400907169206735,0.3399585295959924,4.567224852613443,1.652721229033449
OGLE-LMC-RRLYR-15595,True,True,False,22,8372.989885713645,270.47204193720546,1.7340749219844152,1.1522403381171118,50.43906119604404,4937.054380100188,2774.698962986598,1682.2860361521243,0.0,5547.562675145053,34.258332248601356,,,,True,True,True,True,True,True,0.9410105492053917,1.7628738992911661,12.252784345390424,1.6284495004047341
OGLE-LMC-RRLYR-15551,True,False,True,19,6900.881373357895,176.34728671285265,1.3226168197669603,1.2891539672817707,43.024395227242366,2780.3980756542596,723.6338040702454,410.25735033779324,0.0,1690.6970144702739,11.730093201085008,,,,True,True,True,True,True,True,0.05262901950886921,0.38293346907422804,5.674122347644937,1.6204885575342125
OGLE-LMC-RRLYR-15158,True,True,False,22,8371.087059439793,251.92217591413228,1.471904061070858,1.2577089023912633,41.87075522152716,3358.144206158443,1225.2645904664028,713.463831633022,0.0,3532.6842290120826,34.258332248601356,,,,True,True,True,True,True,True,0.1751352889145373,0.6749169262854829,7.954582122789318,1.6193617386809434
OGLE-LMC-RRLYR-15103,True,True,False,22,8355.123147725206,166.34102641764792,1.5711823692404931,1.6151427656873856,51.44041176719533,3357.1149341871856,2022.5588136167075,1259.4902550366048,0.0,4990.230792529438,34.258332248601356,,,,True,True,True,True,True,True,0.7882314445417119,1.5737921898621037,13.134749001066515,1.5920305849017902
OGLE-LMC-RRLYR-19183,True,True,False,22,8332.272384440648,118.80574067725264,0.5082648655992478,1.0484621164219081,45.62239324605426,3107.4626553199637,806.4424067619739,498.6306127599478,0.0,2436.785287874988,34.258332248601356,,,,True,True,True,True,True,True,0.05831643049472965,0.40081976988470464,5.657886978444071,1.573273518856546
OGLE-LMC-RRLYR-05789,True,True,False,16,7244.426259613363,353.8397485331064,1.9702419421300912,1.9566527839714818,45.23815684603187,2909.806865941188,1657.7892210720884,1002.1025813088535,0.0,4961.866079096468,39.978131197754884,,,,True,True,True,True,True,True,0.5777531264267073,1.2999667205059096,12.420868846567227,1.5599227201280874
OGLE-LMC-RRLYR-21002,True,True,True,26,8343.397789157405,132.22569339602833,0.7806007200874214,0.9035961914653579,45.028995538772904,4932.515577743991,1556.963617431449,1001.1779768607157,0.0,2712.037503489109,31.7224949252717,-71.19312945244907,5102.210652201776,69.23256937790573,True,True,True,True,True,True,0.1665640069942579,0.6580904078477676,6.881717294580442,1.5417438889542787
OGLE-LMC-RRLYR-05821,True,True,True,26,8345.886344037783,97.77438450546083,1.287684737449901,1.3528600011605785,54.89894791584172,2707.5820717976344,381.2151272790681,227.46400393125774,0.0,1371.0822593940143,31.7224949252717,5.7323661897561955,2710.97323259594,40.59350400981978,True,True,True,True,True,True,0.008113903090853282,0.1770508805511272,3.06955433193596,1.5397171227210809
OGLE-LMC-RRLYR-19535,True,True,True,26,8389.228544214266,99.65274147402678,0.9753617381877052,0.9522245191742527,75.17600985748436,3359.309883473749,785.426815838638,509.15350381297446,0.0,2043.9444502938268,31.493738640502293,17.588078576444502,3310.873925234903,48.065313086012566,True,True,True,True,True,True,0.046099873871499816,0.3612475394230779,5.097326892568117,1.513889036229005
OGLE-LMC-RRLYR-04633,True,True,False,22,8447.841463740106,186.7587130664825,1.1996893885974913,1.8245411421705595,43.578584645450235,4491.723785813993,1212.5635310491868,783.8309075281032,0.0,2618.9022776043134,34.258332248601356,,,,True,True,True,True,True,True,0.09487900495559785,0.5008957790265562,5.885431226974041,1.504845561134386
OGLE-LMC-RRLYR-16544,True,True,True,27,8352.831668918057,100.56084249166744,1.948226266638015,1.2703543429934765,60.34990281293375,3995.487506871255,326.2589822681496,192.17572036835293,0.0,659.1503544887431,31.34440418829296,1.9852096659881013,3654.697680398358,48.102379065682726,True,True,True,True,True,True,0.002335772685683302,0.11055092791404796,1.7802439923867306,1.504216679781923
OGLE-LMC-RRLYR-13854,True,True,True,27,8335.824137084335,167.15694455603412,1.1456079352742214,1.5224104172670683,65.00071684590114,4931.350108451001,1295.0207617056215,854.0512057017352,0.0,2344.028268492827,31.34440418829296,7.898847641397516,4626.923416611578,67.46714207280112,True,True,True,True,True,True,0.0958917440375413,0.5034008053918578,5.7252930744617805,1.48809232482186
OGLE-LMC-RRLYR-03360,True,True,False,22,8417.946929248606,96.3050096844833,0.5377533241818256,1.7866384737256409,50.1495789102174,3162.6188417971284,743.4733652697979,492.04901330664546,0.0,1975.2802298108102,34.258332248601356,,,,True,True,True,True,True,True,0.04411489341568097,0.3543706589047804,5.125135943490028,1.48283935967561
OGLE-LMC-RRLYR-17122,True,True,True,27,8379.564389387999,233.7934846745246,1.6547594113790034,1.4741972990339902,47.55731207923259,3650.5868839577447,1037.8548068241944,662.12192230182,0.0,3278.4670629273446,31.34440418829296,-7.6287858554454715,3728.7056553016673,46.385195664469165,True,True,True,True,True,True,0.09006729575351763,0.48883597513478744,6.198130854557558,1.4780345521757134
OGLE-LMC-RRLYR-09775,True,True,True,27,8348.648170246926,320.4782537499897,1.7511255305784827,1.6057263295083228,53.45167733412316,3356.6965189159805,2030.8164935990928,1345.0551053564689,313.79575733160806,6573.223561168922,31.34440418829296,5.4957347500863385,3306.152284177238,41.55789684406898,True,True,True,True,True,True,0.7981243992947976,1.5862416608653545,13.19001934697998,1.468724766528144
OGLE-LMC-RRLYR-11538,True,True,False,22,8364.761539185978,96.80829239607215,0.773713272987347,1.1499735027467324,75.95702140546888,4935.794712039952,891.8749045628991,602.1296593732764,0.0,1357.534828143763,34.258332248601356,,,,True,True,True,True,True,True,0.03126657810302731,0.3056514555038755,3.939432689976224,1.4624202346235156
OGLE-LMC-RRLYR-12663,True,True,True,27,8354.71597852433,229.5652410937222,1.8562245935777828,2.7306747348438942,51.04249025225238,4934.254359164325,1746.068300537268,1172.9125072490174,0.0,4708.536800627544,31.34440418829296,1.4427443424950415,4629.261584078114,42.711651458411495,True,True,True,True,True,True,0.234759575229631,0.7847327550496365,7.71483288879307,1.4609409629392913
OGLE-LMC-RRLYR-08711,True,True,True,27,8410.239942141623,244.84802939630237,1.8421377015035907,1.375435783447228,49.60745289312979,5012.132251079462,905.7646103300807,569.6186521946414,0.0,1604.915605055874,31.34440418829296,-7.457150879382395,4635.904683879193,42.26062334144157,True,True,True,True,True,True,0.03176023439196554,0.3076880341543199,3.9398497060642783,1.460880322596317
OGLE-LMC-RRLYR-21835,True,True,False,22,8399.171580055307,374.9858205699517,1.6970426009303736,1.0853211255206556,43.540690041827474,2709.6455211235316,1385.4757065500696,872.3734400959131,0.0,3595.1072405135938,34.258332248601356,,,,True,True,True,True,True,True,0.38891481238346226,1.0326266810092688,11.147391763185945,1.4590829193895056
OGLE-LMC-RRLYR-09642,True,True,False,22,8360.00268649225,114.22853141934101,0.4031028383612748,0.959704089517555,50.276855485991916,1952.814808347786,717.336217037261,479.4199530393609,511.90428289488915,0.0,34.258332248601356,,,,True,True,True,True,True,True,0.1039271106449526,0.5228970877792307,8.008451084287003,1.455514266773716
OGLE-LMC-RRLYR-04315,True,True,True,26,8350.472094047813,256.35144713971175,0.5580467749796015,1.903248715133306,44.76470358424672,3356.814436590565,1117.5641113209401,726.0078834159859,0.0,3594.7955399669186,31.7224949252717,-3.7124379140973893,3161.1534696997514,33.25637684660478,True,True,True,True,True,True,0.13299807951304735,0.5887631928072619,7.258250308407623,1.4515000763921269
OGLE-LMC-RRLYR-15209,True,True,True,27,8385.67793012936,101.83371838229588,1.2223740893194845,1.3189745955078587,97.07729306727322,3651.0623275324706,1361.5977430545688,938.6528668343202,0.0,3055.011551468877,31.34440418829296,-3.4558576500765277,3661.8061540172257,92.70655836584027,True,True,True,True,True,True,0.20332494950487992,0.7282544833616257,8.130484099006125,1.442125087670135
OGLE-LMC-RRLYR-16828,True,True,True,27,8375.061522270078,167.72229969511636,1.5832279309585113,0.8805131787087896,41.094023090108806,4418.075281512145,1258.2250988575454,856.9397619592407,0.0,3440.0966654961667,31.34440418829296,-5.968808075914897,4088.4100883693873,38.19730994236852,True,True,True,True,True,True,0.10956996106370713,0.5362158566499133,6.208862772673432,1.44093737233552
OGLE-LMC-RRLYR-22402,True,False,True,17,6597.490779859253,209.52876844705207,1.7822733718061643,1.6621281224091808,41.44448464316508,3899.6292140265223,1890.3244004163234,1303.2301557159215,0.0,4297.5753311902035,10.891008999281132,,,,True,True,True,True,True,True,0.4769195094819606,1.1606659907826813,10.568171535311478,1.4321004562813628
OGLE-LMC-RRLYR-08601,True,True,False,22,8399.57749072275,113.82349941078763,1.2315201804299198,0.9771311761233481,45.06542653126343,2153.8369865561194,570.9879281881039,392.42391928291596,348.7423472873819,0.0,34.258332248601356,,,,True,True,True,True,True,True,0.043086162657171564,0.35074858608348797,5.7796418184673914,1.3974320366294657
OGLE-LMC-RRLYR-15587,True,True,True,27,8370.302260217171,214.94902882136455,1.4300594109823517,1.425385425820814,63.37401399766986,3997.163621541693,891.1482396323723,608.7529101088736,0.0,2060.7840816020866,31.34440418829296,3.419799975638764,4087.4731206533143,53.82569079733827,True,True,True,True,True,True,0.047558561103006415,0.36621186351665885,4.860543744791621,1.3803679149240295
OGLE-LMC-RRLYR-07393,True,True,False,21,8358.263286499288,123.64434247180677,0.7212318764901919,2.102883048173348,40.25506106059237,943.7778631568906,508.1916775731591,350.17070656673434,378.8323012878315,0.0,34.97334334358452,,,,True,True,True,True,True,True,0.15820702752138688,0.6413709058912914,11.739364592599385,1.368464982953555
OGLE-LMC-RRLYR-03183,True,True,True,26,8336.807809848398,121.01347762255546,1.5175260981063574,1.5732823623279526,58.548095577086514,4931.50156916597,1262.3842429393408,916.2820446413233,0.0,2482.067450817153,31.7224949252717,-23.22311356132985,13156.89109277469,34.50465699199805,True,True,True,True,True,True,0.08881760173382175,0.4856593192381571,5.580835457648668,1.3658639668902162
OGLE-LMC-RRLYR-16628,True,False,True,19,6934.432704335598,151.8734003898545,1.4004221023582806,1.1596935552693284,48.08608267449233,1546.342198278062,740.0981605189991,523.6067712232168,465.3229466379814,0.0,11.730093201085008,,,,True,True,True,True,True,True,0.18202852818349244,0.6882301460707743,10.434473634874337,1.3575108532323505
OGLE-LMC-RRLYR-13042,True,False,False,14,5132.753418202435,227.9618457456908,1.4412799202307083,2.303191550020107,40.1548151158505,1267.4826401168646,927.3076878203901,645.6062525725929,698.4493499923237,0.0,10.423225256789573,,,,True,True,True,True,True,True,0.5329300872725461,1.238865215581448,15.950293148585267,1.3543848444753643
OGLE-LMC-RRLYR-03269,True,True,True,26,8366.757160147117,161.35473000840696,1.5098555323921883,1.53809821263092,74.1485987381077,4936.100387853408,941.0920538290362,677.2097664402896,0.0,1546.9586483634187,31.7224949252717,5.891048316746755,4502.611537149826,55.148601394610864,True,True,True,True,True,True,0.03672916459763297,0.3273740192597633,4.156568592182482,1.3518195014569148
OGLE-LMC-RRLYR-16187,True,True,False,22,8389.133444186711,172.87776104627773,0.5068620637162352,0.9700594469827426,45.92589551685728,2153.6101107912887,700.0621141097823,489.60370143141523,529.6779355155903,0.0,34.258332248601356,,,,True,True,True,True,True,True,0.07942518971838458,0.46113874700539986,7.086900291072572,1.3482729938684737
OGLE-LMC-RRLYR-01548,True,False,False,14,5235.937622731028,130.8880769104805,1.0181966215035336,1.3985632086747073,40.72759115666689,2807.4997602893554,917.3834075155471,668.7434984784903,0.0,2684.6020937671433,10.423225256789573,,,,True,True,True,True,True,True,0.10517097140022867,0.5258581068308741,7.123902744520894,1.3462582070109674
OGLE-LMC-RRLYR-05048,True,True,True,27,8345.44776127018,150.12765213115554,0.6267293168506846,1.63452390157218,56.96911236466548,1473.2787167097124,717.4081735937084,517.5880371541865,459.97417113324735,0.0,31.34440418829296,4.445850972040839,1451.471570622985,49.41589026483189,True,True,True,True,True,True,0.1826466998007419,0.6894149684678333,10.616179039604024,1.3311939345239758
OGLE-LMC-RRLYR-05817,True,False,False,14,5115.444212761187,157.81043439136138,0.9169721055813317,1.7854692045707177,41.6311171446049,3046.9729481426934,751.5533925191216,544.0756037916034,0.0,1512.9783692798146,10.423225256789573,,,,True,True,True,True,True,True,0.04909361585313943,0.3713589997852588,5.377470912466565,1.3266605856071312
OGLE-LMC-RRLYR-03594,True,True,False,22,8408.546596604037,96.53790335739018,1.8525254262976392,1.5968806892505236,40.435002875075725,3162.0980092644004,381.41527986855516,273.4030943375881,0.0,1353.7431845967687,34.258332248601356,,,,True,True,True,True,True,True,0.005958354062995002,0.15716270441026192,2.6297204844482747,1.3154689896376015
OGLE-LMC-RRLYR-17780,True,True,True,27,8405.300053950401,66.9300418267854,1.793422736218719,1.3852014142479068,61.466888998050536,4061.185381376605,457.86291009142786,341.9641527407314,0.0,938.5545450718691,31.34440418829296,8.340573775174835,4090.4499052279707,43.91434337726304,True,True,True,True,True,True,0.00624861061922089,0.16005567054428793,2.457929821566447,1.3139896294747677
OGLE-LMC-RRLYR-17610,True,True,True,27,8347.757563308684,88.72551124792123,1.2061432275548973,1.758973385775348,56.56825459856387,3356.638924976845,345.628257241685,251.2777725455869,0.0,850.6394386349023,31.34440418829296,11.534620500127836,3308.8337504861015,34.4868712004519,True,True,True,True,True,True,0.003934605274113289,0.13425783304808062,2.244871280036592,1.297003418600981
OGLE-LMC-RRLYR-07957,True,True,False,22,8352.757037981064,370.87012527927317,0.8263248238568609,3.114321546883119,42.665501553331524,2269.090937506029,1720.7560686072652,1278.6314676707702,0.0,5200.68167016942,34.258332248601356,,,,True,True,True,True,True,True,1.0625192946082198,1.9091737699257267,16.533097898759713,1.2925077661276188
OGLE-LMC-RRLYR-15201,True,True,True,21,7157.332533806951,68.85397383758414,0.5592940938487079,1.572611743899783,66.22477517233392,2904.359811073631,383.02643922746887,288.98181998511427,0.0,965.5336875295654,35.33795025567861,7.616905914195119,2770.5349298331075,41.8796415673246,True,True,True,True,True,True,0.0071526688769299384,0.16860583370631074,2.8751808244991235,1.289341747261405
OGLE-LMC-RRLYR-08706,True,True,True,25,8398.54957737834,222.86004553175368,1.588038824990862,2.6143998120828305,68.52374646575689,4940.9556167342425,2645.0279958119186,2054.213711964148,0.0,4571.008750176545,32.527222012275764,9.20594571705556,4716.332982806017,55.88150174890214,True,True,True,True,True,True,0.8138635755693735,1.6059839997079628,11.670948405626307,1.280099622078835
OGLE-LMC-RRLYR-19579,True,True,True,27,8275.126916422763,132.41716674616416,1.130806312216658,1.1716537931844087,51.107658317924034,4921.952841591444,729.8065253592907,555.7581024131272,0.0,1856.8751834458706,31.34440418829296,-1.98740272158161,4079.43552287394,30.49492069809247,True,True,True,True,True,True,0.01722784787349007,0.2387410968431466,3.2326383637208655,1.277414238770967
OGLE-LMC-RRLYR-04280,True,True,True,26,8337.250483330246,116.73751912664528,0.8871479741130978,1.535849648417487,55.743684596864114,4931.569721054797,635.889093416344,489.9502360944443,0.0,1119.1993862965458,31.7224949252717,-7.784683813144573,3893.264829934812,36.17808298650587,True,True,True,True,True,True,0.011351584122440887,0.20197818971562553,2.8111435776690143,1.2625227669595547
OGLE-LMC-RRLYR-13469,True,True,False,22,8360.462110420562,118.69921735565615,1.9160551800740557,1.1391889085451177,50.596293387936555,848.4726892252959,537.2075131085958,409.2337024572857,363.6809964205283,0.0,34.258332248601356,,,,True,True,True,True,True,True,0.23122415253721462,0.7785167383331507,13.803557825563896,1.2607527519869428
OGLE-LMC-RRLYR-04978,True,True,True,27,8403.94757415563,246.41362351867747,1.397034713699625,2.460266340054805,41.51938684880531,4486.349340949862,1868.598142454679,1532.647126830801,0.0,5054.108405026315,31.34440418829296,-11.729837225380095,5344.886936551741,46.01553983966056,True,True,True,True,True,True,0.34805210174728307,0.9704450874498435,9.080497717475133,1.203738083662662
OGLE-LMC-RRLYR-04400,True,True,True,21,8042.477721042703,88.13042887948613,1.309606555878242,1.5676959460633582,51.19609212358844,4747.241243095067,666.7086971005434,548.1549545829901,0.0,1235.8458522712622,35.142486008643615,-129.3615218200404,12578.071022655318,27.830680560515844,True,True,True,True,True,True,0.014119146859938756,0.22032093871264485,3.061834041357924,1.2008562978324446
OGLE-LMC-RRLYR-22630,True,True,True,21,8281.660563297883,310.20697705473543,1.3481707583864604,1.1336274923478944,46.150855593369045,2891.1383686517665,1116.8083182308862,878.5310687543677,0.0,4350.007265514815,24.79606962775868,5.868980907640868,2878.6000499201973,32.00085961711213,True,True,True,True,True,True,0.17892905311927884,0.6822672446281672,8.421638425677605,1.1986916172341793
