ogle_id,ok,P,T0,chi2nu_I,bands,failures,D,P_best,D_circ,P_circ,amp_circ_s,D_2h,P_2h,amp_2h_s,dD_harm2,amp_s,jit0_s,jit1_s,alias_dD,n_season,baseline,err_med_s,has_M,has_R,alpha_chi2nu,coh_chi2nu,s_red_s,rw_rms_s,s_gp_s,A_gp_s,ell_gp_d,P_train,D_train,pred_score,c1_D,c2_alpha,c3_snr,c4_cycles,c5_ceiling,all,fM,M2min,K1_kms,snr_tot
OGLE-LMC-RRLYR-07529,True,0.5908231,6000.00144,1.0202956259900415,IMBMR,,48.61404841933086,4399.05064727504,48.61404841933086,4399.05064727504,327.3537956766455,53.74830832129919,16705.291010165864,45412.22806447951,5.134259901968335,327.3537956766455,151.07695149357122,0.0,36.83104950769018,30,8352.645505082932,96.23799637099461,True,True,1.085973008579712,1.123941832388601,0.0,630.8152144656483,36.82973826985787,539.3898283804931,1500.0,6285.481947973958,41.16462369023165,-4.492158886239778,True,True,True,True,True,True,0.001946331972312901,0.1033743675523554,1.622352594335011,1.8275093609110968
OGLE-LMC-RRLYR-05066,True,0.4620128,6000.02009,1.7056468313503796,IMBMR,,60.03692017984318,4914.1501763264405,60.03692017984318,4914.1501763264405,1207.540615449612,62.773318681878635,9275.901437974082,1397.5059261306455,2.736398502035456,1207.540615449612,660.7503022982423,203.01565315381018,42.08230493404017,33,8338.564591327035,157.43303170407916,True,True,0.9386772516613934,1.3784734295867351,0.0,2207.6706276787922,230.56850236099072,1726.1481556089748,1500.0,4598.053901568689,53.30050230507135,-5.4733443342312995,True,True,True,True,True,True,0.07828725954998711,0.4580845290066131,5.357228265017539,1.7777643387740754
OGLE-LMC-RRLYR-18547,True,0.571392,6000.03138,1.1679330681895184,IMBMR,,45.76833914850093,4953.585208710986,45.76833914850093,4953.585208710986,671.6948226778778,59.237700019137634,4953.585208710986,723.9736759717549,13.469360870636706,671.6948226778778,370.8531325410759,138.71137612118633,21.215155601520223,30,8372.143333586868,130.94725191672325,True,True,1.23666856057036,0.799843446887246,0.0,1836.2626870782353,98.03349332781967,524.7344209351703,700.0,4444.220664661278,33.053619300761426,-1.853086656325118,True,True,True,True,True,True,0.013260485501693555,0.21485690361604726,2.9562366152907344,1.7078746876884225
OGLE-LMC-RRLYR-17484,True,0.4826299,6000.47125,1.1218453895178548,IMBMR,,43.866987900059314,3374.1196564184597,43.866987900059314,3374.1196564184597,437.0539724334733,63.860783073922164,7662.292095945113,1084.7409050379754,19.99379517386285,437.0539724334733,235.7483541252286,72.4337256089006,13.78379222534619,30,8414.033986742645,101.33537537541838,True,True,1.0805227595698175,0.8623880477195317,0.0,971.534180088735,38.78047645721043,1554.0189320128445,1500.0,3513.494240045562,36.25311867608701,-7.032167188037192,True,True,True,True,True,True,0.007873484090722558,0.17499385284941738,2.82397872686728,1.7032166567530356
OGLE-LMC-RRLYR-13854,True,0.5366685,6000.16708,1.5224104172670683,IMBMR,,70.85951193528379,4915.472038719265,70.85951193528379,4915.472038719265,1376.2293079141127,98.08234686372109,9280.808745875942,2316.9488939754388,27.222834928437294,1376.2293079141127,792.7358041397758,200.07952770989286,29.779677247417567,35,8346.65807410564,188.88042964490975,True,True,1.398308031570764,1.1008073244988856,0.0,2648.6549370033736,101.10020515568242,2070.947892784205,1500.0,4607.7668992026975,59.89953696751732,13.879086030379085,True,True,True,True,True,True,0.11583095714872982,0.5506686073927773,6.103970149069032,1.6887763647069374
OGLE-LMC-RRLYR-11998,True,0.5299849,6000.02212,1.9223067426281524,I,,49.07897190760103,3637.4464922047105,49.07897190760103,3637.4464922047105,1609.5227847922688,61.289282651797706,3637.4464922047105,1700.9248993184112,12.210310744196676,1609.5227847922688,950.1325614685243,239.8050815513488,26.103045818024157,19,6883.452872656473,152.75897706386286,False,False,1.7397493459278168,1.3589256005453565,0.0,3133.188899611191,41.797064987205644,1197.501142087178,700.0,,,,True,True,True,True,True,True,0.3383614352759078,0.9553898682589655,9.646890398615094,1.6725195030232571
OGLE-LMC-RRLYR-11189,True,0.5817425,6000.17103,1.5073193559845113,IMBMR,,49.00089673895914,4960.736836792647,49.00089673895914,4960.736836792647,1366.7505614736572,87.49695922849818,6485.382297983079,1824.0518438377453,38.49606248953904,1366.7505614736572,810.9758231767813,369.2631839150414,29.60636012668988,30,8415.690609846008,107.10567254305765,True,True,1.4189750718881124,1.258138656080275,0.0,2196.809056642248,112.15111030235606,2297.31586791957,1500.0,13271.392759938433,49.7261990352205,-55.432194159026956,True,True,True,True,True,True,0.11139305219594406,0.5404582440807008,6.006616449712878,1.6708074880082915
OGLE-LMC-RRLYR-04633,True,0.5781526,6000.48297,1.8245411421705595,IMBMR,,40.41977435905585,4477.876632148987,40.41977435905585,4477.876632148987,1166.3550008883092,51.105223431833565,5003.772709598945,1179.5600353523732,10.685449072777715,1166.3550008883092,670.9701112158023,305.5141133663211,13.397304803329291,30,8471.181116034852,194.61649075363286,True,True,1.66190695553635,1.4373994857112402,130.28269153984374,2729.0912564417335,285.0255268675873,779.8710555986895,700.0,3929.3507407172665,32.13509706503069,-72.86344657643502,True,True,True,True,True,True,0.08496317180724289,0.4757389363973582,5.678654683549873,1.6695015281766923
OGLE-LMC-RRLYR-19763,True,0.4891368,6000.43347,1.1415088102469144,IMBMR,,62.04752224001993,3634.3546964559614,62.04752224001993,3634.3546964559614,520.5561190589225,93.49577871297106,7598.008801355758,773.6860233912646,31.44825647295113,520.5561190589225,308.04597808497357,77.74808894251257,29.650980296289845,30,8355.036925125038,73.39627702852844,True,True,1.4284428370577633,0.7749409146884513,0.0,1029.2300365620129,0.0,575.3647167319358,700.0,4105.242034327906,52.91319322867372,-61.190855231147665,True,True,True,True,True,True,0.011466496573468451,0.20278543833497878,3.122677072129877,1.6438486395474354
OGLE-LMC-RRLYR-11058,True,0.4610841,6000.20166,1.2549218783128728,IMBMR,,58.5477701141528,4398.894224844867,58.5477701141528,4398.894224844867,305.0750468693661,66.89392308061298,4398.894224844867,339.7933847857432,8.346152966460181,305.0750468693661,171.08655051206077,29.137621758653154,34.64861518035781,30,8351.434660934776,73.54078836374715,True,True,1.0812857549972479,0.9033920345740464,0.0,705.0587148008314,39.36346822623733,576.4975633396779,1500.0,4450.171419659528,44.19346783255273,5.781126686409223,True,True,True,True,True,True,0.0015754902506133492,0.09568459446701533,1.511993751349694,1.6382278690440837
OGLE-LMC-RRLYR-11047,True,0.6598576,6000.22318,0.956369565226592,IMBMR,,68.58485513738486,4355.37592854266,68.58485513738486,4355.37592854266,1084.5198898349233,76.03447775825202,9188.185437251595,1530.418791938016,7.44962262086716,1084.5198898349233,637.207357878881,0.0,26.36916412330436,30,8260.494699620842,184.82352313439597,True,True,0.9592966033515624,0.7481316123943836,0.0,1771.9613643731016,0.0,2026.4666196053693,1500.0,5012.411712655159,44.24919659320244,-10.690939589058754,True,True,True,True,True,True,0.07220112575062966,0.4414069028857402,5.428735764819535,1.6346168789418896
OGLE-LMC-RRLYR-15551,True,0.5485729,6000.08269,1.2891539672817707,I,,42.633948414983934,2766.64951829433,42.633948414983934,2766.64951829433,723.3688583242595,43.89127657067144,2766.64951829433,710.3198198920876,1.2573281556875031,723.3688583242595,410.25735033779324,0.0,13.854684346180989,19,6900.881373357895,176.34728671285265,False,False,1.3226168197669603,1.1670671680354283,0.0,1690.6970144702739,94.39171066496897,706.6623393945353,700.0,,,,True,True,True,True,True,True,0.05309502515181402,0.3844316593690349,5.7002314646011465,1.6198952442487875
OGLE-LMC-RRLYR-19911,True,0.6010812,6000.08022,1.3232636826398065,IMBMR,,48.96242381670868,3976.9264584675634,48.96242381670868,3976.9264584675634,607.3938775241862,74.12929589970793,9265.60579980688,1403.3800823727083,25.166872082999248,607.3938775241862,344.6139523051705,86.9775232295433,26.530479667934685,30,8321.60747429451,148.13076573124565,True,True,1.7433394824607331,1.5542988358630625,0.0,1420.1763352379355,0.0,1161.2198808274034,1500.0,5071.090766158461,48.32683555585106,-32.41191628986366,True,True,True,True,True,True,0.015212437537406823,0.22702535833756357,3.3297350578039464,1.6192766240669028
OGLE-LMC-RRLYR-11538,True,0.5167656,6000.48087,1.1499735027467324,IMBMR,,94.52277181783435,4956.758769007014,94.52277181783435,4956.758769007014,895.7383216125521,98.15372304562138,4956.758769007014,913.1668186174164,3.6309512277870226,895.7383216125521,545.4799925170333,28.543630540174394,64.47678436949298,30,8391.427341999837,106.76264872277366,True,True,0.8563327001734037,0.9221000772994684,0.0,1497.1239591033625,57.14581287817057,1170.5812127606357,1500.0,5125.64369290239,60.43983167516012,14.408644658532388,True,True,True,True,True,True,0.031407299438668705,0.3062336224815497,3.9397639313222554,1.6115336732231842
OGLE-LMC-RRLYR-03594,True,0.4655834,6000.04626,1.5968806892505236,IMBMR,,44.20363387429734,3373.7210667637887,44.20363387429734,3373.7210667637887,458.2348179847061,48.68698862466806,3373.7210667637887,456.6638378703727,4.483354750370722,458.2348179847061,262.0044250766024,80.50090828729753,22.50497978287342,30,8408.546596604037,112.62143001454321,True,True,1.9068623453562183,0.9327941224657015,75.39249613710825,1079.7371427721753,117.92669911943702,322.66450074231165,700.0,3178.109307052842,24.38696547336542,11.247949426950605,True,True,True,True,True,True,0.00907671307862575,0.18496441355383358,2.9611863638098135,1.606804176271322
OGLE-LMC-RRLYR-15400,True,0.5572947,6000.019,2.7253444390108696,IMBMR,,45.559098923674725,4440.416105664078,45.559098923674725,4440.416105664078,2021.555671898909,67.6741999935584,9369.86113840422,6489.837397713356,22.11510106988368,2021.555671898909,1238.2431881410587,563.8116563364034,21.029240719841283,35,8426.930304620966,295.0288156023896,True,True,1.9543998599552177,1.5842145474813747,43.15248922403956,4137.165139197292,432.0843690201091,3234.7941241505664,1500.0,7745.470726280286,50.26719695305454,-59.63811947441908,True,True,True,True,True,True,0.44987564018846565,1.1220616109424937,9.925419366680607,1.5881428803765991
OGLE-LMC-RRLYR-08101,True,0.5152615,6000.466,1.5978610458429054,IMBMR,,59.85089957717415,4954.9285987076255,59.85089957717415,4954.9285987076255,1724.5684875323886,89.00768554032092,4954.9285987076255,1849.7502560882706,29.156785963146774,1724.5684875323886,1086.2090158799301,333.7379219554051,26.236031230901233,30,8380.298572801805,79.51774318575072,True,True,1.1785214099988932,0.9880856907081366,0.0,2385.5322955725214,162.88503315685918,1219.436725662613,700.0,6055.734629605644,41.25368893569683,-6.526143363610487,True,True,True,True,True,True,0.2243103099166898,0.7662662081258145,7.588044590347125,1.5834574989088919
OGLE-LMC-RRLYR-08275,True,0.4720777,6000.07783,0.8415686743575681,IMBMR,,64.67011008404779,2881.354437548545,64.67011008404779,2881.354437548545,383.53290286929325,65.64412146972603,2881.354437548545,374.09203740173547,0.9740113856782386,383.53290286929325,214.7437262531681,0.0,45.11381644603466,29,8333.304995215043,112.3701266238353,True,True,0.8073721334480315,0.7502236962654116,0.0,1077.3278179659028,0.0,321.94450737082684,700.0,3005.6729583971787,44.93373904893508,-0.8317679335708661,True,True,True,True,True,True,0.007296208094570547,0.16990587805840557,2.901969020506255,1.5824448506473001
OGLE-LMC-RRLYR-03360,True,0.5362165,6000.06804,1.7866384737256409,IMBMR,,60.40268151171114,3125.050301948585,60.40268151171114,3125.050301948585,669.2137617319315,70.61050992811965,3125.050301948585,690.1450295299612,10.207828416408518,669.2137617319315,409.78946632869264,103.42724834095827,22.558906594559915,30,8425.727134253197,118.86041800011536,True,True,0.7712035134767482,0.7130149211937113,0.0,1666.7699959288743,88.98470051411635,666.1828267825284,700.0,3326.4586696714505,48.74139432551635,-1.8775840935753507,True,True,True,True,True,True,0.03295059516415589,0.31253510543524077,4.668686150475858,1.5684233974510506
OGLE-LMC-RRLYR-15355,True,0.5424767,6000.39915,1.9601715316494879,IMBMR,,43.86587128756048,4909.262607576543,43.86587128756048,4909.262607576543,2102.6693959774193,67.08713118835885,7579.369409819338,4133.48684311653,23.221259900798373,2102.6693959774193,1336.9105015397697,608.7380342291865,19.830845455668765,28,8308.737325022686,145.0403789585028,True,True,1.7978534198504048,1.3500868862442263,0.0,4351.211368755084,415.54597076309204,3110.979616289554,1500.0,5060.515439061474,29.677682440221616,4.939085787153843,True,True,True,True,True,True,0.414155230936945,1.0700964222041023,9.337735293070313,1.5636076228572422
OGLE-LMC-RRLYR-19579,True,0.5729359,6000.3105,1.1716537931844087,IMBMR,,75.311801578602,4907.28785028334,75.311801578602,4907.28785028334,741.0511725709206,79.7212119769967,4907.28785028334,727.7829979478643,4.409410398394698,741.0511725709206,456.52843063041763,52.46505245386031,62.69549309488906,35,8296.729707820345,132.41716674616416,True,True,1.9206985842638993,0.8925131567488083,0.0,1856.8751834458706,0.0,742.1650027968725,700.0,4061.1549815467442,35.70014861224138,-0.571258151856739,True,True,True,True,True,True,0.018144467526823516,0.24382832232419213,3.2922552141389207,1.558976647943376
OGLE-LMC-RRLYR-02150,True,0.5771101,6000.14288,1.3276114618921238,IMBMR,,73.92095711479183,5007.310406436336,73.92095711479183,5007.310406436336,934.5237561169475,79.11520135520843,5007.310406436336,911.7342401370354,5.1942442404165945,934.5237561169475,579.000666339923,44.899902467872984,50.11809421229211,30,8492.741060311055,167.94053258632997,True,True,1.0764947426909177,1.0043161351941856,0.0,1610.098813227512,125.72846577370497,1316.511693389927,1500.0,4438.671141321392,40.091997800334326,-21.652284421352746,True,True,True,True,True,True,0.03494980097938918,0.32048475987958497,4.068859186699094,1.5501385692062115
OGLE-LMC-RRLYR-12015,True,0.603798,6000.34871,1.901342717565158,IMBMR,,60.83754151859381,4952.06812379605,60.83754151859381,4952.06812379605,1185.3115354257477,74.57828090957867,5610.272874222487,1017.380095981339,13.740739390984857,1185.3115354257477,704.6289001722938,0.0,43.71793591308818,35,8362.947414344351,302.88158050680664,True,True,1.921930750570402,0.9218608661357055,0.0,1985.3105464556459,0.0,1697.5752809668613,1500.0,7682.0236567191905,44.660896803658346,-5.754853994938522,True,True,True,True,True,True,0.07291334292881473,0.44338977765828114,5.218344292294657,1.545452112075674
OGLE-LMC-RRLYR-12613,True,0.4940923,6000.17457,1.2770080433319504,IMBMR,,91.15453819637631,4256.576690621996,91.15453819637631,4256.576690621996,911.1320584318273,97.91076245171016,6576.257199037541,1326.5078013387695,6.756224255333848,911.1320584318273,588.6020821060933,0.0,54.12174980338156,27,7226.082472079184,94.63337602198922,True,True,1.8899324160165023,1.8227551814132485,0.0,1940.9939041479117,50.65349410939243,1451.2410635835615,1500.0,3690.778515522349,35.30463612330692,4.8396726245421675,True,True,True,True,True,True,0.044823499110661524,0.3568421826465714,4.666676477823281,1.5283323193053926
OGLE-LMC-RRLYR-10449,True,0.4968173,6000.4789,0.9873422345209619,IMBMR,,95.06101727237726,4433.083332909972,95.06101727237726,4433.083332909972,1136.3870185738467,105.69044567481134,9335.579368725981,2912.882427593278,10.629428402434087,1136.3870185738467,735.2256687882968,84.49343061753318,77.52783156315951,30,8370.54605030923,118.20700145420216,True,True,0.7999666988758928,0.7602993363625034,0.0,2424.5047455233635,32.34314484613545,2535.428924464861,1500.0,4450.658409776016,71.37790134867251,5.719219529410097,True,True,True,True,True,True,0.08017698108747953,0.4631461018437584,5.588653675151077,1.526032793223538
OGLE-LMC-RRLYR-13392,True,0.4871986,6000.39042,1.1253885083361794,IMBMR,,67.8456916345441,2882.7218231678785,67.8456916345441,2882.7218231678785,356.5683090081123,75.55315996076592,5573.185096794587,448.2192391941053,7.707468326221829,356.5683090081123,224.80505672590374,31.450411556370927,21.74116413631282,30,8359.298591007759,65.20524612398914,True,True,1.0792184955044073,0.67630199392709,0.0,914.3678749011058,0.0,365.45904780418516,700.0,2699.608846847493,40.98360662974724,0.011681018272533095,True,True,True,True,True,True,0.00585740766034326,0.15613778004995923,2.6966639810146624,1.5233367004319127
OGLE-LMC-RRLYR-16828,True,0.5357864,6000.4891,0.8805131787087896,IMBMR,,53.90228666137429,4436.908252159791,53.90228666137429,4436.908252159791,1173.1173892403633,72.20340583418331,7656.59118192157,1731.244736918452,18.301119172809024,1173.1173892403633,755.9910256981818,282.7657266674081,17.93893728549034,35,8399.885981825304,147.96437160188603,True,True,1.3673913754399998,0.5590079228712453,46.300044133585345,3034.8483313498527,216.70117886796697,2269.0934323858296,1500.0,4104.923167648706,45.93947253210828,-0.3909567808738288,True,True,True,True,True,True,0.08805341802631189,0.48370739337368773,5.764316956677443,1.5228666928146157
OGLE-LMC-RRLYR-17780,True,0.4462345,6000.23747,1.3852014142479068,IMBMR,,79.18427602780366,4437.611860856947,79.18427602780366,4437.611860856947,452.3404008786519,90.65092849311975,7658.7740370793,584.2532030167571,11.466652465316088,452.3404008786519,290.6615840042526,73.36042114823692,63.32492068086913,34,8405.300053950401,69.25420118694828,True,True,1.698048127100646,1.4651898648077635,0.0,971.1460431706977,72.51656585319138,759.3261106203179,1500.0,4107.16207694333,50.02524144334723,14.191085509544322,True,True,True,True,True,True,0.005046382977867741,0.14750846224157596,2.222301061621514,1.5138664215674895
OGLE-LMC-RRLYR-09642,True,0.63062,6000.33503,0.959704089517555,IMBMR,,74.69717793149775,1961.667264992136,74.69717793149775,1961.667264992136,759.6283209906137,91.89376899896311,1961.667264992136,779.1017516587343,17.196591067465363,759.6283209906137,491.0707072377918,83.63388285884217,40.315294492402245,30,8389.335279603169,117.00448709990323,True,True,0.627019549506601,0.7978613373698117,0.0,2399.8403709711733,62.62786288751119,1282.8761373604355,700.0,2022.5829291980747,40.05210276050593,6.931691942233833,True,True,True,True,True,True,0.12230253321595291,0.5652782980761952,8.442335982352127,1.5047589417691856
OGLE-LMC-RRLYR-22581,True,0.5556186,6000.19238,1.3113559624639892,IMBMR,,53.14445074408664,4959.9776733347535,53.14445074408664,4959.9776733347535,1849.246702192854,55.96686060365221,16822.10491576536,200724.53336738117,2.8224098595655676,1849.246702192854,1182.9049577148867,363.447768051073,32.537152093967364,29,8411.05245788268,343.1044213704223,True,True,1.7302591917531944,1.0099842840915336,0.0,4811.325457480744,359.2670760819982,1374.8948315662399,700.0,7398.432096877431,31.57154480562957,-3.0579411702715262,True,True,True,True,True,True,0.27599919399410855,0.8550871177313035,8.128341847492448,1.50142706651547
OGLE-LMC-RRLYR-05821,True,0.4602487,6000.35849,1.3528600011605785,IMBMR,,64.54974337270164,2696.1325313680663,64.54974337270164,2696.1325313680663,377.13722282198546,70.04904197988981,2696.1325313680663,391.1057698920068,5.499298607188166,377.13722282198546,231.26620520630652,21.832148796878247,40.364642504582264,33,8345.886344037783,99.40874371398915,True,True,1.2390784820960803,0.9378850774493007,0.0,953.0629551627385,38.04316538976758,398.3526863307248,700.0,2794.4833036908135,42.44898219177867,9.158176504688441,True,True,True,True,True,True,0.0079231599074512,0.1754217375014884,3.0496148297696726,1.4982031904892346
OGLE-LMC-RRLYR-08205,True,0.4284189,6000.25921,1.1864887432623739,IMBMR,,52.10764449706335,4911.390502198578,52.10764449706335,4911.390502198578,426.5943475483788,60.02092507766508,16643.408418025316,64602.02461129215,7.913280580601736,426.5943475483788,270.90053787690795,37.899207122636206,36.9447068653468,30,8321.704209012658,95.65425734623992,True,True,1.2547325528237405,0.5045884558435565,0.0,917.0675111094429,51.199931405809984,536.1181175775412,1500.0,5991.69189973099,40.59063518818829,1.1700624701285633,True,True,True,True,True,True,0.003455564917657184,0.12787298769998232,1.893640177332961,1.4848793998944487
OGLE-LMC-RRLYR-04280,True,0.6239423,6000.16324,1.535849648417487,IMBMR,,66.6372134913779,4917.340267922995,66.6372134913779,4917.340267922995,597.8157783310755,83.98276653198275,9287.748749761362,1427.7145493500027,17.34555304060484,597.8157783310755,391.98195911552665,98.93279052248369,42.891697377549065,34,8358.116227404355,113.69530780375116,True,True,1.7635626516376604,1.0193233992508668,0.0,1090.0327475754189,85.1178473456761,891.2750239747016,1500.0,3875.0577679649805,37.021617673011974,-2.6255362640231326,True,True,True,True,True,True,0.009486899400934794,0.18819333264267016,2.650476394411239,1.4647399738959648
OGLE-LMC-RRLYR-21835,True,0.5798479,6000.21431,1.0853211255206556,IMBMR,,44.67040265959699,2744.978940026931,44.67040265959699,2744.978940026931,1550.6745167991296,47.428375932477365,2744.978940026931,1474.461521150713,2.7579732728803776,1550.6745167991296,1005.3417609740392,376.0311748785348,24.37704413335237,30,8445.698131565881,354.98349423295866,True,True,1.760229621903134,1.0201075707043972,347.58150704337885,4977.904732228955,519.8909767678948,1422.4968875737525,700.0,2934.6957728247407,34.24393266281774,-15.641713194205444,True,True,True,True,True,True,0.5313327853029246,1.236664985253385,12.315965450059027,1.4544301864006977
OGLE-LMC-RRLYR-03881,True,0.51146,6000.23873,1.3789215414053928,IMBMR,,54.4066254733857,4770.3287613853945,54.4066254733857,4770.3287613853945,663.2978363296214,71.41900514024661,6235.429721031761,1035.0966454133793,17.01237966686091,663.2978363296214,444.1420406019154,136.4627245000714,31.59677245434611,28,8082.336787177102,105.82307373298006,True,True,1.1295615914200914,0.6536131057179665,0.0,1483.9483752692922,110.8080919802886,1160.2793998683003,1500.0,5364.339634596047,46.789135891957784,0.927889522294528,True,True,True,True,True,True,0.013769298617300418,0.21811695843656329,3.031426890100812,1.452768821254659
OGLE-LMC-RRLYR-22402,True,0.5475919,6000.52187,1.6621281224091808,I,,41.183227363901466,3881.951267965776,41.183227363901466,3881.951267965776,1891.5545159811775,47.250704952245826,13194.981559718504,141334.35941844244,6.06747758834436,1891.5545159811775,1303.2301557159215,328.9238012100132,23.786151858249994,17,6597.490779859253,209.52876844705207,False,False,1.7822733718061643,1.0920112223822083,0.0,4297.5753311902035,429.201069201493,4494.194874184171,1500.0,,,,True,True,True,True,True,True,0.48221323655581966,1.1681542471975315,10.623206218673314,1.4330323857752203
OGLE-LMC-RRLYR-22947,True,0.5490697,6000.12407,1.688333781107702,IMBMR,,47.28405201743891,4396.744470778433,47.28405201743891,4396.744470778433,1035.3152266098848,52.17701708619063,9273.629834721998,1962.02927085218,4.892965068751721,1035.3152266098848,683.4937158613151,255.64932739729554,37.55725761198681,30,8334.820518251428,241.33980797499572,True,True,1.6455561631029736,0.5418067155372503,51.63114981558562,3384.2885421753144,252.70862674124126,1891.8999147286477,1500.0,7401.706973795367,36.85410742543067,-27.70818854236998,True,True,True,True,True,True,0.06163651142621534,0.4108908699249191,5.1336730248591085,1.4283151023203484
OGLE-LMC-RRLYR-08601,True,0.5451097,6000.50525,0.9771311761233481,IMBMR,,57.54837919229533,2163.2607304343537,57.54837919229533,2163.2607304343537,536.05612127572,70.44276707910024,2163.2607304343537,515.1660324761227,12.894387886804907,536.05612127572,362.63753683978695,75.18461181677458,21.03625428989426,30,8409.428462492144,105.1838877106132,True,True,1.4539890783481244,0.5036002867300425,0.0,2157.391962994529,110.13879575725831,824.55269132871,700.0,2151.8212286502767,40.115710460237324,1.75692739282875,True,True,True,True,True,True,0.03534237607935152,0.32201924145264793,5.402418473858736,1.419700526041687
OGLE-LMC-RRLYR-15158,True,0.6246343,6000.1278,1.2577089023912633,IMBMR,,48.579464643712186,3122.3163655564076,48.579464643712186,3122.3163655564076,1123.1034284775283,66.011398763236,3122.3163655564076,1175.5232451937472,17.431934119523817,1123.1034284775283,764.3890275587669,192.9250512237695,22.519028028459672,30,8381.421500449,221.7128715979765,True,True,1.2702248717366336,0.7887827511527141,148.4219017050227,3109.0616061133123,232.15712228538243,1242.6450286845566,700.0,3176.762776481606,26.542315309515033,8.950148621042878,True,True,True,True,True,True,0.15602282837222395,0.6369466941862083,7.842051253638941,1.4111219536310902
OGLE-LMC-RRLYR-11055,True,0.6775115,6000.65044,1.1003250538522933,IMBMR,,93.93821060942577,4915.815806013398,93.93821060942577,4915.815806013398,1346.1847386848833,112.70081163251791,4398.54919231115,1420.4794197117026,18.762601023092145,1346.1847386848833,943.2491093241679,60.08620339678087,60.9924847037351,30,8348.764748928072,151.65227979773118,True,True,1.7850982228682184,1.378859265414123,0.0,2126.6076128120594,81.17345258426971,2325.6489948894146,1500.0,4446.683069983121,62.391246061753094,14.164532841813461,True,True,True,True,True,True,0.10839405995375598,0.5334641377476571,5.970296364006335,1.4090828284521748
OGLE-LMC-RRLYR-15209,True,0.5055537,6000.18185,1.3189745955078587,IMBMR,,97.04110046526074,3664.9281621840887,97.04110046526074,3664.9281621840887,1371.1827771642695,105.54649351817557,3664.9281621840887,1342.077769386135,8.505393052914826,1371.1827771642695,980.6687431210656,112.7001816221167,66.35001620431797,35,8386.51579163269,106.39198807341167,True,True,1.9707740406339804,1.0926353343058257,0.0,3191.7596422023503,29.110386342554015,1166.5171660397693,700.0,3677.5956864666105,77.29411881711982,-0.8129612563650852,True,True,True,True,True,True,0.2060809343001069,0.733322208699154,8.156741746353836,1.3900554872853756
OGLE-LMC-RRLYR-14801,True,0.511074,6000.42924,1.1801571479397053,IMBMR,,40.37265969829437,4911.930756908018,40.37265969829437,4911.930756908018,716.9246834897638,68.81254691363196,5565.915830501832,1152.0117903801067,28.439887215337592,716.9246834897638,510.26919599422257,232.34185604756462,36.492234989999844,29,8325.001045176115,82.03928964059553,True,True,1.615037237064952,1.0395387759082344,0.0,1682.6807600736977,85.90392276291944,899.506075489717,700.0,13854.81521451967,17.65120761929944,-0.07433623781540177,True,True,True,True,True,True,0.01639829995353905,0.234012166159374,3.182058254656081,1.3871788071670157
OGLE-LMC-RRLYR-16187,True,0.6383896,6000.12368,0.9700594469827426,IMBMR,,67.21526857620236,2057.281200941607,67.21526857620236,2057.281200941607,699.3036425572493,71.97494017754943,2057.281200941607,730.5394594612018,4.7596716013470655,699.3036425572493,478.026240200494,0.0,39.593679154540155,30,8389.133444186711,168.78979036641937,True,True,0.47487419951483495,0.45041534183024073,0.0,2366.925532784171,46.183327308958404,946.0244341242557,700.0,2152.9953923516055,39.02341585010922,11.17744871324443,True,True,True,True,True,True,0.08675464846144079,0.4803732763838382,7.410695377580312,1.3794310784635688
OGLE-LMC-RRLYR-03269,True,0.5593497,6000.52607,1.53809821263092,IMBMR,,86.16956231385365,4952.6969235254,86.16956231385365,4952.6969235254,986.0547209450941,105.25370335842138,5611.088271788281,1294.3629149684987,19.08414104456773,986.0547209450941,695.8528348569366,79.96863509797834,73.96873933562335,33,8366.757160147117,165.79670267325565,True,True,1.2506824162417156,0.7695326482195292,0.0,1589.545240211848,45.36437523669316,1817.850227666514,1500.0,4445.916972823681,57.179098408434555,2.7198705958085014,True,True,True,True,True,True,0.04196645099168325,0.3467587745434357,4.340563289632858,1.378457654749151
OGLE-LMC-RRLYR-04315,True,0.581787,6000.53431,1.903248715133306,IMBMR,,60.03720682599592,3370.2365158253265,60.03720682599592,3370.2365158253265,1213.0698036004333,70.24860361955658,7640.795159751104,2403.4421874215104,10.211396793560652,1213.0698036004333,851.0363045527723,214.79406000043386,21.54029640555052,34,8360.823181907197,246.84512220057854,True,True,0.8361473371490955,0.795643123051922,77.24116237115405,3461.4891167968244,258.47328036137753,3785.469701509352,1500.0,3175.9859713572873,38.14370944200675,-0.9890039560712864,True,True,True,True,True,True,0.16874049362090102,0.6623929409625139,7.8471551834245625,1.3689795001752767
OGLE-LMC-RRLYR-13469,True,0.5284009,6000.44544,1.1391889085451177,IMBMR,,71.59434981086699,852.3050988251043,71.59434981086699,852.3050988251043,548.5186830212857,75.19716973822196,852.3050988251043,566.5359938946939,3.6028199273549717,548.5186830212857,385.03784764466747,44.24922856502816,43.48731889297835,30,8361.345879441422,111.68115160920496,True,True,1.5394813904756737,1.0855581165134527,342.17843557409384,0.0,447.5309222701218,0.0,700.0,863.9871308946232,48.202584410251205,-3.8421819528479695,True,True,True,True,True,True,0.24393088922696413,0.8007121889756551,14.030823673379604,1.368192619747956
OGLE-LMC-RRLYR-10900,True,0.6221608,6000.04173,1.1234012688234398,IMBMR,,77.5801629788549,4433.991114682518,77.5801629788549,4433.991114682518,1993.2228898405745,98.15962210287341,6474.450004607864,3090.0438364868237,20.579459124018513,1993.2228898405745,1429.7736095881837,243.5036682427464,39.90794549239263,30,8377.495408872224,279.83871036074487,True,True,0.69836373768787,0.7391415470170343,0.0,3924.155526091684,0.0,4291.439708981894,1500.0,3922.6652097958035,63.32463004068168,-25.472379161253542,True,True,True,True,True,True,0.43247465308937083,1.09689368521321,9.800491948260083,1.3681245780988343
OGLE-LMC-RRLYR-04400,True,0.5060056,6000.49016,1.5676959460633582,IMBMR,,76.55399502893857,4763.783629438085,76.55399502893857,4763.783629438085,711.670720665647,104.99216988097959,4763.783629438085,707.5900604543567,28.438174852041016,711.670720665647,515.7929347446525,87.84430683413585,56.28383271127311,29,8042.477721042703,82.92737696156841,True,True,1.3156904271581988,0.9669154440815103,0.0,1700.8960256472187,0.0,650.0804766469215,700.0,12578.071022655318,36.33521408936505,-144.890548015957,True,True,True,True,True,True,0.017053594759992963,0.23775793589723335,3.256971060838638,1.3622661746552742
OGLE-LMC-RRLYR-15103,True,0.5824065,6000.03823,1.6151427656873856,IMBMR,,62.21508683017376,3343.6479333086754,62.21508683017376,3343.6479333086754,1845.3315510536715,80.40486398449588,6429.382447602715,2616.446180367133,18.189777154322115,1845.3315510536715,1344.574375613158,413.12072673978366,44.597655805909966,29,8355.123147725206,177.57809624962965,True,True,1.9156992550214238,1.4031497410667977,0.0,5327.342887488889,185.9432856067295,1947.025347857218,700.0,3639.712372744231,53.311429221512114,-6.5909196719004015,True,True,True,True,True,True,0.6034827144583274,1.3345209931231719,12.032079522282974,1.3606130625767658
OGLE-LMC-RRLYR-15587,True,0.5948526,6000.31167,1.425385425820814,IMBMR,,71.14423339405846,4012.9485743904797,71.14423339405846,4012.9485743904797,874.9695891578607,78.50388029663685,4012.9485743904797,931.9293323492755,7.35964690257839,874.9695891578607,608.7529101088736,0.0,52.886626035937354,35,8381.989283438443,214.94902882136455,True,True,1.4324565076502047,0.9501606248451417,0.0,2060.7840816020866,82.25978066223509,1685.0185334541986,1500.0,4069.8211535255923,57.38911644291741,5.963290786936774,True,True,True,True,True,True,0.044661611135905534,0.3562791900253302,4.753529497642794,1.3553075612942012
OGLE-LMC-RRLYR-16628,True,0.7139034,6000.19189,1.1596935552693284,I,,49.06831970165092,1554.3068357151706,49.06831970165092,1554.3068357151706,737.0258179791275,49.10090899367819,1554.3068357151706,739.8620213078544,0.0325892920272679,737.0258179791275,523.6067712232168,0.0,26.018688920268488,19,6934.432704335598,151.8734003898545,False,False,1.4004221023582806,1.0903486634043285,465.3229466379814,0.0,0.0,2329.039968526651,700.0,,,,True,True,True,True,True,True,0.17793332262622052,0.6803436211784755,10.337910625731194,1.3518754678669844
OGLE-LMC-RRLYR-16750,True,0.5515714,6000.05035,1.0057129786221937,IMBMR,,43.59835382684955,1943.9954475104296,43.59835382684955,1943.9954475104296,443.24072497613633,52.05607376152048,3980.0474560296207,519.6378704451243,8.457719934670934,443.24072497613633,315.157879952329,96.83231717420034,22.924964284188604,27,8351.346288755798,91.41229930277773,True,True,1.080405884290396,1.1646731627408922,28.604139268464095,1874.9274639595208,68.43570141875614,1002.2748728999854,700.0,1976.9232960676381,25.891142570284927,11.4805711712165,True,True,True,True,True,True,0.02474065429297,0.27703487309096886,4.970856680984318,1.3507367810243214
OGLE-LMC-RRLYR-01548,True,0.5851175,6000.21948,1.3985632086747073,I,,47.29994650642787,2757.394300842258,47.29994650642787,2757.394300842258,919.6766866581085,54.48405316628218,5819.793319444623,2485.100662961067,7.184106659854308,919.6766866581085,668.7434984784903,0.0,34.141145542224166,14,5235.937622731028,130.8880769104805,False,False,1.0181966215035336,1.0000992806525604,0.0,2684.6020937671433,0.0,1026.0517882387244,700.0,,,,True,True,True,True,True,True,0.10984757742900715,0.5368637338778939,7.2714853363143,1.349623589294261
OGLE-LMC-RRLYR-19183,True,0.551579,6000.01357,1.0484621164219081,IMBMR,,49.486064658966,3094.7178610141877,49.486064658966,3094.7178610141877,715.5187717051485,58.86549213362392,6423.441346924843,1006.7591382265632,9.379427474657916,715.5187717051485,517.7232005854776,159.07054957698716,1.820005459853519,30,8334.270824657426,123.35481764928682,True,True,0.8605312571952316,1.7027054120501222,0.0,2530.0899024135865,17.253179099465036,966.997408965506,700.0,2869.4163600731586,48.30878858316427,-11.939814519254668,True,True,True,True,True,True,0.0410680111649498,0.3435202803825388,5.040652975202558,1.344414594105799
OGLE-LMC-RRLYR-01106,True,0.6011289,6000.05304,1.492979182079082,IMBMR,,115.66893656751827,5001.320327067276,115.66893656751827,5001.320327067276,1532.4975024974929,137.6024031713279,5001.320327067276,1629.05902963408,21.93346660380962,1532.4975024974929,1137.839194499423,72.48184662745899,92.95595269339358,30,8456.28178939043,123.443287919393,True,True,0.9683156844372373,1.2658580946210298,0.0,2531.904486888883,24.148686340683792,2647.7423407371825,1500.0,4451.982697268775,84.38593187813606,-18.12614996582942,True,True,True,True,True,True,0.15449437858423856,0.6338367791167099,6.680391778648451,1.338992072944912
OGLE-LMC-RRLYR-16755,True,0.5598629,6000.25862,1.5430934679386248,IMBMR,,47.918925825374686,2934.010048718055,47.918925825374686,2934.010048718055,427.6153459694609,56.11079295279353,2934.010048718055,512.6530574439705,8.191867127418845,427.6153459694609,302.40132333560706,137.69297713168288,22.41656591614202,35,8445.995518389176,106.77710066906945,True,True,1.4917261736643073,0.9074457695431661,0.0,1497.3266175734732,0.0,598.4588642393488,700.0,2799.341049838993,26.2570253346706,8.452570533020381,True,True,True,True,True,True,0.009752576190842676,0.1902435332075178,3.177448456910767,1.3333849472460402
OGLE-LMC-RRLYR-06521,True,0.5466593,6000.1413,1.9657142661441687,IMBMR,,50.56446761143263,3665.942287903356,50.56446761143263,3665.942287903356,1061.9125130617738,93.67129667933028,12014.808475145017,33057.179490621886,43.10682906789765,1061.9125130617738,782.9010938214261,356.4798633115966,33.638819847659875,35,8398.166333231786,153.23127449394423,True,True,1.6900973341459997,1.0039161992090544,0.0,3142.8760361297027,41.92629239339696,1201.2035543630263,700.0,3639.0143035354486,29.429002730330183,8.993696096900592,True,True,True,True,True,True,0.09567041678604785,0.5028543048230841,6.3152412162684834,1.331125166315151
OGLE-LMC-RRLYR-19535,True,0.5014483,6000.23382,0.9522245191742527,IMBMR,,101.27856086293525,3373.9572980905205,101.27856086293525,3373.9572980905205,809.4151115501542,107.74572274528134,6484.271034533926,835.7842774380025,6.46716188234609,809.4151115501542,600.5683491491519,46.57241669952996,71.41033540077643,34,8411.798089286574,96.55727042041438,True,True,1.0283656028493842,0.9451765275060083,0.0,1980.454266406359,36.95192264733762,756.9273101176055,700.0,3325.332461025685,54.15057878138313,27.19969444814165,True,True,True,True,True,True,0.05001697930971918,0.3744186474690868,5.2302031192423115,1.330660089503973
OGLE-LMC-RRLYR-15201,True,0.4845498,6000.26905,1.572611743899783,IMBMR,,80.35590203698496,2890.3261258339444,80.35590203698496,2890.3261258339444,386.80252690558586,83.7137456115226,2890.3261258339444,389.7026535958715,3.3578435745376396,386.80252690558586,283.2171870352246,0.0,43.688406666437345,29,7160.70483672616,67.48046914329082,True,True,0.8984521802707695,1.0081710420408987,0.0,946.2731426632894,18.463632110930618,378.2111020882076,700.0,3042.7867948993344,45.41678245463726,14.399166550744305,True,True,True,True,True,True,0.007438012587434581,0.17117611963401702,2.9176237319263807,1.3285549173521876
OGLE-LMC-RRLYR-17610,True,0.4759012,6000.30146,1.758973385775348,IMBMR,,63.01895078973462,3343.1155626398804,63.01895078973462,3343.1155626398804,349.7005843762753,74.59935073910725,3343.1155626398804,328.7997915402898,11.580399949372634,349.7005843762753,249.4058591081379,51.70860927769568,52.68371734205482,34,8347.757563308684,88.06454360614786,True,True,1.2086364969315981,0.9378847954414308,0.0,844.3025335458701,47.137458561806234,352.8939830175277,700.0,3293.250657504353,35.775216623721036,12.769983467875612,True,True,True,True,True,True,0.00410836474636575,0.1364607308739889,2.2805090371640953,1.3221345644476312
OGLE-LMC-RRLYR-05817,True,0.6067904,6000.44228,1.7854692045707177,I,,41.02261135381217,3028.2870674127034,41.02261135381217,3028.2870674127034,746.8463169207278,47.06412926308427,3956.8304983803023,980.9474616830823,6.041517909272102,746.8463169207278,544.0756037916034,0.0,30.68600144497843,14,5115.444212761187,157.81043439136138,False,False,0.9169721055813317,1.0631328251392342,0.0,1512.9783692798146,0.0,632.3810976998689,700.0,,,,True,True,True,True,True,True,0.04877332296113426,0.3702913701287935,5.376764692847849,1.318351539660401
OGLE-LMC-RRLYR-22630,True,0.6020046,6000.06561,1.1336274923478944,IMBMR,,63.3768565344717,2878.7168610805234,63.3768565344717,2878.7168610805234,1200.1450108751105,68.64764483125992,2878.7168610805234,1279.7193669469366,5.270788296788226,1200.1450108751105,858.94270198061,178.08215383338742,39.46888276624912,29,8283.550664177195,303.2903769953404,True,True,1.2030263507237424,1.0509979842306543,0.0,4253.016344173547,162.33931378501356,1215.3512045374573,700.0,2865.638780783946,36.463228447396546,10.228922866492816,True,True,True,True,True,True,0.22396799771489392,0.7656563352507483,9.089115062121342,1.3175147406285035
OGLE-LMC-RRLYR-03183,True,0.5950056,6000.05743,1.5732823623279526,IMBMR,,71.78420667260832,4915.056565159663,71.78420667260832,4915.056565159663,1219.5639931841583,79.25861466529545,16688.2259889599,75279.1783609655,7.474407992687134,1219.5639931841583,934.6377562374814,287.16762426711426,64.76826942919192,34,8344.11299447995,123.4377186163395,True,True,1.468825556616882,1.22449605956223,0.0,2531.7902567543197,180.7806761272536,1353.4122287797702,700.0,13204.716147286073,37.15547080168673,-30.641958244506377,True,True,True,True,True,True,0.080619377153548,0.46432351196765886,5.409571957946039,1.2936188394554422
OGLE-LMC-RRLYR-03700,True,0.5571703,6000.50039,1.8892500099519722,IMBMR,,44.864743706601644,2162.7435256173853,44.864743706601644,2162.7435256173853,688.86734260901,48.53809352657413,2162.7435256173853,717.5967292598611,3.6733498199724863,688.86734260901,497.2948102351091,152.79392284607854,9.224293058860212,30,8390.743837490907,213.75994947838902,True,True,0.7931517539091617,0.6523695803846463,0.0,2997.538424620928,223.8295610583957,856.5831024847103,700.0,1999.4403231035205,33.29626418624534,-13.934315924372964,True,True,True,True,True,True,0.07503768836183798,0.4492538568541465,6.944122998107168,1.2726388083342295
OGLE-LMC-RRLYR-11166,True,0.4912322,6000.2098,1.2918297222241135,IMBMR,,41.23422946266464,1519.4515018960985,41.23422946266464,1519.4515018960985,415.40295674888716,41.66634921955426,1519.4515018960985,415.48327380741836,0.43211975688961957,415.40295674888716,310.3153857491436,64.33680865373188,30.462063002788,28,8316.256022394215,109.57153499796179,True,True,1.8689096154091749,0.767772783023405,0.0,1536.5127433953328,82.03059008808285,1201.3787767200529,700.0,1554.1372981761074,23.8736201254454,2.1132448394410446,True,True,True,True,True,True,0.03333632819224138,0.314087102349456,5.960319897603036,1.2622699036072216
OGLE-LMC-RRLYR-07553,True,0.6236675,6000.00953,1.730471357594051,IMBMR,,46.2821913627879,3343.1805855654657,46.2821913627879,3343.1805855654657,823.5333901396807,73.2497980288623,3343.1805855654657,855.7498629405776,26.967606666074403,823.5333901396807,637.1891684670215,238.32989033141143,16.46408489793498,30,8348.656613725816,151.81926093994508,True,True,1.2306271086818712,0.940229577195696,0.0,3113.9146927211177,41.53994506760513,1190.1345627001033,700.0,3875.826244273062,32.93682032288689,-22.24169295788714,True,True,True,True,True,True,0.05365456312167027,0.3862224949269914,5.370419424640877,1.257252886114556
OGLE-LMC-RRLYR-04978,True,0.5776293,6000.09343,2.460266340054805,IMBMR,,42.63996012017742,4437.436157655882,42.63996012017742,4437.436157655882,1771.785943620963,78.5887079263648,7658.228888847185,4303.1558556513,35.948747806187384,1771.785943620963,1386.1882033030147,631.175745106722,36.20864651001804,34,8403.94757415563,271.3080704023645,True,True,1.847610854140618,1.8023943880271955,0.0,5564.710178729735,284.0886071406047,4160.618897903869,1500.0,5367.931314136063,43.92033161795075,-4.976373952832702,True,True,True,True,True,True,0.30328589879707635,0.8997612018236126,8.704943625246687,1.254371300846987
OGLE-LMC-RRLYR-07617,True,0.4740212,6000.00489,1.8014520288744105,IMBMR,,45.71296685708495,3979.403109546083,45.71296685708495,3979.403109546083,411.9395259403693,63.48414971305476,7594.055473240632,608.291489138575,17.771182855969812,411.9395259403693,317.0189137539047,97.40412015552943,21.509896808757503,34,8345.192983397703,91.95209662248288,True,True,1.4090903726249886,0.6400748141074574,0.0,1289.4367888977008,68.83981999448115,368.4722624470085,700.0,4061.9895327899403,41.81777003959331,-0.14190381771678062,True,True,True,True,True,True,0.0047396603746364075,0.14403781754135714,2.256848252698154,1.2479797289725567
OGLE-LMC-RRLYR-16544,True,0.4837118,6000.06421,1.2703543429934765,IMBMR,,51.58777343058409,4010.686985039601,51.58777343058409,4010.686985039601,321.5423839318091,59.67930351003588,6469.60456356937,473.84224840771526,8.091530079451786,321.5423839318091,239.04678447305727,33.44284093249428,33.61556980502729,35,8360.63615915085,102.7531909045539,True,True,1.6080707755444335,0.7644082744439193,47.02848466530964,673.5206322003354,54.99970907722553,805.4980848023337,1500.0,3637.893367358719,47.02899715661752,-1.9505727992515816,True,True,True,True,True,True,0.0022190129811951874,0.10847991536458843,1.7478585665964022,1.2357733188191602
OGLE-LMC-RRLYR-07393,True,0.7069703,6000.68206,2.102883048173348,IMBMR,,41.39249344449263,948.0226654830149,41.39249344449263,948.0226654830149,443.6912307751034,49.47192023609415,590.1467467812225,478.99040245059376,8.07942679160152,443.6912307751034,339.7235678377211,104.38012934148776,0.8402941018302386,29,8362.599203469244,119.95548565244167,True,True,0.8195361092437949,0.6743297195548189,367.5300606024557,0.0,343.6768373865299,0.0,700.0,940.5723030382808,32.143080956981294,-7.146681820228956,True,True,True,True,True,True,0.10434888019983649,0.5239027492016972,10.203494940245944,1.2315190145447876
OGLE-LMC-RRLYR-19810,True,0.6789001,6000.55112,1.0816282451397734,IMBMR,,49.163109942074755,4395.632651871905,49.163109942074755,4395.632651871905,1429.795574257668,73.678259329556,6421.150406673312,2227.8199074773097,24.515149387481245,1429.795574257668,1139.801883442323,350.2043404719329,35.7065956477183,29,8326.24750354259,271.5737933500779,True,True,1.7112891604457372,1.5975845312596464,0.0,2603.663544724558,203.31337442138013,2128.9087813262026,1500.0,4653.147890744743,28.908260513361455,8.99282305821378,True,True,True,True,True,True,0.1624283235961784,0.649856635333828,7.091520888360011,1.2202656654707544
OGLE-LMC-RRLYR-05048,True,0.4902513,6000.19132,1.63452390157218,IMBMR,,47.33824443050975,1429.7597426532764,47.33824443050975,1429.7597426532764,788.9147771257692,54.6615257871951,2906.6368604521667,844.1306331735633,7.3232813566853565,788.9147771257692,630.0894447325578,235.674358092706,38.87977167762983,35,8369.90461363327,150.12765213115554,True,True,1.0408022676753084,0.8827372735080645,672.7827728500434,0.0,601.5945004901472,430.1211937751048,700.0,1488.7290423306072,38.27731585233573,2.5564727655858377,True,True,True,True,True,True,0.25789732752073363,0.8246659069290118,12.02967391220853,1.2179731097207291
OGLE-LMC-RRLYR-07957,True,0.6174733,6000.10414,3.114321546883119,IMBMR,,40.222220524947915,2259.236248987274,40.222220524947915,2259.236248987274,1752.6317009254121,46.270536889309284,2259.236248987274,1917.3172922788242,6.048316364361369,1752.6317009254121,1402.99590737208,524.76701941413,20.485607877806274,30,8352.757037981064,334.283462902306,True,True,1.995602645822515,1.4532940024611616,0.0,6856.377644184058,489.5747516970002,2620.499536593621,700.0,2128.8957808200857,22.201366088603038,3.5901826967329384,True,True,True,True,True,True,1.1324822177239104,1.992089200396215,16.912812881737736,1.2151896787908096
OGLE-LMC-RRLYR-12371,True,0.5507028,6000.32202,1.5786693991358949,IMBMR,,49.90908641373872,1519.7865001592509,49.90908641373872,1519.7865001592509,683.5658477691389,59.611023841746515,1519.7865001592509,711.6456019650129,9.701937428007795,683.5658477691389,552.2561542747012,169.68080601449927,32.574140848846184,30,8342.922067547275,131.5827784600215,True,True,1.2081618883690852,1.0870144969446376,0.0,3947.483353800644,192.70952123345975,2017.8750815909834,700.0,1483.0146104610963,38.84042340618737,-15.206936487045354,True,True,True,True,True,True,0.14847680124049514,0.6214773097546014,9.805835486247684,1.204064094204938
OGLE-LMC-RRLYR-17818,True,0.4677789,6000.1909,0.9189193203974654,IMBMR,,43.545075717468364,3121.0377196770123,43.545075717468364,3121.0377196770123,419.42841081377577,49.44549961939248,6469.66125831384,566.902019589411,5.900423901924114,419.42841081377577,349.362589540412,130.67320000335772,13.254996048020871,35,8360.83317648187,101.3334573931399,True,True,1.482807201460743,1.2486150136910188,0.0,1420.9908496742673,75.86316378409312,567.9486092144091,700.0,3005.304987624795,40.236237844407555,0.5633705007861494,True,True,True,True,True,True,0.008133139065805881,0.17721397855955234,2.929851821718709,1.1530302114488775
