ogle_id,P_kep,A_kep_s,e_kep,omega_kep,tp_kep,chi2_kep,chi2_circ,n,dBIC_ecc,P_circ,A_circ_s,fM_kep,M2min_kep,K1_kep,chi2nu_kep,P_p16,P_p50,P_p84,A_s_p16,A_s_p50,A_s_p84,e_p16,e_p50,e_p84,fM_p16,fM_p50,fM_p84,K1_p16,K1_p50,K1_p84,err_msg
OGLE-LMC-RRLYR-13854,4649.370755343657,1470.756854211267,0.23164276904619407,3.831486121004314,4093.339761683331,35.07502947695195,42.90139406409452,43.0,0.3039643557554399,4668.639159764741,1393.6442973819023,0.15802179190483936,0.6409966010647469,7.089401260921921,1.062879681119756,4617.070522964864,4646.024896604369,4673.882382311224,1443.5172089429905,1481.6667246007999,1549.7705579417361,0.1803997462277154,0.25208469121353194,0.29949514540651045,0.1489612617225559,0.16291806421789956,0.18499712727275897,6.894989793993527,7.216186196169685,7.525119144923913,
OGLE-LMC-RRLYR-11538,4832.444647842381,938.8046354792718,0.2320618580542008,3.44757169106508,3731.5299033524752,27.414880234358716,33.57352573385192,38.0,-1.1165268199595602,4904.202685769184,901.4245388770104,0.038042986035180026,0.3323566032910832,4.354274359321562,0.9791028655128112,4801.726021664606,4842.5314208691325,4875.101655433451,900.5054352728921,936.0049996178076,978.9515648042106,0.16922166407983294,0.24404524261748184,0.3091380799605354,0.033361167585122614,0.037622058256157775,0.04261216522151099,4.146439246320566,4.3648690397749315,4.557757765290156,
OGLE-LMC-RRLYR-12190,6574.185475593156,347.6493521935808,0.31407614973419495,-2.88663448110939,5564.30412457548,32.70019662983762,33.796087684466286,38.0,-6.179281264824098,6743.302669275846,332.9427089103614,0.0010438138776986507,0.08242312043815814,1.2143337966959926,1.1678641653513435,6422.047329621886,6587.687689409295,6768.933063858841,309.4279776739381,359.3363513122546,406.5499098605247,0.20977384381167777,0.3762875247115134,0.5633549731285015,0.0007391711477404083,0.0011327440305358958,0.0017139277632699573,1.074054929549271,1.279756681449026,1.6113029624585284,
OGLE-LMC-RRLYR-23592,4578.606522442996,732.673273220174,0.5656977748895209,1.3620544092138294,2030.1025580529665,8.38490397653696,29.36553773267977,22.0,14.798548849426176,5221.282079864623,737.4687345198613,0.020144064408865923,0.2544761700535885,4.230715885951508,0.5989217126097828,4432.64943793987,4529.1511948327625,4808.008013369178,721.5743147054334,748.9785188891648,783.8041546897492,0.5460919912799784,0.615635726652687,0.6863386549945494,0.019216221789699468,0.021683176355447035,0.024482750043167918,4.126515025406333,4.545866326402349,5.061520530354796,
OGLE-LMC-RRLYR-05057,3951.30938777765,1427.7842196890385,0.20020919760567124,5.698544259873019,1685.9597351130628,10.018814453710842,16.709086190591805,22.0,0.5081868301643269,3948.6297874322136,1363.1227164451407,0.20016510041414534,0.7224141509499433,8.04065988643802,0.7156296038364888,3933.4707167068545,3955.7069207496634,3980.4889229813716,1376.8759074322554,1433.0914939053214,1487.9519752203148,0.15882163212308242,0.20918917266411108,0.25832895807799816,0.17972270367131307,0.20234478536125527,0.2260645332067818,7.736709698923468,8.12017175618137,8.383191718951494,
OGLE-LMC-RRLYR-16069,6073.589367995167,1968.0641395915454,0.20880064761946313,0.47379731743797526,5246.609720207606,28.22926498879808,36.85280889611596,27.0,2.0318701753092228,6188.864204494331,1926.3629180340727,0.22187562315576947,0.761921506349836,7.223710740158902,1.4857507888841095,5921.905638238142,6087.64844532668,6225.1611400254415,1891.4614513589295,1984.034398631978,2076.508505745383,0.1344325092550553,0.19662538461729578,0.3065212025750638,0.19234962961594068,0.22767778618131185,0.2632671465986011,6.805173375081696,7.275199413306172,7.837308657436719,
OGLE-LMC-RRLYR-24071,525147.2931831244,101528.08239318362,0.95,-1.6362920266219738,6747.129892329414,13.968487189173198,23.56022129500312,21.0,3.5026892303830763,5342.588326127062,1832.3277588493886,4.074543758992804,5.1646835988842525,13.498626263697599,1.0744990145517845,451174.6993523832,524474.7226857741,597522.9096780891,81068.35541878254,102007.12298879752,126358.37926092386,0.95,0.95,0.95,3.1340990799160497,4.210195982995582,6.032611242466621,12.820381978944894,13.667952112775636,14.725231624290096,
OGLE-LMC-RRLYR-19139,6926.8258905463845,1802.445824940855,0.3228800288611576,-0.1482842315007734,2644.117419020578,12.569625513929601,36.333340106031095,37.0,16.54187876681305,6957.5659243002965,1702.5971334377334,0.1310390741489841,0.5845193112722492,5.99406897119172,0.46554168570109633,6837.14358541777,6913.314080210184,6965.61186630981,1748.8500652994137,1790.6380672463465,1839.657876223545,0.29823015856675394,0.3375252777078527,0.37469241790783897,0.12088369473750094,0.12945385317960173,0.13962947182347227,5.8133977072269625,6.0122272394702545,6.201980000944065,
OGLE-LMC-RRLYR-17022,5850.418019017882,494.6845285525216,0.24640516915903493,-2.5594364429363172,2134.1347404313924,44.29358300182058,46.99814812189651,42.0,-4.770774116490799,5787.71759330295,462.38911682614446,0.0037974659267089772,0.13247878724711545,1.90208395670261,1.384174468806893,5782.6550020568875,5873.648391826048,5957.815715008978,480.68852297283064,512.112993397631,553.939813029788,0.19305675482800652,0.29966211535850207,0.4356910728045641,0.003416049710908712,0.004224357491278912,0.0051964829650503076,1.846761761652649,1.995974588414264,2.2305582081069693,
OGLE-LMC-RRLYR-03925,12548.308114959733,2984.102640673003,0.5587509440018973,1.3601483402106516,4783.865002745809,19.33875838030505,35.87978511400464,42.0,9.065687497132856,6900.664246273389,1314.5423642425442,0.1811980924232945,0.6866361767481515,6.251513198795943,0.6043361993845328,8344.130620207578,13824.857484637621,41385.782551503435,1945.7754388444525,3380.8231853552925,7977.528951251398,0.4448404041580927,0.5936283487515055,0.7750568539585388,0.11361337949005003,0.19438869447287405,0.3036442397066264,5.6486341386377905,6.331130207454361,6.97167050388343,
OGLE-LMC-RRLYR-20187,7181.082256512907,2056.7818372854636,0.17141298950462,2.0747201348169853,5328.068782016006,24.53525007509711,33.474254246210926,38.0,1.663831851661044,7305.733818386475,2008.0912961154609,0.18116219793037494,0.6865672195551895,6.338129053639217,0.8762589312534682,7031.132413211149,7179.021206082518,7350.403215454369,1998.5232832937556,2071.6131955869537,2155.986954644055,0.13816624627964358,0.178543777018894,0.2236855083683656,0.166734814880409,0.18372723281887005,0.20250986176080024,6.170908294687727,6.3747640564982415,6.655626675281575,
OGLE-LMC-RRLYR-00402,5018.60522550334,1808.1438039407115,0.25366589144725316,3.839814778694157,1768.6862911791902,14.844355685588148,22.034087068353696,21.0,1.1006865073186987,5093.892413797549,1821.3063095501927,0.25200869873066256,0.8146202457521363,8.120433455249657,1.1418735142760115,4916.358369810025,5007.440290072469,5122.255604684973,1763.6228681255748,1823.5420307155807,1908.0023675544446,0.18690678728912982,0.25847059137393147,0.3586127018136171,0.22911526748250657,0.25845837503653757,0.3042850145478594,7.801035040830984,8.269749001831688,8.900489212805809,
OGLE-LMC-RRLYR-13859,6504.554231377747,1529.2165528098215,0.20639327441552865,3.5540609119722433,4375.991524254702,32.611600507168156,39.16705216031987,38.0,-0.7197206663010576,6540.388561093682,1455.0119217156766,0.09075166285154725,0.4905676359156003,5.238309524090411,1.1647000181131484,6413.196502241475,6490.701670248793,6619.145620032249,1477.748818789107,1527.253026000299,1589.0225544976706,0.1615578157651251,0.22699923628647461,0.29011553944013635,0.08107280182132706,0.09072076461225301,0.10138181538084058,5.021843128308614,5.268044941874596,5.556820345511708,
OGLE-LMC-RRLYR-19899,8579.510550198864,1779.8392478577127,0.5884627078452717,-1.9289859023291687,6588.115079540567,12.69644282291165,25.99429240620604,22.0,7.115764676577754,4700.801293630922,942.070650065318,0.08224320209235617,0.4686213532894776,5.593865062927321,0.9068887730651178,6162.472029908406,7957.340752979316,29399.285106803243,1301.6378887928322,1697.6827458051932,4983.459445319492,0.5405982034671136,0.6474634746253727,0.8132222651321267,0.05937491497607359,0.08088930944737813,0.1401780837041671,5.3413685169045255,5.885271713709713,6.381077367787693,
OGLE-LMC-RRLYR-21279,7140.102632599249,385.9544186887567,0.29673907887269785,0.2921609352133965,4962.585490723075,35.71195266696082,38.134234701055,38.0,-4.852890285358598,7197.228498798464,373.84002017519185,0.0012108262892042822,0.08696080274745324,1.2340531067182847,1.2754268809628864,6897.6917057516175,7182.078014673396,7487.26578805596,365.1198877181176,414.89048685052626,509.14491439605837,0.24420492814489805,0.45718690653856464,0.6822958323952987,0.0009537707342935157,0.0015230629263587843,0.0028427388103784332,1.1372852025354683,1.418916309139819,2.0803281723501983,
OGLE-LMC-RRLYR-20570,6823.917130418717,972.9062472257173,0.14798431539719753,4.502736472347756,5773.1622294110875,32.096077799256115,37.608795326727204,38.0,-1.762454791981682,6978.722797285927,966.5955151102065,0.021233822679881605,0.26004707079388106,3.142912604645863,1.1462884928305754,6720.228856272128,6815.552095387052,6913.280395366879,958.5915429134516,980.6645348553177,1008.0139203661404,0.10769493386604438,0.17353427841086017,0.24392868443444787,0.020257435229667366,0.021784277781446752,0.023934445720671656,3.0956611980633593,3.1970586393624973,3.303162948031659,
OGLE-LMC-RRLYR-08456,5029.951959500481,1627.3682462315533,0.35739426915903244,-1.538771521916426,4398.209681100971,17.642124642825305,23.52665972793651,22.0,-0.2975498216054291,5140.764726694284,1527.1775527762388,0.182899507839044,0.6898990939353582,7.552374660857468,1.2601517602018075,4903.32381594206,5026.855421020762,5209.887392918215,1546.8396476671792,1683.7218255804855,1854.1965883708037,0.2605984668909246,0.3976341857203842,0.5578508031290278,0.1564486974338526,0.20364999265865352,0.2689474176762304,7.117682389777818,7.895668113503403,9.556220132727208,
OGLE-LMC-RRLYR-17102,7071.379815371056,350.9946265776596,0.34436675111599946,0.11280971691047272,5382.275871175381,24.879464404161098,28.058759321266205,38.0,-4.095877402347661,7191.929756111589,312.24581127376865,0.0009284868830638386,0.07902284923064067,1.1526402096664503,0.8885523001486106,6816.290039293442,7023.354982719064,7208.813486121534,326.5691124786686,374.4131187687526,451.42830255955414,0.24404838417369315,0.439006970698516,0.6317468887820004,0.0007455419765020986,0.0011709057691832842,0.0020947846706392383,1.039512036759903,1.3039440088318188,1.7173358623060118,
OGLE-LMC-RRLYR-20052,7945.671931379492,5353.996160430123,0.95,3.2924166701764235,4507.711750925265,5.948718102290909,29.075947633322937,36.0,15.960191654119804,7244.249412413335,1382.7233392270257,2.610090737412359,3.6288671693185215,47.04700123781882,0.22879685008811187,7420.653127463563,8082.45575151325,8945.0649520427,5184.562318265084,5376.634017654571,5573.124323115583,0.95,0.95,0.95,2.090518704313798,2.515304502708825,3.0471219940798617,41.920121808424206,46.60146870118909,50.006501188773434,
OGLE-LMC-RRLYR-11152,7387.760124350634,3926.2684698366397,0.663748002972646,1.9198508652483472,1998.4117190669306,16.267512491707254,44.63171820459305,39.0,21.037082420626504,6844.76474791904,3089.357523861016,1.1906856072844283,2.0604296837942373,15.490941922146064,0.5609487066105949,7316.254257815045,7386.25435344178,7461.286460757508,3671.681161780063,3904.9920670637507,4441.819819069847,0.566505016169224,0.6580078769428861,0.771733266494376,0.9875789210102065,1.1713160789032298,1.694359230457149,13.291661383486414,15.125026426581869,20.475398655842053,
OGLE-LMC-RRLYR-21192,5652.169709481099,471.4529211350423,0.15176417960495747,2.002534757007709,3875.1041254290117,37.13008776701152,38.78518638139434,40.0,-5.722660293845053,5674.90170014493,449.84086307237135,0.0035218212098362574,0.1287857347612381,1.839796881724821,1.2376695922337173,5599.1029960742635,5658.204221823448,5715.095436098361,439.22383771812935,470.3102799167291,512.563134848077,0.1026287452605711,0.18104365843663256,0.27621720764612345,0.002840787367068281,0.003423060547098363,0.004497589820520514,1.7061162683944302,1.82252068774301,2.0376394439777665,
OGLE-LMC-RRLYR-03688,4631.317014680522,1240.204859656484,0.46848048645605667,0.6494320934466415,2239.5273429224285,15.635090283197663,19.575412050747317,22.0,-2.2417631391669772,4736.883876158498,1127.9093750091884,0.09548913636409567,0.5024062908181508,6.608182848611343,1.1167921630855473,4558.42148844326,4635.60429265367,4696.5980673115555,1177.2919484664048,1270.7645091846434,1372.055876821585,0.3920979039971681,0.5009105294938863,0.5994119960361438,0.08003934040323259,0.10306614113804857,0.12977215593341127,6.090278960008301,6.8989196038373315,7.902397426360819,
OGLE-LMC-RRLYR-18711,6540.592490404771,1098.0562751934108,0.8588262745782309,2.1851791754322356,3031.2333744123516,40.55661263960823,41.618263464956144,38.0,-6.213521494104853,6301.683423242789,748.5543636978714,0.03322938550110261,0.3136577127299377,7.144930301036893,1.4484504514145797,6422.174842589613,6553.298000282294,6684.786811498176,967.7389777111404,1309.8303332761507,1591.746486292725,0.748633897352503,0.95,0.95,0.022895321189179703,0.056088351938937867,0.09626835892297095,5.003246861032475,13.087709892933844,16.636402215414044,
OGLE-LMC-RRLYR-03702,6971.972936832896,1103.9722793915305,0.021847198643846488,2.374254746284627,2360.7627514143874,57.926119953025946,57.98655817541399,38.0,-7.214734097064735,6941.319636699542,1099.8449425891233,0.029719795610157317,0.2991640988485302,3.452971340649683,2.068789998322355,6899.985572102571,7062.734831165215,7325.355211678394,1076.1649435805316,1142.9808284361527,1197.3300200299107,1.2836390302491054e-06,0.10032601291221505,0.16616340652634884,0.02776080124282446,0.031588162035778806,0.035627478542475124,3.3798439832727674,3.5345252381692545,3.679609595448149,
OGLE-LMC-RRLYR-13083,2871.517387125718,830.7691325757669,0.462683770185503,5.6648334992548435,1070.8630941278236,5.709526555960798,19.37302329701982,22.0,7.4814118343423885,2799.2031688090296,681.1280608566054,0.07466221212410282,0.4482227678660447,7.114846416850327,0.40782332542577127,2856.2678010163067,2875.9461932046843,2889.0391950305343,800.8400178965893,844.8409189495877,908.1198800627714,0.41311477186258455,0.48699643711312113,0.5533085170783151,0.06768609851304207,0.07792389659136423,0.09675796908907669,6.743645037943355,7.270520377489619,8.18920834036717,
OGLE-LMC-RRLYR-15442,4234.153050656521,1028.7471853315574,0.3965967311982706,-0.23431708845710783,1072.28805095504,29.531630489414265,39.051009080086395,31.0,2.6514041817018352,4096.746364707724,860.3645716011858,0.06520420042412034,0.4214417649281279,5.770183129051433,1.4062681185435364,4142.964882270885,4249.5634854542495,4313.927892262719,901.3594496107592,1022.5759949546612,1115.922767173381,0.2826936503189593,0.41253894144521697,0.5564823630666776,0.04541164329421251,0.06451155003578388,0.08082399067013676,4.995464621006809,5.796968886597819,6.844353361699043,
OGLE-LMC-RRLYR-17784,6148.780907523196,1282.3764931834671,0.3826119197225636,6.232215929635136,6119.68344107945,15.857639888423817,27.823540798694342,27.0,5.374227178261862,6357.005457072471,1117.7614575728185,0.059889585403636925,0.4056235342569798,4.921348159319779,0.8346126257065167,6012.005539887195,6135.936033496661,6254.705546806173,1226.8893710901589,1308.4742119108207,1364.5615715160093,0.3291443027253665,0.3979053311134715,0.4854787068463674,0.05106528757679708,0.06306014845728906,0.07213050829259467,4.633237382684923,5.013096036298975,5.4618605869734855,
OGLE-LMC-RRLYR-10299,6911.530273838983,1523.377647003792,0.21072275368989965,2.371855795235522,3265.2148040884936,34.56855741829382,41.55049695506478,38.0,-0.2932327826818266,6979.587599460921,1426.5975048498226,0.07946154505888886,0.46123600925911773,4.915673726535314,1.2345913363676364,6826.15968192797,6916.509052238284,7010.304607890227,1456.849031876575,1521.4572239594768,1604.7434556157148,0.13589401279933197,0.21748182844389274,0.2818490379742489,0.0690387792905284,0.07981540982347018,0.09401137931700726,4.646679664155692,4.922770548003303,5.233643569463359,
OGLE-LMC-RRLYR-22970,5480.838216521503,2729.5607980944924,0.3494070307367668,0.5172081026128756,719.8296960773708,19.92196802940469,21.666638210427134,22.0,-4.437414725694197,4928.741788255909,2408.897666585225,0.7268872470370518,1.4958535026660416,11.587945690245421,1.4229977163860494,5154.846777380613,5498.907052238865,5967.285107296335,2522.561492355902,2874.263753714943,3243.4812636149654,0.2709373686923787,0.3871000210697909,0.5157009263766446,0.6248071218786825,0.8109421598587792,1.1549738295714267,10.800837512000475,12.24730346862258,14.093519578483336,
OGLE-LMC-RRLYR-19233,6610.74660199996,1916.1579328975886,0.2671658236259622,-0.6719249411525254,1548.4375102568342,14.304957680423046,31.943510663690837,38.0,10.363380663815022,6505.704346003754,1857.5414349080393,0.17285246682386482,0.6704658060311667,6.557647031383797,0.5108913457293945,6575.293029152739,6616.38887568422,6648.922029805144,1856.499523435642,1895.3402674950526,1936.950025507058,0.2235113473709133,0.2585349637586043,0.30237403743386854,0.15591602016922476,0.16681467529836816,0.1789003160337668,6.310399849744244,6.485683809347732,6.620733201728478,
OGLE-LMC-RRLYR-03700,2120.4383931664024,748.9067327375092,0.2154004638249707,1.692383808672525,827.5433913085244,46.914883463549785,51.73429745254173,38.0,-2.45575833046081,2111.7016613453648,694.0338113815737,0.10030315296455086,0.5141852093802738,7.885063266689016,1.6755315522696352,2109.5522010804166,2120.133323186149,2130.441146870969,719.7523564170829,770.8098084072307,831.6003960654297,0.1717673729305388,0.276579331988396,0.382830350447861,0.0892441902754923,0.10945303064871115,0.1363695997580237,7.5405890706478145,8.326428890721987,9.048827127188272,
OGLE-LMC-RRLYR-07631,5702.010473703996,601.3510768266678,0.5361807658493373,0.5704772730085644,210.749797815831,20.6712389374335,28.37131023904972,27.0,1.1083975696075612,6084.1151741363865,500.84804900581366,0.007181430400698909,0.16886750054403077,2.7239013335450455,1.0879599440754475,5572.102720993178,5694.572260207629,5876.271989519333,577.568695150367,631.3237552450353,721.6182518427238,0.4829434272042384,0.5840058879991609,0.6763938523802902,0.006280528888215297,0.008258608043590247,0.012718758692073581,2.5314657004832646,2.968443042699822,3.666450405951448,
OGLE-LMC-RRLYR-01106,4632.212297933977,1611.5949900813293,0.26463883051885917,4.916892057065308,3283.7288415000103,9.559902045996433,21.692541925197894,38.0,4.857467559748692,4674.885282379195,1549.2317731969908,0.20944669596846435,0.739478958495657,7.8653975619306316,0.34142507307130116,4612.505959747901,4634.125109788904,4662.985080017252,1571.03217287931,1610.9820923231157,1638.6638589554607,0.22247880204170795,0.2598707115568534,0.30412055154224854,0.19389529398795002,0.2097153170887845,0.21976876482769125,7.63865150050463,7.856992999017782,8.061815713087952,
OGLE-LMC-RRLYR-08101,4938.707360549338,1870.9512892682726,0.5171131896435635,2.7489277346677814,855.4932418434493,5.379869363063775,42.75448288643927,36.0,30.207575646463276,4895.0214852799645,1669.177213822899,0.28829927751936973,0.8753906534864813,9.649489829687537,0.2069180524255298,4925.733207529471,4940.571490633474,4956.794396685269,1836.6610655897312,1868.2744981991486,1910.3574153739523,0.49417865996284926,0.5177260444026184,0.5516805736869442,0.27278040241685975,0.28672749119100505,0.30503600911933976,9.327062758195595,9.65518942652914,10.018352312563938,
OGLE-LMC-RRLYR-05820,6822.928918205674,1496.464183684804,0.04686473180083843,4.463645660371458,3950.4427241471103,33.66119658515297,34.27138380471231,40.0,-6.767571688668525,6874.258070891574,1489.7382779409606,0.07729296821298637,0.45539991668079294,4.786959515763713,1.1220398861717658,6742.488153345517,6836.291158106393,6933.184611779843,1443.758893625829,1489.8472374529053,1540.881434691203,0.027071497706271146,0.06814454036111084,0.11850893265411297,0.07001740917573133,0.07622388404974274,0.0830420851919773,4.634977686834914,4.780611834386385,4.923030020884358,
OGLE-LMC-RRLYR-02594,7025.479516716992,2623.3362137533295,0.14972527850486622,0.818859761696256,2548.0924844689666,36.40475721408731,38.59846264463742,38.0,-5.0814668889026535,6989.6296322471835,2598.520562539171,0.39272868007804373,1.038331468041016,8.23356915309238,1.3001699005031182,6945.081939487935,7044.8057627356175,7157.678587159675,2485.490523205951,2665.3065423438547,2831.394548417832,0.11486578228228973,0.19082860383455588,0.33176890964537004,0.32819964174424265,0.41346294668866235,0.48644707430598266,7.807114488576001,8.40612797005803,9.121862288690965,
OGLE-LMC-RRLYR-09245,7161.557822785918,3463.075149831428,0.13124324417454564,2.9859679175214535,595.7975740622841,47.638858047114624,50.80389206407539,38.0,-4.110138302492004,7131.634272404146,3484.707253347133,0.8694676753401045,1.6751358644576688,10.634428245808952,1.701387787396951,7071.866953162324,7174.681893227463,7271.590537618211,3363.5584806593406,3479.8290276517628,3591.202055719147,0.09599866630482069,0.17721617487289665,0.24931114012745761,0.7939691319184579,0.8967629756370921,0.9464175324687972,10.361138910729892,10.796559476616938,11.113714810231993,
OGLE-LMC-RRLYR-12473,5239.262355178611,1930.19309509725,0.4692962368866447,6.1890802677075225,210.87063530221323,21.58605950079734,32.29540005709146,26.0,4.193147480251156,5247.667341493449,1785.6814132269262,0.28128377303534613,0.86384503087086,9.095711431254948,1.1992255278220745,5138.382830471748,5247.757695110167,5363.329038166507,1801.9815935758943,1976.5422675009504,2159.948996358215,0.40546124381096,0.5036179756517405,0.6041079406378101,0.2252995595639316,0.3034143141582293,0.39241667545420905,8.262464963573693,9.590743741232888,11.109703163357482,
OGLE-LMC-RRLYR-07549,3245.16295669703,1323.2972349898182,0.4280513095367632,3.716700387088184,3098.0583341042147,27.159595277625744,29.25419852032622,32.0,-4.836868562898985,3268.010877053561,1281.3443677666758,0.23625548151136466,0.7873532983266539,9.836877952452651,1.2345270580738974,3193.585452107086,3249.103053683678,3289.9504919742503,1276.9073121179092,1394.4688356354097,1611.3326156993955,0.3080252380844016,0.4849511551105009,0.6697545203539118,0.2083035944636991,0.28253584226853473,0.44097409167829643,9.28369432963539,10.436417780780566,14.628538716481202,
OGLE-LMC-RRLYR-10826,4649.009594344172,2274.782959747419,0.31421990725553306,1.6889129256952524,1901.486028774611,19.069128642361722,26.71148781056361,27.0,1.050685436193234,4695.584768861454,2321.3308801850294,0.5847654597920069,1.309419774361062,11.236728689707306,1.0036383495979855,4599.068238671254,4651.994998738791,4712.141158934827,2192.6834499955557,2303.329634699402,2433.204511133444,0.20343373473218854,0.30959551896311144,0.4444040968982736,0.5172945745261183,0.6067658800021689,0.7143455570080119,10.570905068502157,11.432859087927392,12.488507530365151,
OGLE-LMC-RRLYR-05000,6742.819561699837,1651.1092290480842,0.27381670288702786,5.812651496256012,4225.238809019241,37.84006226158479,41.47408607179405,38.0,-3.641148509243507,6823.582938208199,1564.7880503729984,0.10629847571904565,0.52852964758769,5.550658369100878,1.3514307950565996,6580.73561390051,6713.720654433024,6855.740701283477,1642.6205344334257,1749.5991262432403,1921.9300452316522,0.21140902215786134,0.3393387418436855,0.5178122512227297,0.10315443006193617,0.12643642923926707,0.16921730366777937,5.466955934499979,6.007241077629204,7.041269731750233,
OGLE-LMC-RRLYR-20817,18012.681145030754,4017.38869172728,0.632822399237467,-0.09345892975176773,1230.8008369197742,13.257333247562253,30.977793008018473,37.0,10.498623935167778,6817.009360325961,844.4776126809566,0.21456433447963083,0.7487743296197538,6.279784718551584,0.49101234250230563,11715.321155168798,20342.648493284585,470706.52693570725,2473.8069506315205,4887.319915651047,53773.20866611675,0.5711304657374583,0.7288881075676443,0.95,0.11956510176159701,0.2510622290294511,0.8238677685278458,5.831750146200509,6.769653849269022,8.130322504216078,
OGLE-LMC-RRLYR-11079,7407.201054437055,676.3641471640731,0.19912368431053357,-2.241544470485385,2328.9630351896244,33.926745323716716,39.60881114829365,37.0,-1.5397700007115134,7371.471265535532,649.0150431614661,0.006055028164599748,0.15813499880184448,2.0314145490308153,1.2565461231006192,7320.009321407218,7421.807942588126,7506.985008259168,650.6548672031225,683.7209698447425,701.5478276409657,0.15010174732881315,0.20711614638823803,0.28895108539393666,0.005298026554424953,0.0062083931447406236,0.006861768228342164,1.9406299627404233,2.0482583921587,2.1535096048928932,
OGLE-LMC-RRLYR-07453,5876.92089603248,1596.6187029868154,0.5915623547001355,0.007307531027715933,5242.8438079565785,7.606492907344979,26.06056140310142,27.0,11.86239476374778,5953.753466665259,1224.654559986521,0.12652800052617497,0.5746502475298124,7.346212470650971,0.4003417319655252,5805.579766649318,5870.592552123396,5965.2512629523035,1467.1395165328072,1594.2161111085331,1789.561892299815,0.5153936513780436,0.5847202900786771,0.6888154848327414,0.0952482470840409,0.1258125841299576,0.17669295767256893,6.313474979250637,7.270508217312578,8.908436970921777,
OGLE-LMC-RRLYR-13392,2798.725652767376,437.25358270216617,0.18657194961530288,3.1276323572966684,1707.8470483685423,46.20377870663703,50.43109430035467,38.0,-3.04785672573513,2798.118758602047,409.8738988773759,0.011459407705780722,0.20273576819775327,3.4669954036204373,1.6501349538084653,2782.0371605209407,2799.0987596312643,2812.899228574978,415.5407099684737,450.4846424445725,483.4766965593888,0.15743327854853237,0.23197947095332294,0.3124281121645373,0.009907273460999977,0.012504586008562885,0.015533606704757261,3.313108208220154,3.609248946994787,3.9018555134334565,
OGLE-LMC-RRLYR-14075,3957.4460956684966,831.1466101017705,0.5127886625361451,2.888966280928824,3114.420856378854,36.53848570647724,42.318769406254695,37.0,-1.4415521255109809,4020.5515996116756,731.9822375383509,0.03936276486253663,0.3372781586332212,5.333369036234283,1.353277248388046,3912.564599294355,3962.161210907606,4025.734513303487,782.9095680058525,874.5054697751281,1074.67698259375,0.4077120532264027,0.5279225060574704,0.7174537903345637,0.03322855497957265,0.04602222400600421,0.08491755330163385,4.8059932499075835,5.7620966893941326,8.127713987933127,
OGLE-LMC-RRLYR-24566,,,,,,,,,,,,,,,,,,,,,,,,,,,,,,,f(a) and f(b) must have different signs
OGLE-LMC-RRLYR-15551,2749.9759408274117,778.6500429903978,0.05870892993633889,0.8352686110849494,2464.164982032934,21.811055153273834,22.46707960744906,27.0,-5.935649277833427,2762.900257906443,789.1134147137445,0.0670273185265828,0.4267326465806992,6.1837224577117,1.1479502712249385,2733.1428242567513,2756.050303338941,2775.272922457263,753.406813567577,777.6338811094699,805.0114200200711,0.027428929490279943,0.08513759697832486,0.1358780675986413,0.06002182141351382,0.0671073358284137,0.07395688540108562,6.002284761887513,6.186611087784245,6.4084688707643505,
OGLE-LMC-RRLYR-23029,2922.548239756019,980.9543875355138,0.28903834742736634,5.026601127087659,2676.1988568203324,16.42986001215659,20.632517735922907,22.0,-1.9794271829503103,2948.8518420881564,959.1863861072957,0.11866038784987307,0.5570955457517095,7.643951933082248,1.1735614294397563,2889.817310123352,2920.6079336226867,2959.7679484431287,947.0467431073918,999.8121923443929,1049.1709441659862,0.23188844184192595,0.3440664333169716,0.4335402001440778,0.10633412499970464,0.12440653668741908,0.14454504259257242,7.377555051069598,7.856374967537488,8.785764239730716,
OGLE-LMC-RRLYR-18547,4684.915274484116,766.5537785746571,0.5137658382635713,1.1442810909595802,4189.348787089491,31.52878759539509,42.474736933694295,38.0,3.6707770188464224,4688.555961841883,698.0848832863799,0.02203469797799028,0.2640471116062248,4.157915243227632,1.1260281284069675,4619.419050193381,4679.524596667139,4739.349254377728,729.2521435523572,791.6833601030439,877.3838354970459,0.42803966312561503,0.5608329335839497,0.676448776879119,0.01921217214736732,0.024573279024153565,0.03373665509426542,3.827458777370581,4.583931817040671,5.407226123938391,
OGLE-LMC-RRLYR-11985,6242.3435459028315,1857.450610164998,0.41131052765378395,2.2747307114403887,2563.7342069458346,11.82470316768357,24.97627797609295,26.0,6.635381732366419,6113.259807652853,1743.4988624297368,0.176579055561049,0.6777210074263659,7.117082693603676,0.6569279537601983,6132.020264439259,6242.542001393966,6334.3611103257845,1809.6050439222524,1890.0577930889303,1983.500847261275,0.35518892786490475,0.4243121938585448,0.54027494207102,0.16348578401953962,0.18723290328626607,0.2174021302271584,6.930522084540058,7.28301089141263,8.090667095266593,
OGLE-LMC-RRLYR-24220,4057.9013820197456,2260.0464031546776,0.44295827151180595,5.370913079755185,735.930254678107,14.92628372905768,20.780575241000335,22.0,-0.32779339477397684,4126.025200604976,2004.4564218568107,0.7527171135658689,1.5288319715811693,13.543532235286882,1.06616312350412,3929.8149726832326,4054.762828416558,4183.005545996832,2168.4345282353283,2416.732896081421,3137.013154953429,0.34780629180624134,0.5428408478583037,0.741180115915237,0.6415372725801398,0.939741454912958,2.142955956448008,12.46788052443632,15.454048097867018,25.241887091545564,
OGLE-LMC-RRLYR-11047,4685.756415643336,1095.37319430051,0.34473271883863243,-1.2662430870370873,389.19053858866494,27.042742735310515,45.904834528576785,38.0,11.586919473813495,4585.797469202279,1024.092297873809,0.0642701935281625,0.41870536926665597,5.429277021679415,0.9658122405468041,4644.575892657526,4683.758077561506,4718.16703249229,1043.8957789401993,1103.492694253246,1138.555382234097,0.27687021933546374,0.35023420498697794,0.41024417393468693,0.05641650065087981,0.06592288468273645,0.07235147058857778,5.1702687397658185,5.47778792323554,5.787049633750151,
OGLE-LMC-RRLYR-10447,5780.711216878696,424.80027560511706,0.3927749106071297,0.1566117479093001,824.8030932560002,29.838679293918904,34.11299045746226,38.0,-3.000861155909419,5868.7827406213255,401.11984656693625,0.002463057323804408,0.11273937347415627,1.7421077923685029,1.0656671176399608,5642.967824479624,5811.311968351998,5998.645372865705,412.4370310729321,465.9798479343113,526.7265234070536,0.30113387059386915,0.47238642322909385,0.7229039438635833,0.0022347693049598466,0.0031861442918383496,0.00470073518437364,1.621710984094713,1.9850201356496446,2.616412239771998,
OGLE-LMC-RRLYR-09642,1940.2827136046653,794.5414426996874,0.32518721281818763,6.077991528760679,1136.5536167628627,21.115078908395983,28.951657097633163,38.0,0.5614058697844087,1940.515568751072,762.29295167285,0.1430547666213385,0.6101755691112843,9.440784816649307,0.7541099610141423,1933.280990552649,1939.8288473567209,1946.676203857072,762.8600173455806,813.9264853687965,853.1791586380855,0.28714167501987314,0.3408179279407338,0.41656131129067425,0.1275398804030436,0.15435713906009146,0.17831042092363977,9.037245069739706,9.818477185148677,10.42174042356653,
OGLE-LMC-RRLYR-14156,5250.229953364967,663.5101641801418,0.3925709543258309,-2.082000247580727,3921.17853888251,22.515819500556752,29.33157159487526,27.0,0.22407836230984657,5289.242521534242,614.3420105030075,0.011378074889165141,0.2021646799146232,2.9957091078796703,1.1850431316082501,5177.157331895626,5255.777803431036,5317.320871747451,610.614104735203,666.7435169692437,732.4862753563166,0.24891303717816018,0.4018760965077255,0.5404140992328943,0.008999540725535096,0.011499426485287744,0.015374821067481535,2.6996718615975346,2.989390464304037,3.576282449298396,
OGLE-LMC-RRLYR-07361,5450.70490583096,1048.562172052783,0.30084470617240666,2.8398414027387733,4065.1489995957368,31.82654340881446,34.432727887697254,41.0,-4.820959654525836,5479.238589952975,949.2063547063833,0.041663899539882726,0.34567196429547115,4.397732328926869,1.026662690606918,5385.4797700357185,5446.525297774717,5526.670379767947,981.3068859710914,1084.145794682087,1269.3378342026735,0.18803818011087398,0.3530472487950109,0.5294186223237501,0.03373864933554989,0.046017191642937286,0.07504009939082742,3.967437658192416,4.623719348287391,5.975860811155911,
OGLE-LMC-RRLYR-00723,1987.8011850570983,1016.7399734091911,0.2561245728643481,0.5933122687157412,1206.2188555037342,17.783244446625346,22.36475717298571,22.0,-1.6005721803562665,1985.0288978137983,954.8055233084059,0.2856054581004474,0.8709680645137531,11.536055049921764,1.2702317461875248,1975.9394883074904,1989.66001038146,2002.2531137894202,971.2094120283135,1031.9079200133813,1108.035029671365,0.16181641050969026,0.2783950566565402,0.382256611003681,0.2501816426985618,0.29767691758918646,0.37226501099618203,10.960484769740917,11.903269407103698,12.89706718994229,
OGLE-LMC-RRLYR-03360,3061.9733445946076,622.1335729925817,0.4452799905457355,1.861453147356827,2976.0093096084797,22.634907739561807,32.62496257695343,37.0,2.768219012103174,3048.375427375057,568.4420343619014,0.027575970255417435,0.2898858426538939,4.947162211350346,0.8383299162800669,3032.258071858178,3064.3761087147705,3095.29289544192,600.6552365085203,632.8803091088419,683.9447118442821,0.33157500518114286,0.44557077486481145,0.5848810438138461,0.024991817832567428,0.02901670957996988,0.03652384741115015,4.638580383267946,5.046718444673867,5.974995698087354,
OGLE-LMC-RRLYR-09117,18135.57005573326,6503.859695289604,0.6303791465287011,2.1553782908481383,6417.132157958129,29.327633852270207,42.63155846540597,27.0,6.712250881127105,6364.876207563249,2027.4921313020893,0.8981187582253204,1.7104302614361928,10.071733892958964,1.5435596764352741,7612.272529911413,21607.317411289412,285819.4270886237,2875.8565186483625,8078.199549445695,48571.446769573486,0.414218223328131,0.6785977348488186,0.95,0.45225230482617634,1.0072414076607172,1.7531773190781745,8.824009307897464,10.674147200074584,11.98254788121287,
OGLE-LMC-RRLYR-16717,5764.30065367709,2339.249641309584,0.5425384201636296,0.19691255290049758,1766.2585951890048,11.326635310395593,24.105635612707715,22.0,6.596915395595488,5358.366827953641,1707.4107156413938,0.41363679435635997,1.0693333546691592,10.532257490031856,0.8090453793139709,5589.059637659668,5760.011637365962,5967.632760896467,2171.5809387655077,2343.9178393541906,2748.0093709796997,0.45059618017039826,0.5474213952510998,0.6750435645270642,0.3211120338151393,0.41006904847644426,0.6756249438717385,9.225634796878486,10.445781222968487,13.93586850093957,
OGLE-LMC-RRLYR-15158,3108.769710545164,1253.9267435560787,0.5699329181372113,2.3634407485803015,2426.0077098701317,25.94457699212451,44.02202620386973,38.0,10.802276892292447,3160.8376360783523,1085.526938795499,0.21903932362350084,0.7568393428082312,10.701922288894647,0.9265920354330183,3082.6070945702827,3109.305257203987,3129.6099392147185,1191.4684151635215,1289.1868965768317,1449.4975306352305,0.49692672181355124,0.5942395228913679,0.7395529851143553,0.1866580032951041,0.23953044068661838,0.33972684507603884,9.774589743397122,11.109796505536,14.839637953551136,
OGLE-LMC-RRLYR-22581,5347.593685879324,1934.6959624560761,0.19573031982551084,0.7325915883573507,2904.819603521325,32.44911321269976,34.09984785905579,37.0,-5.571101178932409,5335.055184518003,1856.440477554867,0.2718967838874835,0.8482510859113281,8.043103977595885,1.2018190078777689,5247.360710893286,5339.969824795151,5449.598233831647,1851.394670471297,1993.456448239578,2118.5504682023934,0.11029146130479062,0.24919260544819444,0.3958828947191134,0.23815463280186172,0.29591010192460254,0.37106426636971823,7.747933872744249,8.354230927926167,9.352113189973904,
OGLE-LMC-RRLYR-02907,6205.459461329763,2093.747997467189,0.5100622585159703,0.4926291678322401,3012.381128017502,15.447024801018195,30.223564993304624,33.0,7.783525069353466,5857.386137540508,1530.0149522380382,0.2559222466745446,0.8213050613128895,8.55203403215744,0.6716097739573128,6056.912488367451,6233.290575639707,6553.031406678585,1988.0102522006905,2148.001661993715,2332.0346018150835,0.4575572963848062,0.5398996473476497,0.6083010141527416,0.21790590225657222,0.26905220774440075,0.3453222435479327,7.864352599380495,8.764077437511489,10.192668228527927,
OGLE-LMC-RRLYR-19455,39551.44884200245,10258.884459844961,0.7550406435485341,1.9491310444372028,6332.886606152475,28.89985702618977,51.168057707076336,43.0,14.745800449499441,7239.799796997952,1838.0877820431517,0.7410684427456833,1.513989562384951,8.624500762371605,0.8757532432178718,18530.716856965333,28380.330102817887,468770.3746999567,5429.72748581905,8186.880166455439,61558.200363650656,0.6113030409839961,0.7076742819175161,0.95,0.4579004136945908,0.7448921632446082,1.1827951214396333,7.944539878957601,8.703812754647442,9.210201782170374,
OGLE-LMC-RRLYR-23186,6602.329004956842,1269.9968818998839,0.30992121668334927,0.6179129891930012,1002.060626830461,50.998570770041404,63.62965687242302,36.0,5.464048225469398,6410.681502949456,1207.5082140572038,0.05045408540678359,0.37585778690461813,4.410830770222103,1.9614834911554386,6491.459434094172,6631.011958413537,6729.180086156261,1225.8730463465297,1280.5667227553324,1346.0596536669598,0.23765715295474968,0.3163595226515795,0.4102621151032681,0.04413354576967888,0.05216245829570776,0.061013192005976574,4.152830154002106,4.484244235210665,4.8425892781200135,
OGLE-LMC-RRLYR-08205,5365.25996898638,425.92262906799067,0.13765693795378378,0.7699932814290156,1885.966114990156,46.35610861075048,47.507757654427365,38.0,-6.123523275775881,5347.115145351802,415.29580185298084,0.002881995521354221,0.11950069920923095,1.747354716300099,1.655575307526803,5264.2004209644765,5337.794683364544,5452.563202722685,401.40440701331215,432.70886344005146,471.04833229744224,0.10140499461714284,0.19621236843035733,0.3445661967089727,0.0024188204732345448,0.003046004998550218,0.003858870864943642,1.6730122589307046,1.8044045991155804,2.0247503841679917,
OGLE-LMC-RRLYR-16187,2086.289333934114,753.3631256910568,0.21864104135780676,6.112846310463117,559.7770527292571,34.775279020758965,38.16027689411901,38.0,-3.890174446092729,2084.754170089973,727.4049838692724,0.10547431187124363,0.5265780090738793,8.067768953558833,1.2419742507413916,2075.4342942149624,2088.8702512615228,2097.8115705405253,714.3679993092979,771.4776054350748,827.2769529182833,0.14400789256557706,0.2546055869582343,0.37671160389314134,0.0887891891882323,0.11284474236108383,0.1396407174709527,7.57434051730818,8.31890910734911,9.327477007875295,
OGLE-LMC-RRLYR-23866,4505.685369237058,1138.88247899025,0.4657379491419293,0.23262711891732457,2024.4782474087917,14.843909752898352,18.772022749066828,22.0,-2.2539719105481595,4734.302740445058,1024.2157556778468,0.0781263814387107,0.45765116992706323,6.2272965693058335,1.060279268064168,4413.958819947121,4492.116332642736,4575.418049254886,1029.149247841486,1149.7120770416045,1344.2160084572292,0.36486417601094195,0.4788954097989353,0.6372336238146988,0.056611961908599046,0.079910205980018,0.12906451234710453,5.362383333116507,6.327469995781174,8.328363924542984,
OGLE-LMC-RRLYR-21747,5520.838396319279,2075.646552549928,0.6008320922058692,2.789306077103042,4194.446701280105,11.87948036560994,22.696631380689173,21.0,4.728106139632388,5060.829533563191,1544.1290630095073,0.31501616204857347,0.9185744790085627,10.25379183669694,0.9138061819699954,5400.450820712017,5500.4619586749795,5587.595856571387,1808.573058988656,2120.3552327438024,2454.8935682707265,0.4542883948320636,0.610279321834422,0.7381880513352906,0.22014920348528288,0.3338052958908515,0.5368100288987863,8.438288281532358,10.424973455199476,14.522568474970209,
OGLE-LMC-RRLYR-22564,5415.947665715518,3131.6208390934016,0.21498129908119643,1.8217351655951581,1718.510262465651,8.157684915644124,17.678849812640955,21.0,3.4321200215499914,5315.1057018943775,3078.5805711644753,1.1241941038637209,1.9823120012806605,12.907934294039581,0.6275142242803172,5303.869953607768,5432.115125375071,5748.453155404497,3034.477561176196,3158.0201997195336,3395.5966586624413,0.16858850128117223,0.22544513973940378,0.27844923944274574,1.0544193315523984,1.1547731525938236,1.3179280106751394,12.681536922507501,13.039610069809616,13.565873411034543,
OGLE-LMC-RRLYR-09636,6973.355106827383,830.4434098550524,0.4260712275172066,0.8321878349229159,5787.095611186629,29.48248063536702,34.37500498336739,38.0,-2.3826479714524,7230.421578705007,750.5482005758663,0.012645303703950006,0.21082358435661727,2.869825450445292,1.0529457369773936,6779.531815871913,6947.424323570281,7117.1046412903115,794.6631092709206,862.8794560986969,962.267002474309,0.3496697342105133,0.4872941204559139,0.6234369841153752,0.011140494723707001,0.014171841724999908,0.01978209316755096,2.6882513341943906,3.0181682027605268,3.740801326849005,
OGLE-LMC-RRLYR-00604,2533.213726792906,862.8187028079548,0.15789384476399373,2.9234648370731726,2459.9404448722607,7.690297124943058,9.153565382873703,22.0,-4.718816648785989,2525.579856587522,849.4917452180647,0.1074725823784736,0.5312992105521819,7.5199811692072185,0.5493069374959327,2518.053801421487,2531.022995426337,2548.116212395962,821.0361648012171,870.5353634194728,914.8791660010764,0.11046535299366043,0.17582299625557174,0.2544253829961929,0.09257896793651124,0.11032826841248213,0.12773308809301104,7.147381584494876,7.626860873680474,8.042463499770475,
OGLE-LMC-RRLYR-04400,4710.102046370525,728.3660531698506,0.29667002770301615,0.38196525116955415,388.8768261174531,19.62617415425119,31.827332487193143,28.0,5.536749312591546,4642.369356267748,718.7325250292299,0.018701272350745823,0.24685264188846068,3.5303024179067424,1.0903430085695105,4613.191744067243,4712.919575783444,4849.3472058692705,711.8400123142372,738.6803604858203,765.0447458304862,0.244079563651025,0.3008848098580309,0.36843065715037654,0.016999068615945055,0.019479685983619346,0.022188646814086256,3.4111700722454703,3.5800535663050503,3.7872099658951734,
OGLE-LMC-RRLYR-19049,5885.963074160815,1899.6453241513138,0.30291658548810674,0.4524635410728317,1657.899803157171,30.038996290932985,33.80823276577108,38.0,-3.505935844614683,5865.669558598069,1801.6676516742718,0.21245414117621433,0.7449509853523177,7.383140574407688,1.0728212961047494,5775.140293972282,5885.064652637728,5996.153771540412,1764.6412464052216,1909.8495493505247,2121.9622884131395,0.14344591211987537,0.3061937781847312,0.475086842252678,0.17344273093788484,0.2180390351926576,0.2916869637532302,6.7736674133225785,7.541148698182926,8.701337661429575,
OGLE-LMC-RRLYR-05231,5785.790385244925,1804.788380292993,0.31598821831187884,1.6703453513618036,714.434820709631,24.87599034302721,46.358202339629884,42.0,14.006872760035932,5748.851602689722,1764.9445762339255,0.1885541806246093,0.7006651532375862,7.167911389093036,0.7773746982196003,5752.835357475633,5789.660600230593,5839.073644578917,1762.2287216109182,1816.8291055046793,1856.7740396196577,0.26809982624155726,0.3167666874911228,0.375406800848553,0.17669174823803613,0.19109770820071983,0.2051780890590891,6.9558835375992105,7.212525244133722,7.478951617552157,
OGLE-LMC-RRLYR-04633,4918.974145189012,1525.3418001081845,0.6891635874656862,2.579730886352547,271.20839638706946,24.86490214620644,42.52404590324922,38.0,10.383971437590006,4848.679366107412,1156.495847058475,0.15748352738988702,0.639907990661859,9.32991444305946,0.8880322195073729,4866.660046335932,4915.55167378321,4962.82313493519,1426.2475229578015,1601.948851092188,1861.4063786932786,0.6303276955865774,0.7089464422925519,0.8042308372375028,0.1291832159677624,0.18096405401597057,0.2932025455329203,8.315016561124617,9.967164173206733,14.006456775338858,
OGLE-LMC-RRLYR-08522,,,,,,,,,,,,,,,,,,,,,,,,,,,,,,,f(a) and f(b) must have different signs
OGLE-LMC-RRLYR-10449,4440.44996495699,991.9701055759273,0.08085931591819359,0.22092496391073022,138.54650771662347,36.72659349539056,37.17538092619734,38.0,-6.826384888646004,4457.785350547249,989.3939671726664,0.05315259709876503,0.38461632556066067,4.886330658167413,1.3116640534068058,4372.533033403281,4441.400769145332,4510.555745107569,948.0127649908367,996.5546676036879,1050.0152241070084,0.040890562501630555,0.12398383666105796,0.2213616608715667,0.04628300878006044,0.05327895664411603,0.06235627693946398,4.6797305844330195,4.983793548775543,5.214205452813938,
OGLE-LMC-RRLYR-19277,5053.057580806143,1062.7417335654725,0.22835196356534773,1.8384496663448253,489.80323593843866,25.827565589829433,26.62408571499779,27.0,-5.795153606840302,5029.595157785575,1054.4281839426544,0.05047280145273133,0.3759192773414817,4.709656981237324,1.359345557359444,4904.375470537961,5058.28505483992,5206.133226598339,1008.9518450296237,1108.1095004429199,1190.2928591603118,0.1490067756681667,0.29823149206941413,0.4694832282585553,0.04224456029763481,0.0572677591130437,0.07018740599733196,4.439935018636799,4.973395207874164,5.872500317042841,
OGLE-LMC-RRLYR-02403,4997.244828491334,520.3903775998236,0.46418991055173003,-0.929683436128218,2751.7694057641165,10.38044769693745,20.341377312012924,22.0,3.7788447083588395,5113.425963127194,489.59091180589456,0.006059115294660794,0.1581759090584822,2.563193013014406,0.7414605497812464,4879.891692367153,4995.661656144739,5096.876644740745,495.44423822327366,534.1659808426463,572.0225070299639,0.38444051138171453,0.4942390713122628,0.6295268956589928,0.00517007487446316,0.006583334273578958,0.008423155381993617,2.3994220310876813,2.706098234898369,3.057029340175649,
OGLE-LMC-RRLYR-16286,25892.84526824558,8836.58977748955,0.7371801410896742,2.536644900083862,8878.868172185306,22.744265279957553,42.43929864377088,22.0,13.512948457096698,5117.517580115944,1493.500048273506,1.10503804017992,1.95966874143186,11.011341453006404,1.6245903771398251,11436.141558249472,27277.921289337377,207846.66591954918,4103.713627050755,9532.889044433177,35102.06085738136,0.6304770844798302,0.7686316154875754,0.95,0.4947663262664565,0.9385464034783577,1.8095510462346345,10.002497666202968,11.139603752761873,13.173263478496459,
OGLE-LMC-RRLYR-11180,4948.789188725464,2348.67685184109,0.3657741722096788,2.235736481457278,1797.7170117388746,15.554883861556561,19.936201208053966,22.0,-1.800767560219228,4964.750484071562,2131.5967958179417,0.5680081836737837,1.2867840242899296,11.117310427532194,1.1110631329683258,4707.041764795715,4899.112446284178,5235.826896150228,2240.1694191139927,2485.569569305703,2829.872214473433,0.28992868088365775,0.4437202551693793,0.6128439074302627,0.48920295045452344,0.6406957209901987,0.9672294136459422,10.390950271450189,12.193969097603468,15.2106176743857,
OGLE-LMC-RRLYR-03269,9704.031217799004,2300.9695510944166,0.6726141976175453,-1.951980304327954,3116.991845447501,5.463433646380699,34.00515219096993,41.0,21.114574411180612,7408.239436300373,1467.6634361606882,0.1389027817549177,0.6014088115057956,6.98582505140787,0.17623979504453868,8942.615407491861,9643.795222188688,11433.940493692066,2143.1836942607097,2337.0801078474296,2686.386363031691,0.640020960639638,0.6862423251005417,0.7223518435229398,0.12716284070305447,0.14468013847265365,0.16404504207597656,6.670543759300013,7.088922416932043,7.654193788687191,
OGLE-LMC-RRLYR-01548,2632.3706727843155,946.5150283994874,0.10316020164634779,5.256517301599835,1471.7371175214157,16.878993590419267,19.471723603759497,22.0,-3.5893548933764094,2647.343894964194,909.8393614105937,0.13139267445768543,0.5852871712056892,7.8811677238175735,1.205642399315662,2609.2762087554242,2626.809599835227,2651.3954249061235,913.6439475791187,950.9593181902712,985.9885159298103,0.08495335366115163,0.13419911698049272,0.17420885871379715,0.11923920203261018,0.13189871698767391,0.14750114415586482,7.608551253555384,7.928456258219931,8.238505168892704,
OGLE-LMC-RRLYR-15209,3585.8236496369227,1331.6891376718293,0.2354675486193109,-2.050385859446848,99.57456314803906,11.731365032162426,22.401454555973462,38.0,3.394917204358265,3589.63744932515,1344.065076654713,0.19720295383005773,0.716909443572375,8.330808002665488,0.41897732257722947,3569.5537111289896,3585.9589609972927,3597.3916441078222,1308.992909473902,1333.5701783170725,1356.6368133797166,0.21317967931295598,0.24961862773745752,0.2848765708057307,0.18845473799533252,0.19790211325236115,0.20905310002586597,8.198131780783157,8.360047185844078,8.561191638543171,
OGLE-LMC-RRLYR-08601,2193.5463792550418,580.18500571442,0.2454640057615972,4.705181606294756,1553.6704953026526,38.65784568198124,44.52743579343206,38.0,-1.4055822080019595,2191.2020844975686,585.5536027277582,0.04358013364521553,0.3524929167718892,5.948410570563303,1.3806373457850445,2183.2871479339815,2195.686202254551,2209.2659618080756,566.6652737069008,593.6968162947588,637.6076913545703,0.18183377249016275,0.29622707087464606,0.423023982435001,0.04024679060745038,0.046951833208762436,0.05757921461719386,5.783954918987356,6.197050887880067,6.877113918091765,
OGLE-LMC-RRLYR-08146,6032.347937688343,959.9891917080624,0.519613155207507,2.298520790871525,5664.467924645105,20.078771289659315,29.558104283362578,27.0,2.8876592616946084,6071.364735315965,817.4199707861724,0.026104114301457784,0.28330320874195286,4.060735609426305,1.0567774362978586,5601.5393958526665,5981.674836495302,6830.36926573736,925.6855823826448,1046.3321293946096,1269.0531912827287,0.45688679179011765,0.6115377561396489,0.8126303274539622,0.02362611086781394,0.03337115116900238,0.054959022578755456,3.771535804724171,4.664639272613357,6.4684400291364375,
OGLE-LMC-RRLYR-18188,6032.166875516084,2785.4815194845946,0.5470847635579026,-2.9795391091203816,2542.8564155249464,20.286682929277813,24.956857872230252,27.0,-1.9214987890562227,5907.422288970668,2434.090635407829,0.637730000268543,1.379983853218689,12.02674887605499,1.0677201541725165,5889.753546498608,6016.160264177844,6133.354402293106,2638.4966654698223,2968.770758281864,3717.0014328454886,0.42703342290085555,0.5880363740086051,0.7651948544621859,0.5323675779319623,0.7754882578966263,1.5127531076731378,10.710363939095418,12.918378774300342,20.679496934380623,
OGLE-LMC-RRLYR-19535,3252.017396515187,842.673074204333,0.05897748498907445,0.032233722664442244,3116.3797944859257,50.55773039616584,51.32272114560751,42.0,-6.71034848712506,3247.25641284891,843.8307648603231,0.060751125681197476,0.40822988070546534,5.659130582676564,1.5799290748801824,3233.6662548376753,3254.0364463276446,3272.0404802929816,820.8163507105642,846.2012007821927,885.7306295743349,2.554303167460975e-06,0.10191167136191223,0.17626613847805325,0.05602531564289564,0.06182637290397362,0.070081092050333,5.524216100990668,5.729972374775679,5.982634455993899,
OGLE-LMC-RRLYR-19694,7440.028516431966,1651.0717033205628,0.36568077342550637,2.8203096768581566,1718.7696933460577,12.240308173892634,43.666048864123916,38.0,24.150568370778515,7294.162265160442,1554.1130424926432,0.08730342887480319,0.4817846619622911,5.198159817303783,0.43715386335330836,7385.005524587074,7439.993162299488,7490.56431485024,1649.1301937672586,1681.7302998382238,1719.0758867893119,0.35120604932982885,0.3857753702083281,0.4190502383667234,0.08751379839426424,0.09209377476173125,0.09850488448466473,5.192527336179011,5.331593101089835,5.527712946692135,
OGLE-LMC-RRLYR-14810,3868.6264424898513,1059.4445912268072,0.6025089265661587,1.4581001161808034,2449.616269305792,21.25318429320467,39.35836593561484,37.0,10.883345817121722,3919.849369093654,880.7350135422939,0.08531076781962274,0.4766413888705274,7.4807365820886496,0.7871549738223952,3836.4196809047507,3868.1994700827427,3902.146661043862,1000.8195330890991,1096.2969217343868,1238.2150855022426,0.49486112057950504,0.614823996999379,0.7599514721547,0.07251619837715641,0.09451970547250657,0.1354710631176702,6.691484733270637,7.653425783370389,10.60608863039081,
OGLE-LMC-RRLYR-23539,5216.667476591626,953.1781169732542,0.5395558254384067,0.9339716330612085,2021.149143177414,8.454057402003512,22.2497639834663,22.0,7.613621674746156,5314.150888224389,874.704908827286,0.03416792293833547,0.3174031112614874,4.731311318870946,0.6038612430002509,5109.405136755283,5198.404988513982,5373.0814925831255,925.7837502483744,978.0116384202322,1046.9044507495375,0.47376750857315886,0.5556381386062779,0.6548799232349094,0.03156077392837452,0.03658881720421254,0.045094612311385084,4.439018772372823,4.900812681447686,5.753481256268542,
OGLE-LMC-RRLYR-16750,2002.2358065086685,472.56521310450535,0.16629170241900082,3.6946693210725408,1431.4928988316626,30.81948600691175,32.25347454388019,35.0,-5.676707586010394,2006.519211626851,461.99393814376265,0.028264252045694348,0.2929030205998338,5.2182237732408785,1.23277944027647,1990.0653144507278,2001.519411382982,2013.396811325572,452.5822731608638,479.7314113294653,523.0716457483927,0.08940716399063967,0.23467204758044125,0.3701643084971229,0.024654605472884488,0.029651974467420975,0.03846663683836168,5.082959770783565,5.42979833780805,5.979196985300271,
OGLE-LMC-RRLYR-03594,3296.0704659584794,489.7667929609654,0.5169559678517971,5.207470341573831,194.24937702021185,37.094616256841945,43.96254330512684,38.0,-0.4072452711678807,3299.997818191018,462.13717842273553,0.011610681993235686,0.20379209267182422,3.7844243569130587,1.3248077234586408,3250.955374759064,3289.1267648382754,3343.500297188003,467.47966178027525,524.3881889460329,634.0854358606554,0.4279540417872914,0.5968512611911017,0.7685697705405997,0.010174393706386108,0.014330064311517723,0.02516890431980052,3.578478305889216,4.215891584952029,6.3933057852342685,
OGLE-LMC-RRLYR-16159,5889.824580578184,2443.2689284154494,0.95,2.9517957216022697,5185.46326280072,27.629602384307354,38.93418511440695,38.0,4.029410410646818,6055.210854599605,811.3526982418231,0.45143143132217584,1.1242989048925054,28.963659470580613,0.9867715137252626,5872.791053657175,5904.904049962331,5960.879337797964,2219.0632819771154,2514.5725604567124,2760.1108368995956,0.95,0.95,0.95,0.33069188832956636,0.4866307649424506,0.642308485959326,25.95864032606915,29.665771913880995,32.566350415552876,
OGLE-LMC-RRLYR-02150,5069.231864164414,918.6641055508426,0.3883889661382627,2.3936430703799156,4651.071173868787,29.565551738565716,38.3685450985384,38.0,1.5278210405199104,5054.501527781225,878.191414464078,0.03239430220443476,0.310280925366589,4.287540030091978,1.0559125620916328,5012.579697900396,5072.340598947511,5140.694886037071,874.5968831340604,933.093388644862,990.944005850466,0.2991504752588267,0.42276871559440454,0.5125779774899746,0.02779383148787458,0.03403164324640201,0.04024958289335828,3.9590024472578733,4.466237379729564,4.898396198478331,
OGLE-LMC-RRLYR-04194,6116.6676665382165,3799.6183082654748,0.5235342772500766,-2.7686899629512833,1617.9748317096792,21.02211155336052,33.58972608967411,36.0,5.400576659401366,5866.4217173715415,3160.5345516170237,1.5742468880163005,2.499486334760069,15.895345400204471,0.8085427520523277,5997.638177942909,6108.115263773887,6232.244328975694,3467.495220351582,3868.3390584606564,4911.210442848704,0.36723189358608455,0.5381495134108264,0.7098345454314303,1.2000416155226108,1.6764521112240542,3.326390900290144,13.781712726011246,16.220171684365756,23.787073925156886,
OGLE-LMC-RRLYR-13469,845.7852999088498,557.4437207612272,0.16075307679273737,1.905814436205522,356.66282235790624,32.903739584643446,34.46781491150351,38.0,-5.711096992592715,845.3429037606223,538.3468811717506,0.25999531143802496,0.8282266188136305,14.55837571701903,1.1751335565944088,844.229762251873,845.7716348137699,847.8217373815997,539.2270556974657,571.507685426943,605.9698050928369,0.12110843093381907,0.20895837443831236,0.3279640985239549,0.23633743674389124,0.2809498064540775,0.3336583913975045,14.147174784101026,15.105802882649757,16.2607087271849,
OGLE-LMC-RRLYR-19810,28777.00163176027,13193.594611355511,0.95,0.13049631543649165,1582.4331231557157,13.146069077268223,44.41636153905858,37.0,24.04845663650191,6428.270574201855,1466.8596080959094,2.977700560451164,4.018817243845198,32.01121182917709,0.48689144730623046,14032.556270500188,36375.53475719718,113202.9424229223,10014.700059482937,14398.362591100124,25383.293700135255,0.95,0.95,0.95,1.3318489468781873,2.271270212227818,4.884911277055492,15.223848258151467,26.865552892098542,47.79098202319925,
OGLE-LMC-RRLYR-15103,3434.6614547285585,1912.1058592764841,0.08073687048659936,-0.09677413532629174,1478.6163065597161,31.77730225179321,32.12217999355935,32.0,-6.586594063833317,3419.9866858188407,1883.8540389212392,0.636283443331514,1.378075161097859,12.176848985182643,1.444422829626964,3379.1058441310247,3437.4444834748274,3482.6345601039206,1820.4265967261729,1945.377844156641,2139.5230277365686,0.04788060153551383,0.16236147067365267,0.2949240188602576,0.5411892809289469,0.6741025258301012,0.895071486636142,11.620048582940022,12.5872646208726,13.966772074806727,
OGLE-LMC-RRLYR-23596,3863.7862606827657,929.7024174015386,0.32769610248100944,2.274477312663206,582.8374717454752,8.802305976093042,19.1237015847661,22.0,4.139310701956433,3817.6619710563596,854.0391992184518,0.0577947502350221,0.3992136944126362,5.55246130327898,0.6287361411495029,3824.0323033293002,3864.0186686572256,3909.217869309629,902.6707636397041,935.4376275269353,967.9667187127279,0.26344294068641544,0.3191376471551774,0.37771326036939806,0.05340372845963826,0.05873816471621729,0.06506891982206517,5.322220722215907,5.586006428087082,5.870277478069367,
OGLE-LMC-RRLYR-21749,5156.658191276544,3310.828344225871,0.40152803510464896,5.306510510084203,3592.2179282484394,38.313498437516536,41.96911982051191,41.0,-3.77152275041324,5126.331206867149,2900.8677177388677,1.4653993738070847,2.376591496851734,15.283835262920642,1.2359193044360173,5017.148979082236,5150.86053544137,5271.354739681214,3059.3614864715155,3439.6880856657017,4227.375178886988,0.21912956360331326,0.4612864640287581,0.7300681745137965,1.1390586824380742,1.6162037611256308,3.0469280473284748,13.542881868305363,16.352432504019873,27.403504940191212,
OGLE-LMC-RRLYR-06998,6327.720598807441,991.4005993917036,0.5158699076211782,0.40054706264567375,1047.6429217181098,26.554159842912206,50.96299678585321,41.0,16.981692809532376,6143.080106102038,897.4869657873674,0.026129773220546864,0.2834195536865162,3.9872797439977985,0.8565858013842648,6253.816628155156,6320.385777341837,6387.435848397448,958.5386071173173,1004.5759491197487,1068.0096114095722,0.4508449827717863,0.5335621144840426,0.6117468843028646,0.023808347676080147,0.02751665808642703,0.032471337474204456,3.751646216530814,4.146097858628952,4.570388885030916,
OGLE-LMC-RRLYR-17780,9267.917475407987,1906.3905169406803,0.95,-3.1290655342426557,1859.947141534882,36.348638832214476,49.847137186373544,42.0,6.0231591175923285,3961.719032057107,378.3083109859117,0.08660719822577628,0.47999340291163967,14.361977166777693,1.1358949635067024,9198.786422776373,9324.185515514164,9668.268962792812,1704.1850670620136,1931.5666522220786,2128.8515307923176,0.95,0.95,0.95,0.05554764515000259,0.0828918559223085,0.10754848970188659,12.139104912428763,14.082665064866443,15.35166450775922,
OGLE-LMC-RRLYR-19791,5899.105025753235,2397.5111966746135,0.40176429951618414,4.799235488667826,1626.8331613471473,17.739115766730535,19.68437535955682,23.0,-4.32572883903201,5781.888189972572,2219.350782243573,0.4251991365183045,1.0862893664533215,9.675817843942063,1.1826077177820358,5766.121091476126,5897.83017033495,6071.097759340217,2244.5081007536046,2468.6298358255626,2800.994957045331,0.29524667040570546,0.4558841991735664,0.6262335816558987,0.35135432794988747,0.4605026642035089,0.6923474059187429,8.81057237041477,10.071493348909748,12.654273153530937,
OGLE-LMC-RRLYR-15587,3828.7813333714657,1048.7848732375985,0.4680658634713401,0.24199304965487292,2634.916685251388,30.824216031515245,40.55718726940121,38.0,2.4577989184331983,3926.3277397288603,864.6271266153577,0.084493016444404,0.4745157520624101,6.757887826539969,1.1008648582684015,3791.956542806863,3848.0336225490078,3904.89250956663,993.8337326327392,1072.9362148394298,1171.8871474659054,0.35732342642865245,0.47398555035509926,0.5707150614156367,0.06939671579313941,0.08875552906540171,0.11788412737799417,6.016576209809099,6.848361476900886,8.369814374030158,
OGLE-LMC-RRLYR-15201,2967.668646069965,398.2335423743628,0.19156723438362677,-0.07349459333312637,817.045365457158,32.67300420008137,36.697732090851275,29.0,-2.7098637692030394,2908.901010331583,387.5673958766755,0.007699550866514852,0.17348360374754446,2.980766987087834,1.7196318000042827,2889.5270370777384,2946.2599418487926,3037.839260718798,378.0375447879317,398.2293174620861,423.7207193103018,0.12007789230091163,0.22370379838221896,0.3068234807176834,0.006813325981740655,0.007976268852927886,0.009123625795603954,2.8536396719388213,3.0467306054981087,3.243891359567269,
OGLE-LMC-RRLYR-11292,4980.401757278661,978.5896029016562,0.5664396632930835,5.094077264333903,2009.2351415077221,26.032874344691784,32.42651424338212,38.0,-0.8815324207624329,4973.503021997855,815.62558059211,0.040565397377741653,0.3416936756891399,5.198061821240108,0.9297455123104209,4907.484411240127,5004.242418738271,5095.873003157451,880.080968470826,1044.5639260658381,1281.4159474661503,0.4238734152646008,0.6276182987861008,0.8637359172377659,0.030081477529709796,0.04910270078715524,0.09064320288106875,4.258867507684692,5.944177439675876,10.522746074206324,
OGLE-LMC-RRLYR-07393,951.9347141077255,469.6831381156061,0.3700023541568943,-3.0318259359618813,178.29939159883912,29.838320647325844,33.508198748177165,32.0,-3.2615937047481367,953.3820258840607,442.62068544533895,0.12276746166238212,0.5663157607259959,11.578559009818665,1.3562873021511748,947.1576573698596,952.2681132036817,955.3413651582981,431.90662253166425,483.975014719854,613.3250957815969,0.2848474525866935,0.4603597836282286,0.6836347751769983,0.09513096763154723,0.1331470605040862,0.2725524658730551,10.479405388891369,12.69810806201868,19.134782964985266,
OGLE-LMC-RRLYR-22630,2928.097811352178,4276.884905633571,0.95,3.1041803914635056,2272.4101179897516,27.986856810682447,35.15517424289894,37.0,-0.05351839307196826,2959.4645570376997,1227.9656738617964,9.797025263158613,10.990161876875492,101.982699629711,1.036550252247498,2925.515296172379,2928.0154258525636,2931.0057667356623,4034.705654069867,4320.142414926575,4472.752789744506,0.95,0.95,0.95,8.243433294208826,10.098443412064512,11.20003717852849,96.31420619454714,103.01913793016101,106.62581384369548,
OGLE-LMC-RRLYR-17484,3007.28332045948,760.3728643397707,0.95,-0.7588622397975316,2011.38424380842,32.20753462956088,33.57364908136128,38.0,-5.909057867652365,3170.8789874454924,391.893381256975,0.05219318938453515,0.38152669036646514,17.65374239751899,1.1502690939128886,2999.94711960931,3014.206329922442,3034.4671062666007,671.714003104337,800.6562050405985,948.8635886019678,0.95,0.95,0.95,0.03643109881404659,0.06120000000151819,0.10085627951388813,15.68295300935748,18.59236728830681,21.95942843698072,
OGLE-LMC-RRLYR-21683,1805.9778471933676,2059.5867737630556,0.95,3.581502579050826,1332.8419431870159,24.773524590029368,33.376736515387634,25.0,2.165460275621861,1800.0233606590846,718.7059888171912,2.8760613333972476,3.9113843390374203,79.62550438646105,1.4572661523546686,1797.5985116155234,1805.8838927504673,1814.2559065969933,1542.2525652999027,2038.3000542189193,2368.5235619900272,0.95,0.95,0.95,1.2273413725363644,2.7742043293987866,4.3318132090633,60.093432096910135,78.61059655035112,91.17486153474084,
OGLE-LMC-RRLYR-14476,1856.2308166013268,819.7037412933443,0.07917303133565028,-1.524599521222196,1088.3360575128036,26.259321996858557,27.523379665313733,27.0,-5.327616063553485,1857.0149415775513,863.9747500895088,0.17162853417426882,0.6680704136156789,9.657777833736807,1.3820695787820292,1847.2115273655752,1856.655139332781,1864.063518810072,787.6234045247546,833.6666736653225,880.3282004095344,0.060248838921993675,0.1387451908896573,0.22153940011265452,0.1512591806110774,0.18171374672636753,0.2142882140223245,9.343474897728994,9.88114385921833,10.557641426763059,
OGLE-LMC-RRLYR-17732,6071.460315161932,2607.704126263444,0.5150338311751061,0.05261040562391631,4697.353851452026,33.4336182699334,42.24733169964563,38.0,1.5385411102594588,6170.171818323372,2159.288810353107,0.5165011817365034,1.2161549273718544,10.92408561627202,1.1940577953547642,5950.265232775065,6070.6283192250385,6194.661167823769,2441.0894183288788,2759.9413949771742,3181.739341032458,0.4208777455110747,0.5646966781891255,0.7221271772295644,0.4200736178199055,0.5993399955984484,0.9633226229390642,9.771792739719281,12.020845161526388,16.565248966388538,
OGLE-LMC-RRLYR-03632,4951.555962651316,881.3754458917117,0.483381898630204,5.079431643508848,3595.402612187903,9.324739281555939,20.80511763225952,22.0,5.29829344398695,4996.444019176275,808.3153931989807,0.0299834882480883,0.30028178497408425,4.432969949869264,0.6660528058254241,4884.240245804043,4963.819236522865,5030.2643186875075,849.9931288982698,887.7582757704035,928.1204427925712,0.4168030884756501,0.49989231854522787,0.5524132594834882,0.026522645782758047,0.030481531682421785,0.03500655405085656,4.177908208841561,4.502212289507376,4.819534787543632,
OGLE-LMC-RRLYR-05817,5179.557523990175,1204.330639582106,0.40823448442755406,4.212206801532237,5140.725572917895,13.221361405157202,24.272709198713045,22.0,4.869262886839209,5117.304153188831,1144.3817066496288,0.06990924039039981,0.4349664139018987,5.552998923631148,0.9443829575112287,5085.793463928983,5187.077818868567,5275.357543438543,1166.9464138878702,1222.8015466891295,1278.9992612177484,0.33733716440846934,0.41432742264131284,0.5338734876006974,0.06505560138173769,0.07319052561744338,0.08478087915278976,5.278653926475948,5.637681775114955,6.321810847413877,
OGLE-LMC-RRLYR-12355,7235.356052391884,663.641256961383,0.40650209373772495,2.0595305535410295,6639.5809822368155,28.973500912803715,33.80223452711829,38.0,-2.446438705138206,7435.397026890036,653.9646465679533,0.00599463872199421,0.1575286833591036,2.1886711398974916,1.0347678897429897,6979.575060977958,7184.255802600028,7560.672289051465,654.0287196980594,722.3810235059781,783.604790952621,0.28160166319083063,0.473130759942774,0.7044516059330186,0.005717242850647353,0.007532630967894166,0.010120758205604324,2.086273017999768,2.5046702633356484,3.4469798177511106,
OGLE-LMC-RRLYR-08275,2850.6504897252617,367.79641164225103,0.27583104360081634,2.371824955357312,2708.055407120202,16.034134527270414,24.216405647250163,37.0,0.9604352946913082,2862.0799238499276,347.9654517485729,0.006573811030079802,0.1632074464132256,2.9264008160800836,0.5938568343433487,2840.3411076627544,2852.9247757775256,2860.1761498267983,349.8933581245642,372.29785656081026,387.24102542888903,0.2348396559347427,0.2974687971005052,0.34847854079600976,0.005672696802432236,0.006771935855468475,0.007680635485001437,2.7953535250354107,2.9542860304041296,3.121257798343221,
OGLE-LMC-RRLYR-12847,7233.931823363409,1301.1914611428156,0.7627400315740904,4.201240847554086,2444.7168681782837,29.42509784541121,43.047295029538574,42.0,6.146857947560619,7349.295842478054,883.8890797659546,0.045201983180831,0.3581546580462779,6.063833307558671,0.9195343076691003,7040.951939776236,7247.434691369344,7410.519595658142,1184.2162744914922,1464.3561332276772,2066.1654589849536,0.5979577167412552,0.866857420831103,0.95,0.034076135667150086,0.0653992039959584,0.18792641343991573,4.5062375179315906,9.482634990835578,19.43405068755576,
OGLE-LMC-RRLYR-07553,3433.387740569727,1175.964723941159,0.6800669509866675,3.8829467475198474,519.6742069220894,13.76226832415372,31.971032388095548,33.0,11.215748941008869,3408.044740676802,878.4340053976575,0.1481221054441244,0.6207428843127212,10.18510297011553,0.5983594923545096,3417.965384832911,3436.8652923923796,3458.406168255204,1092.9863658922393,1208.6543225042547,1819.7386390433915,0.598121310371005,0.7102088718652579,0.8804800959840162,0.11934515571641942,0.15864863164913712,0.5422806470273971,8.715759939143938,10.706082263909206,24.650913663153325,
OGLE-LMC-RRLYR-02845,2988.093761446574,1257.273973863389,0.564161356184796,0.3810268961533603,45.22713892926183,35.56166293335076,38.94492576677701,35.0,-3.727433289552579,3009.805916694892,1071.6685536400762,0.23899236853398512,0.7921333302680598,11.110123593904643,1.4224665173340305,2957.6613893474314,2992.240235025264,3029.804654764361,1147.7228514964768,1319.5073147797002,1788.4048977889088,0.44108348544862414,0.6032615814570821,0.8342572850078966,0.1803183810928903,0.2741327670731709,0.6861667985806947,9.34267978887037,11.959714405566757,23.538096284225972,
OGLE-LMC-RRLYR-16352,5340.413815232359,2466.0427079922033,0.6633313562266296,1.2593964797915467,2368.747725720865,9.902203828140873,27.911850605780074,27.0,11.417973045630546,5231.120780258906,2091.545910572036,0.5645919188891358,1.282149693267411,13.453082008851897,0.5211686225337302,5262.689802429429,5332.494931355011,5393.031357811326,2343.5072886073785,2474.847869317434,2642.433266671738,0.6098282723511165,0.6689653173724313,0.7517167323133989,0.47564226900337475,0.5697175021492953,0.6963882668166046,12.132056703520977,13.833802649695016,15.96589619177149,
OGLE-LMC-RRLYR-16628,1586.9583524508998,675.8950137286531,0.04695791030251644,2.976229815112484,22.9540173842857,25.354637377533514,25.397370095064847,27.0,-6.548941014477329,1587.1864377010297,671.8201740998175,0.13164045266888322,0.5858247478266645,9.295652714374283,1.3344545988175534,1577.3770186993072,1587.343877589947,1598.3162315952509,648.129766274984,701.9992319254802,775.7708024786514,0.06622745507814137,0.18101791086495053,0.3393748362080108,0.1165986339665875,0.14853158577969644,0.19603629139483833,9.003103545718448,9.855458574957439,11.111376458636826,
OGLE-LMC-RRLYR-17818,3035.2617841002416,1445.4450661162446,0.941961383961261,3.0848495065740043,1198.4114323170709,34.563067383671374,45.774328109380924,43.0,3.6888604943224266,3079.8632632610547,463.4097989706264,0.35196150298621176,0.9764831996545537,30.925266235424903,1.047365678293072,3019.0538604236776,3033.117416815896,3041.546735956043,910.0140223323691,1512.9392362565825,1649.518505598651,0.8471720242910692,0.95,0.95,0.08783097592862697,0.4074185636730086,0.5262343536895377,11.674730904425155,34.79977685503084,38.072518808001774,
OGLE-LMC-RRLYR-09694,6916.606809230988,2480.1064748870126,0.7663419265848072,-0.20720838437558894,4226.462728557134,30.05300471061805,34.83196752015086,42.0,-2.6963764270339254,6912.70274874085,1498.2144807421555,0.3423793010650316,0.9616473749866182,12.168478596051974,0.9391563972068141,6767.007076336607,6936.518016957989,7129.24454741931,2098.0957199477243,2852.5896697371727,4913.52667047114,0.6419215461240672,0.8222185043295941,0.95,0.2014605030338313,0.5239298221802848,2.5575865681416894,8.344818624201638,15.588774647444383,48.571742273427304,
OGLE-LMC-RRLYR-15663,6320.6274246079065,498.51849164734807,0.879297287801801,0.41649823774448885,131.84568681807482,43.120757674008075,63.18388155000142,43.0,12.540723644606217,6215.049089279486,289.5930810744387,0.0033297078721265245,0.12611044661940363,3.610369503152859,1.3066896264850931,6215.361735174666,6362.617559231678,6587.307447154024,380.52688141505047,644.0939606079992,814.8540583020047,0.723271097880843,0.95,0.95,0.0015491692168809984,0.00691281703943943,0.014513084791641599,2.010348974987259,6.7303326875310745,9.029370401213775,
OGLE-LMC-RRLYR-06475,936.7566122613554,339.4477751814739,0.2243748835760055,0.9818555393810013,181.86985786375845,35.736892771982205,39.5788439054553,38.0,-3.4332211859796757,936.9407815300196,339.208367153995,0.047857285701240954,0.3672195788449953,8.106808048664455,1.2763175989993645,934.2274620461301,936.3466137846597,938.8097181032376,324.65323393754755,348.62493784505534,371.30075580203606,0.1473183987631957,0.2609679486458017,0.3982030933865626,0.04201310578204833,0.05200610696078807,0.06288381406620074,7.852298279238228,8.477438963946145,9.065133979803285,
OGLE-LMC-RRLYR-14877,6441.887754762173,764.4996307136971,0.10967963094008208,1.0452032610333237,3764.2604438654935,27.200669914562607,27.521476542165022,27.0,-6.27086710440625,6428.003090760316,764.9627818121794,0.011560809146234094,0.20344467435212737,2.603028922559251,1.4316142060296109,6234.852509894536,6410.56453601835,6676.625590030976,734.1369385953236,790.5086725871602,889.0919482850679,0.07947797228882741,0.21642809797281,0.3496563385955282,0.009949657286176196,0.012845184828793585,0.017765056595138835,2.513196029017096,2.762416677499605,3.1173640777745417,
OGLE-LMC-RRLYR-03183,4352.889887623054,1690.9618404658065,0.5934651762784915,0.8069825106756823,3329.2310609487554,34.998250455104575,41.20779949912884,42.0,-1.2657901925424682,4583.119932764633,1362.6381136624675,0.2739862429439723,0.8517369771525422,10.522593410031957,1.093695326722018,4303.7748495861515,4343.688312922564,4401.374499993656,1586.3430365361046,1802.0683434711545,2257.8885352609714,0.48350060110285387,0.6263329486193736,0.8192100413762129,0.22751232849283748,0.33694341187329235,0.6843170305518508,9.183330285855384,11.801435661477623,20.49157975956527,
OGLE-LMC-RRLYR-05014,5533.191687043445,1714.0799013168069,0.7688492862660748,-0.1780310554471897,4366.8488657658645,14.004211026711612,24.378305626497745,26.0,3.857901523743166,5298.401824297178,954.3000672526401,0.17661372661124283,0.677788241693724,10.562072417651432,0.7780117237062006,5491.170263314883,5539.525807053151,5622.385341957165,1388.632594789558,1682.7401395799336,3448.732287717753,0.6286201065474099,0.7524451835354793,0.95,0.09394312004961694,0.1644299979895006,1.4449872292027355,6.991899038795662,9.91133476667234,43.61595707157513,
OGLE-LMC-RRLYR-12371,1546.5943282106764,881.773550903717,0.5247266325024517,4.487037361085263,1381.2313075537652,39.13236446473003,43.600747932826486,38.0,-2.806788851356316,1545.8131445386243,785.2067544225072,0.3077521357700852,0.9069504231563533,14.601576597101715,1.3975844451689297,1534.304766062055,1547.3097884266972,1558.5319079194107,861.8087349115589,1073.827070713882,1371.9569611393915,0.41637450593940245,0.6943535590487299,0.95,0.2879379812063462,0.5626600538615549,1.1377622435121066,13.244843776677227,20.96413058734067,58.82875165498696,
OGLE-LMC-RRLYR-22903,4155.855158205369,446.3337846075045,0.4626828664026553,-2.8675502956964016,2785.2460549297825,33.83121175029762,41.76663808978325,38.0,0.6602540200328519,4274.3948915873625,357.54221759673464,0.005527658146805577,0.152717529646927,2.641166350548684,1.2082575625106293,4106.083188300516,4159.58616960795,4228.310088685306,406.09513692789676,451.0181864654287,537.5908899607422,0.37688172582609647,0.46792393385583286,0.6434642725316997,0.004067802940678677,0.005696776001116887,0.009829654650598714,2.3460736228963124,2.6624203827794,3.8005517099328876,
OGLE-LMC-RRLYR-17610,3392.383110392677,418.6703872070344,0.2202143958378974,-1.194518349195452,2994.1806170050045,41.92565638886073,43.88528189225659,42.0,-5.51571373317087,3387.1689037196093,419.00434140187764,0.006846831591978656,0.16578579130204774,2.7583444734433695,1.3101767621518978,3350.656950707385,3392.734992151207,3431.461011668209,407.01496096215055,446.17772695037695,476.42890241069415,0.15213678397947844,0.2953706749862043,0.43165530519840306,0.006334601020577174,0.008152876038557815,0.01005271756382254,2.7113014065181207,2.9936558713911743,3.351785469876728,
OGLE-LMC-RRLYR-05152,5449.7011652224855,787.7450801883086,0.5827200074870291,0.8595386350459097,217.05261141512915,29.888263652557857,47.37674614109556,43.0,9.966082257150575,5353.8395326138725,694.2270194570835,0.017672354717208516,0.24122549607115265,3.8777875572994125,0.9057049591684199,5402.881590303333,5466.0010465770265,5533.505037541563,772.3672922605456,834.8017702125096,1004.2015515383483,0.4639715083484047,0.609153056761329,0.7635685446423356,0.016542681905262847,0.020992436601810098,0.03553171373143191,3.5784405019044545,4.210461563115013,6.072005494693228,
OGLE-LMC-RRLYR-15244,3832.6684343288207,460.67321859080585,0.12273373898376773,4.526223970793019,3435.3345560849625,45.104097320804115,47.1146794499042,27.0,-4.581091602908572,3866.7400137968825,465.83525381057893,0.007145935532108646,0.1685444892251681,2.640428693942335,2.3738998589896902,3788.646443255419,3838.687454062517,3917.7751564972496,435.474440364136,457.90092940156944,499.00775924159893,0.07448149266532901,0.17655259101523,0.25963581602014263,0.005846464145801174,0.007002758039548883,0.009121518192648346,2.4935570643443663,2.656256201992571,2.8732697704839607,
OGLE-LMC-RRLYR-03401,3079.1093920203266,1154.9095471787266,0.869651244153943,4.484339766659162,2424.493162643128,31.227500301149774,43.48246684019395,41.0,4.8278224056355725,3163.5013831244196,890.2288677417615,0.1744521699799728,0.6735872123113346,16.564408617541922,1.0073387193919283,3059.835250770745,3081.6580980383687,3105.3940774794387,1101.964150605475,1296.6641276436014,1526.997164429842,0.8737735777181905,0.95,0.95,0.15204817424942138,0.2461854097810905,0.3964369967040145,18.721721706279883,28.900123769979288,34.37916473543713,
OGLE-LMC-RRLYR-05048,1459.61662079578,706.0888426365668,0.18665721811089725,-0.3479807968435049,58.05471110713428,53.91853680070335,54.43371151171959,40.0,-6.862584197211632,1459.988791619499,685.6970374110408,0.17741206261444822,0.6793350415994049,10.735145292316938,1.797284560023445,1453.537733665431,1458.641652992144,1464.5637184739323,687.9820636584183,758.9147067300569,878.917158023282,0.15452309522810892,0.2926489587857991,0.488050214837679,0.16707950085066062,0.21991865799714194,0.3417766601504371,10.482877881719697,11.79026631074693,15.362915695701744,
OGLE-LMC-RRLYR-16301,4972.691440292147,1174.2783705496477,0.7458182617741804,-0.8510452143368684,4355.561289037707,39.9678064013364,52.509089220614996,43.0,5.0188825878914685,4988.305962988809,850.1532926382566,0.07030931380963944,0.436097361246634,7.728490722877925,1.2111456485253453,4881.103031033501,4968.347969617427,5069.963588275943,1125.243972858224,1342.8991997347234,2090.7584452031783,0.6713012020623119,0.8322954914166403,0.95,0.061796623091086994,0.10788193475061528,0.41592881260646963,7.096355893503597,10.992437819618086,29.40825263050862,
OGLE-LMC-RRLYR-16906,1265.8873558055777,717.510452409848,0.11442926168172671,-0.7177609385822754,567.004790276962,61.06420583201647,61.237312131884366,43.0,-7.349293931519227,1266.214481224866,712.6491039458402,0.24750117813987124,0.8068780175728072,12.438904014021652,1.8504304797580748,1256.3510881636396,1263.012865930407,1271.9090969478095,722.6130760135106,803.0353054542752,931.8662623535291,0.0978852554040432,0.32881150785413005,0.6706001214273337,0.2511991271652335,0.3451124731058907,0.5471969466787855,12.863670371959483,14.537362333627211,20.139089129726,
OGLE-LMC-RRLYR-05821,2822.152154450437,419.2129701137195,0.2067436802113391,2.5467392178749826,2525.679089698772,32.35885394784527,34.569583975036224,41.0,-5.21641410621767,2822.0082615004276,417.63860327465324,0.009931754630069999,0.19160882848209074,3.309991115368682,1.0438339983175893,2802.470823648953,2818.819678740175,2838.5817696328622,393.7941652390167,424.83718285381906,456.4025603042188,0.15213018659424235,0.2510658435282659,0.34714328499400354,0.008165630538108074,0.01034839307891115,0.01283248200234952,3.1124403431046366,3.385473852364335,3.7144743602104744,
OGLE-LMC-RRLYR-06521,,,,,,,,,,,,,,,,,,,,,,,,,,,,,,,f(a) and f(b) must have different signs
OGLE-LMC-RRLYR-07957,2180.5298890206386,2015.2789294914573,0.2985861137469936,-0.17113987970311523,118.23818570506903,34.29353933142515,37.61483738279384,36.0,-3.8457398255435464,2182.83268764488,1846.144971012667,1.8482644184243522,2.8043506318608173,21.11238961732819,1.3189822819778905,2168.500213313788,2180.1414523712388,2193.477871452997,1921.789733048164,2093.9077634814257,2510.2815134521566,0.22408793280042913,0.3449021793880691,0.6227852786175396,1.6085159343302853,2.0895734727720967,3.6373816708731357,19.946198512197636,22.421373556183543,33.4114739947618,
OGLE-LMC-RRLYR-11055,4579.276039324063,1350.7209228112652,0.20035957838954013,-1.2652899044225776,2814.8958201607634,22.390639191771847,28.235721111371618,38.0,-1.4300903998530003,4603.828892356389,1285.0469440987424,0.1261786662768738,0.5738802174228647,6.563758314934453,0.799665685420423,4546.774542226397,4572.421023785542,4618.89642071433,1297.9899517152332,1358.8240478760135,1418.4488782197195,0.15384240690922446,0.2218563977662147,0.2932711415674112,0.11088386438248768,0.12814209047715663,0.14793133756711427,6.287809248741655,6.644617838900933,7.013994651134192,
OGLE-LMC-RRLYR-11166,11773.583701880669,2150.3486867967604,0.7377549039078973,-2.556236857823431,10301.284707917977,26.911246453294428,30.231854132612078,36.0,-3.8464301975945716,15449.123278713765,1248.7871348226429,0.07701795998532128,0.45465472189995076,5.898466156471361,1.0350479405113242,11011.313524705381,11487.304871977107,14183.495811892368,1847.9423215796014,2824.016146249313,4108.513127450443,0.6256148157755227,0.8410413980361646,0.95,0.04757443365101929,0.16354442126853275,0.4470481130819674,5.781618957571145,10.247582304398637,20.159568665654437,
OGLE-LMC-RRLYR-16755,3443.926599409277,1514.6525972723705,0.95,3.2804831833367287,1561.810117962994,41.82933412893844,50.16390969046076,43.0,0.8121753301352044,3222.880383374793,368.56180122010426,0.31456762724332776,0.9178591398218149,30.70744397218428,1.2675555796648013,3423.738769125815,3452.8264215402237,3482.9644711278324,1227.7002631434993,1437.4485172260283,1626.5424791995338,0.95,0.95,0.95,0.16496775580392167,0.2683016418076078,0.39026089117950513,24.795821364734284,29.115771215192268,33.03608932467775,
