ogle_id,in_v3,in_v4,P_v4,A_v4,D_v4,coh,pred,failed,P_v3,A_v3,D_v3
OGLE-LMC-RRLYR-00402,False,True,5188.672933845375,1810.1875303402949,55.11610126587763,1.3058012361676763,,,,,
OGLE-LMC-RRLYR-00604,False,True,2523.2754873887125,849.8124256223045,61.32781741724935,0.7408495064617158,,,,,
OGLE-LMC-RRLYR-00723,False,True,1962.9495863408579,945.0991989857074,48.6711396822175,0.9775315276295589,,,,,
OGLE-LMC-RRLYR-01106,True,True,4847.340455039209,1540.838067382528,117.05960812887864,1.1793024329634711,9.27762997761976,,5001.320327067276,1532.4975024974929,115.66893656751829
OGLE-LMC-RRLYR-01548,True,True,2678.6035023552367,948.1897365587904,79.5674557523158,1.0275244554965473,,,2757.394300842258,919.6766866581085,47.29994650642787
OGLE-LMC-RRLYR-02150,True,True,4874.464137452417,844.6623498779729,74.23980678062452,1.0713696554644991,7.295174856298914,,5007.310406436336,934.5237561169477,73.92095711479183
OGLE-LMC-RRLYR-02403,False,True,5187.097292421339,491.67888405409116,44.123719387638886,1.0850482902183003,,,,,
OGLE-LMC-RRLYR-02594,False,True,7121.877429771934,2572.6964602991716,88.52243147577661,0.7656707878728202,-43.00644417309922,,,,
OGLE-LMC-RRLYR-02845,False,True,2973.582775462285,1085.3561527294435,52.802593701311025,1.2422231994935369,-15.324737876194204,,,,
OGLE-LMC-RRLYR-02907,False,True,5575.560645983503,1501.371434298259,81.70115062104048,1.0615165157370705,9.770794686980821,,,,
OGLE-LMC-RRLYR-03183,True,True,4457.99858652409,1359.6960070669397,74.63879936555287,1.9540823910935903,19.394069212399618,,4915.056565159663,1219.5639931841583,71.78420667260832
OGLE-LMC-RRLYR-03269,True,True,7077.487789683597,1461.8417331585206,84.33638705610593,0.7103735726788636,6.780411623103589,,4952.6969235254,986.054720945094,86.16956231385365
OGLE-LMC-RRLYR-03360,True,True,3086.9935567945026,574.2335987522195,60.79382434958046,0.7733794690920647,5.329267121836569,,3125.050301948585,669.2137617319315,60.40268151171114
OGLE-LMC-RRLYR-03401,False,True,3106.191213963496,878.1701364882449,42.34586781057817,0.5964312086681905,6.317673964927202,,,,
OGLE-LMC-RRLYR-03594,True,True,3274.263339951771,458.7052329520202,54.9744771303653,1.0682690107354547,7.787846982825222,,3373.7210667637887,458.2348179847061,44.20363387429734
OGLE-LMC-RRLYR-03632,False,True,5188.412646057973,813.1850158457183,57.7254833849523,1.1057742955407739,,,,,
OGLE-LMC-RRLYR-03688,False,True,4646.934351371846,1132.6753676122485,52.41218276536355,0.9431996071785601,,,,,
OGLE-LMC-RRLYR-03700,True,True,2112.074633598485,693.5240943569897,59.31858147081647,0.6489572602920328,4.62153974053934,,2162.7435256173853,688.86734260901,44.86474370660165
OGLE-LMC-RRLYR-03702,False,True,7116.887663911738,1118.7654788004002,101.75753656770667,1.0121458910458334,15.689732043937973,,,,
OGLE-LMC-RRLYR-03881,True,False,9062.834694274883,1388.4784243385893,90.14843871536897,0.7173204378687752,-13.77915747161625,c4_cycles,4770.3287613853945,663.2978363296214,54.4066254733857
OGLE-LMC-RRLYR-03925,False,True,7119.945767810615,1330.9450030775088,126.6089052129218,1.0559880947803737,23.867248633179074,,,,
OGLE-LMC-RRLYR-04194,False,True,5613.811257002345,3098.36132641271,49.955786238164364,2.374105389057809,-17.861003591654956,,,,
OGLE-LMC-RRLYR-04280,True,False,9259.287799664102,2071.4017732025045,118.90828586183085,1.0675834901629995,-22.47406253480873,"c2_alpha,c4_cycles",4917.340267922995,597.8157783310755,66.6372134913779
OGLE-LMC-RRLYR-04315,True,False,3460.1887385328077,1110.6319610869193,37.73134121674849,0.8375986536629296,3.663196026458195,c1_D,3370.2365158253265,1213.0698036004333,60.03720682599592
OGLE-LMC-RRLYR-04400,True,True,4763.86787677064,714.2112174231866,83.88583155786486,0.9834292337942417,-145.8243122964111,,4763.783629438085,711.670720665647,76.55399502893857
OGLE-LMC-RRLYR-04633,True,True,4844.357551940819,1155.826185703455,53.81665705985091,1.4291239467076224,6.379022822977056,,4477.876632148987,1166.3550008883092,40.41977435905585
OGLE-LMC-RRLYR-04978,True,False,6331.92521098893,2034.2256259628814,37.84761481384996,1.7311208869244432,3.206557082893383,c1_D,4437.436157655882,1771.785943620963,42.63996012017742
OGLE-LMC-RRLYR-05000,False,True,7081.3794594016135,1511.5731901581773,72.86998979036187,0.8592472410479122,-19.032091340312427,,,,
OGLE-LMC-RRLYR-05014,False,True,5406.430154594592,957.9267253298727,47.620041462191864,1.1029996477258748,,,,,
OGLE-LMC-RRLYR-05048,True,True,1450.550268871564,682.452241696701,66.28911485059592,0.936722044604151,7.055970492324704,,1429.7597426532764,788.9147771257692,47.33824443050975
OGLE-LMC-RRLYR-05057,False,True,3843.472233486207,1332.2969821843144,68.10017694299498,1.3775005065976593,,,,,
OGLE-LMC-RRLYR-05066,True,False,8017.813009254497,1622.0973472348517,74.39852247598449,1.2618063774619515,4.422265673933296,c4_cycles,4914.1501763264405,1207.540615449612,60.03692017984318
OGLE-LMC-RRLYR-05152,False,True,5234.1575357446745,669.3241210873874,55.49095463563003,1.1338322871669715,-41.86423265953458,,,,
OGLE-LMC-RRLYR-05231,False,True,5694.492626933684,1751.4021743680148,115.28705724373168,0.8249213121942884,-20.839848022303237,,,,
OGLE-LMC-RRLYR-05817,True,True,5145.625908324392,1145.1178970020892,56.64674111155546,1.321354967199414,,,3028.287067412703,746.8463169207278,41.02261135381217
OGLE-LMC-RRLYR-05820,False,True,6846.4217395901715,1487.6511598639065,130.87493757646257,1.0276759921885896,12.960325958586573,,,,
OGLE-LMC-RRLYR-05821,True,False,2781.0762146019656,412.0061069069195,68.45208087762171,0.871425078018677,9.005997529992605,c2_alpha,2696.1325313680663,377.13722282198546,64.54974337270164
OGLE-LMC-RRLYR-06475,False,True,933.2319329670701,340.1904046993218,75.94069046007513,1.0563321609109253,7.463090971883645,,,,
OGLE-LMC-RRLYR-06521,True,False,24090.38558816571,32400.01308442872,95.00910062522411,1.0104317372602356,-14.646919945433773,"c2_alpha,c4_cycles,c5_ceiling",3665.942287903356,1061.9125130617738,50.56446761143263
OGLE-LMC-RRLYR-06998,False,True,6331.180321944662,887.3793179232945,79.06113297475645,0.9316232033682509,11.309744684666956,,,,
OGLE-LMC-RRLYR-07361,False,True,5693.4010036488135,959.7701697179057,63.48371433724236,1.4508547694199947,-16.95797959460115,,,,
OGLE-LMC-RRLYR-07393,True,True,957.5545477986108,440.35982208237436,47.14670364317453,0.6022697807178088,-8.979125304135685,,948.0226654830147,443.6912307751034,41.39249344449263
OGLE-LMC-RRLYR-07453,False,True,6185.649865577725,1209.8640873171519,57.28540005025343,1.056262099022167,,,,,
OGLE-LMC-RRLYR-07529,True,False,8021.737567227352,669.820309906355,115.28869161216164,1.153052257282735,5.042489263380002,c4_cycles,4399.05064727504,327.3537956766455,48.61404841933086
OGLE-LMC-RRLYR-07549,False,True,3267.7469192491953,1281.3723964955202,49.15234919141088,1.1362449755627,5.114351200050713,,,,
OGLE-LMC-RRLYR-07553,True,True,3507.0013002521832,866.805418889071,51.86325133501444,0.9116539419175088,4.488129212593115,,3343.1805855654657,823.5333901396807,46.2821913627879
OGLE-LMC-RRLYR-07617,True,False,5955.266095028303,379.92789863420586,21.43861391410701,0.6904131250456239,-14.262160916243197,c1_D,3979.403109546083,411.9395259403693,45.71296685708495
OGLE-LMC-RRLYR-07631,False,True,6181.025168107866,498.11094834198315,42.92748485019615,0.9997937179938994,,,,,
OGLE-LMC-RRLYR-07957,True,False,2188.291962985499,1840.9920674442474,57.66521092061123,1.1034306086246033,9.32443006121742,c5_ceiling,2259.236248987274,1752.631700925412,40.222220524947915
OGLE-LMC-RRLYR-08101,True,True,4811.366546999511,1645.2248256216496,79.41623494857814,0.8476742468254236,10.105981549681871,,4954.9285987076255,1724.5684875323886,59.85089957717415
OGLE-LMC-RRLYR-08146,False,True,6187.044690403737,818.0176597026725,42.94404925033163,1.2299478063693763,,,,,
OGLE-LMC-RRLYR-08205,True,True,5198.081066689248,410.81453278211836,71.34744637309433,0.5500166657565887,6.296708495747403,,4911.390502198578,426.5943475483788,52.10764449706335
OGLE-LMC-RRLYR-08275,True,True,2916.636641840778,330.09726373595566,77.25750625308632,0.8773174868548186,-7.904409072661579,,2881.354437548545,383.53290286929325,64.67011008404779
OGLE-LMC-RRLYR-08456,False,True,5190.50070860479,1534.1536157688522,46.75523583807029,1.4876415362364437,,,,,
OGLE-LMC-RRLYR-08522,False,True,7074.655554427442,1648.5050189356082,67.72178039893171,1.1572943007644936,-47.1202713337933,,,,
OGLE-LMC-RRLYR-08601,True,True,2189.033766397355,584.8544737337844,64.67306258134391,0.6304566419105111,-5.580458442246751,,2163.2607304343537,536.05612127572,57.54837919229533
OGLE-LMC-RRLYR-09117,False,True,6186.5076278385395,2012.1874145263203,42.88625603308816,1.2263103877680441,,,,,
OGLE-LMC-RRLYR-09245,False,True,7081.503564919846,3498.034488249487,104.51681670489296,1.8600358849497702,-95.84242222559337,,,,
OGLE-LMC-RRLYR-09636,False,True,7118.057671441908,757.5682965367145,72.4163615401913,1.307372711565044,-18.68799732871566,,,,
OGLE-LMC-RRLYR-09642,True,True,1910.9720094517613,735.7492790281638,74.40710766249765,0.785253157356819,12.834851331002497,,1961.667264992136,759.6283209906137,74.69717793149775
OGLE-LMC-RRLYR-09694,False,True,7069.687396045317,1469.3220209058709,62.972166683494834,1.2378056108325783,8.878346537223983,,,,
OGLE-LMC-RRLYR-10299,False,True,7081.183401500717,1418.9441289153633,101.83732515172031,0.7817649157732331,13.90542633036813,,,,
OGLE-LMC-RRLYR-10447,False,True,5765.787110348294,401.33570312359745,45.433243552807824,0.8158961232779741,-24.90585217327942,,,,
OGLE-LMC-RRLYR-10449,True,True,4454.775516532825,989.5386528342681,93.23824852395035,0.7893561106344704,-9.04802732594706,,4433.083332909972,1136.3870185738467,95.06101727237726
OGLE-LMC-RRLYR-10826,False,True,4571.81961520489,2276.244379215623,56.513394177719675,0.9949110387030131,,,,,
OGLE-LMC-RRLYR-10900,True,False,9253.312531673957,3527.39197637315,60.36807557564174,0.7407118214578449,2.0211702056328065,c4_cycles,4433.991114682518,1993.2228898405745,77.5801629788549
OGLE-LMC-RRLYR-11047,True,True,4455.356283580262,1003.812189900478,76.69580708396313,0.8590188049283422,8.343640350967092,,4355.37592854266,1084.519889834923,68.58485513738486
OGLE-LMC-RRLYR-11055,True,False,4456.132454035916,1237.5955423152186,95.30162064257274,11.495579285002899,-2.959130179879267,c2_alpha,4915.815806013398,1346.184738684883,93.93821060942577
OGLE-LMC-RRLYR-11058,True,False,23997.56442699384,5624.810855537192,47.897589124099625,0.9075548093943963,-148.23988839214084,c4_cycles,4398.894224844867,305.0750468693661,58.5477701141528
OGLE-LMC-RRLYR-11079,False,True,7078.576580342897,686.2496986220685,104.35704071428427,1.0516070406592157,5.061666872478348,,,,
OGLE-LMC-RRLYR-11152,False,True,7070.961479344049,3088.070650605589,87.85887416918035,0.6816375731988946,-37.61637412840237,,,,
OGLE-LMC-RRLYR-11166,True,False,17144.98389557682,1588.187283471888,30.90087112362977,0.9256944822062781,-4.68476547463041,"c1_D,c2_alpha,c4_cycles",1519.4515018960983,415.4029567488872,41.23422946266464
OGLE-LMC-RRLYR-11180,False,True,5189.075735586739,2184.030339518655,46.10592951900374,1.0305641756645105,,,,,
OGLE-LMC-RRLYR-11189,True,False,8015.730296246137,3313.5525864356887,73.86189107451986,1.3568263290912828,11.92066049790699,"c2_alpha,c4_cycles",4960.736836792647,1366.7505614736572,49.00089673895914
OGLE-LMC-RRLYR-11292,False,True,4815.482080355406,786.3656118794379,50.81396755236176,1.3097431001103852,10.75700679938403,,,,
OGLE-LMC-RRLYR-11538,True,True,4815.428755052486,896.2383897660336,102.63891511116759,1.0345612242359739,11.251635866069087,,4956.758769007014,895.7383216125521,94.52277181783435
OGLE-LMC-RRLYR-11985,False,True,6179.895825638915,1748.3372273689179,66.6737853145398,1.4715441099672741,,,,,
OGLE-LMC-RRLYR-11998,True,False,3627.495803348912,1323.6256867931475,49.15061812628511,1.52305597316828,,c2_alpha,3637.4464922047105,1609.5227847922688,49.07897190760103
OGLE-LMC-RRLYR-12015,True,False,9196.536705985971,1374.584757991274,59.73135605532269,0.9991136577902264,1.9205572066597867,c4_cycles,4952.06812379605,1185.3115354257477,60.83754151859381
OGLE-LMC-RRLYR-12190,False,True,7031.110218004241,312.3834539864308,50.070400799584604,0.9882217003330687,8.621178409347863,,,,
OGLE-LMC-RRLYR-12355,False,True,7071.837561824903,661.927990124742,56.60069603467201,1.462562059458188,-0.2588434274155702,,,,
OGLE-LMC-RRLYR-12371,True,True,1553.0329075912919,779.9375196448105,41.70499174923327,0.9435405776296615,-28.486359696251675,,1519.7865001592509,683.5658477691389,49.90908641373872
OGLE-LMC-RRLYR-12473,False,True,5362.289049934235,1765.6002434792579,46.5682622205685,1.0442091350629294,,,,,
OGLE-LMC-RRLYR-12613,True,False,7076.028170449263,1203.7039583117323,56.49500423046692,1.6155705410285957,-13.628903916649389,c2_alpha,4256.576690621996,911.1320584318272,91.15453819637632
OGLE-LMC-RRLYR-12847,False,True,7031.770849450944,905.2572176014235,40.979980037671226,0.4898435679657038,2.648237720847753,,,,
OGLE-LMC-RRLYR-13083,False,True,2825.5645975056195,688.3674823089308,56.96427473692114,0.7618103171758437,,,,,
OGLE-LMC-RRLYR-13392,True,True,2798.6251022050847,409.8516935758633,77.23148364645402,0.6640222004939894,10.465339579127509,,2882.7218231678785,356.5683090081123,67.8456916345441
OGLE-LMC-RRLYR-13469,True,True,841.8668958354554,524.59692459598,72.8028126777885,1.1815304676312315,7.534700975335127,,852.3050988251043,548.5186830212857,71.59434981086699
OGLE-LMC-RRLYR-13854,True,True,4783.501607361857,1388.9488070718917,98.08041876399642,0.82543167436303,11.848767147576943,,4915.472038719265,1376.2293079141127,70.85951193528379
OGLE-LMC-RRLYR-13859,False,True,6332.906339442164,1459.669616375814,105.17880600442214,1.2827402646696056,7.343623400929815,,,,
OGLE-LMC-RRLYR-14075,False,True,4123.534867867815,743.9709895404281,43.9166578403881,1.0068217924201128,8.470450858281083,,,,
OGLE-LMC-RRLYR-14156,False,True,5531.349503737477,590.8725610842048,54.11079186150937,0.6232983723437973,,,,,
OGLE-LMC-RRLYR-14476,False,True,1845.379024091436,850.0109260976006,60.38997159308093,1.317748677492325,,,,,
OGLE-LMC-RRLYR-14801,True,False,5228.424826895185,663.5417158034625,22.106266844135348,1.005730193650221,2.570671559581882,"c1_D,c2_alpha",4911.930756908018,716.9246834897638,40.37265969829437
OGLE-LMC-RRLYR-14810,False,True,3883.074264940338,873.2680729713319,58.058197568994615,1.2242565042299565,-10.54728745529463,,,,
OGLE-LMC-RRLYR-14877,False,True,6187.513644597014,765.0137740770724,55.96195572143708,0.6348599147603521,,,,,
OGLE-LMC-RRLYR-15103,True,True,3506.951679544878,1896.6465909642116,69.53632128365592,1.4512490765194044,-3.7182748673000816,,3343.6479333086754,1845.3315510536715,62.21508683017376
OGLE-LMC-RRLYR-15158,True,True,3086.203508031776,1105.9401638815764,56.87410158266459,0.834486687804967,-0.3364291799786372,,3122.3163655564076,1123.1034284775285,48.579464643712186
OGLE-LMC-RRLYR-15201,True,True,2890.3261258339553,385.8301561048773,79.83883161148367,1.0081710420416103,13.611365528921105,,2890.3261258339444,386.80252690558586,80.35590203698496
OGLE-LMC-RRLYR-15209,True,True,3481.4349710827296,1292.0995469441423,115.48850874493769,1.2635895047560715,13.525808947733946,,3664.9281621840887,1371.1827771642695,97.04110046526074
OGLE-LMC-RRLYR-15244,False,True,3894.8202843252348,462.7655783483304,59.77614095411559,0.7370977275028554,,,,,
OGLE-LMC-RRLYR-15355,True,False,6309.499403981443,2659.032229723793,54.05723519084472,1.3224188637958751,-3.9885226271365255,c4_cycles,4909.262607576543,2102.6693959774193,43.86587128756048
OGLE-LMC-RRLYR-15400,True,False,8015.774797975448,3571.4723480095004,79.52119087646543,2.015630103372055,-32.40834375477293,"c2_alpha,c4_cycles",4440.416105664078,2021.555671898909,45.559098923674725
OGLE-LMC-RRLYR-15442,False,True,4118.418440402447,866.3486031183336,61.22712428357627,0.859199370191562,-4.8552300524473,,,,
OGLE-LMC-RRLYR-15551,True,True,2697.1601586522697,787.3743994981438,65.81687038670313,1.1080252107765585,,,2766.64951829433,723.3688583242595,42.633948414983934
OGLE-LMC-RRLYR-15587,True,True,3789.333890928702,848.266343794897,70.39001010636139,1.0121368078284838,6.124985303335762,,4012.94857439048,874.9695891578607,71.14423339405846
OGLE-LMC-RRLYR-15663,False,True,6291.248824271885,289.51037093611035,40.284736123218806,1.1013504091093498,-64.61000969298357,,,,
OGLE-LMC-RRLYR-16069,False,True,6186.168666420222,1926.2673879065537,75.37408527765507,1.1023618154348473,,,,,
OGLE-LMC-RRLYR-16159,False,True,6334.8547279506065,793.6290987723652,42.86002394709868,1.114235660655619,-5.975157632543727,,,,
OGLE-LMC-RRLYR-16187,True,True,2111.969426444648,724.2714320218619,68.03702754757052,0.5886369186420288,7.886709949445304,,2057.281200941607,699.3036425572493,67.21526857620236
OGLE-LMC-RRLYR-16286,False,True,5187.457824140954,1510.3628953677533,40.05887776964519,0.7844636271545801,,,,,
OGLE-LMC-RRLYR-16301,False,True,4810.75665619463,817.2660972732282,47.43194357027352,0.8561763667380475,12.5624383169866,,,,
OGLE-LMC-RRLYR-16352,False,True,5039.137657729595,2089.2232093125317,55.36930693826457,1.146354943404237,,,,,
OGLE-LMC-RRLYR-16544,True,False,3880.9337571968476,255.40364467225666,66.53894021194031,0.8147038471350738,1.1729195748252792,c3_snr,4010.686985039601,321.5423839318091,51.58777343058409
OGLE-LMC-RRLYR-16628,True,True,1569.7658298725535,666.7208292709995,49.00871047551033,0.9668861926260266,,,1554.3068357151706,737.0258179791275,49.06831970165092
OGLE-LMC-RRLYR-16717,False,True,5144.604229652771,1764.3512015111364,55.258049627603285,1.2823492407084978,,,,,
OGLE-LMC-RRLYR-16750,True,True,2039.7718940023533,447.47631763280447,54.58768694870662,0.9566539023880041,11.606019116376498,,1943.9954475104296,443.24072497613633,43.59835382684955
OGLE-LMC-RRLYR-16755,True,False,3252.5948671206747,369.3394235780813,35.58340918997828,0.8906553449327952,9.137461442448046,"c1_D,c2_alpha",2934.010048718055,427.6153459694609,47.918925825374686
OGLE-LMC-RRLYR-16828,True,False,23948.582639539793,38249.25529562303,59.875155765614124,0.5523378330302192,-51.35843467480174,"c4_cycles,c5_ceiling",4436.908252159791,1173.1173892403633,53.90228666137429
OGLE-LMC-RRLYR-16906,False,True,1267.0596125825996,712.2424731409628,42.20230724779759,0.6890012445677552,1.249376630621697,,,,
OGLE-LMC-RRLYR-17022,False,True,5730.162166205353,457.4867908061607,85.53925076729638,0.9527615200629221,4.872540851070951,,,,
OGLE-LMC-RRLYR-17102,False,True,7081.058987103341,319.57950216351406,67.08307807305272,0.9688705134406616,10.334086258550727,,,,
OGLE-LMC-RRLYR-17484,True,True,3105.397711154441,390.7970247533745,44.20510784176929,0.8157515035009454,2.0303234592076222,,3374.1196564184597,437.0539724334733,43.866987900059314
OGLE-LMC-RRLYR-17610,True,True,3415.572977819007,417.7589396943286,68.10696084654808,0.9276840873367911,18.598447623770845,,3343.1155626398804,349.7005843762753,63.01895078973462
OGLE-LMC-RRLYR-17732,False,True,6334.14763910034,2129.3428444598962,54.34018919738986,0.7662491042646914,-36.5736826036187,,,,
OGLE-LMC-RRLYR-17780,True,True,3856.8740924734557,379.6391314780044,51.562572654819974,1.4291515599140927,7.943398140707501,,4437.611860856947,452.3404008786519,79.18427602780366
OGLE-LMC-RRLYR-17784,False,True,6186.042201318762,1132.2232269545434,62.0202226029422,1.0203007787468326,,,,,
OGLE-LMC-RRLYR-17818,True,True,3085.5386227485983,462.8276403728607,56.27347581649076,1.1754212306748089,-4.300845135715463,,3121.0377196770123,419.42841081377577,43.545075717468364
OGLE-LMC-RRLYR-18188,False,True,6180.76924813383,2302.8492057624762,45.183151969984664,1.1271094809396833,,,,,
OGLE-LMC-RRLYR-18547,True,True,4814.3755158906015,699.7002126745447,58.47595590050321,0.8611854245503751,-1.9707853956517667,,4953.585208710986,671.6948226778778,45.76833914850093
OGLE-LMC-RRLYR-18711,False,True,6332.626262032536,747.8420539196939,61.00812315910076,1.0005831417161484,5.901587680887658,,,,
OGLE-LMC-RRLYR-19049,False,True,5729.388515392323,1790.1009651951022,69.18992004509533,1.0819344295239501,-39.448937374325844,,,,
OGLE-LMC-RRLYR-19139,False,True,7076.417588197733,1718.598756647632,122.03264790732476,1.568163884068243,7.5736790206671,,,,
OGLE-LMC-RRLYR-19183,True,False,3066.6162130324087,654.9310958591226,30.20756123266193,1.657340426400317,3.0258342955339828,c1_D,3094.7178610141877,715.5187717051485,49.486064658966
OGLE-LMC-RRLYR-19233,False,True,6326.857418009694,1871.3469189992447,126.75322856379222,1.015982108439153,6.1814857731702375,,,,
OGLE-LMC-RRLYR-19277,False,True,5005.41088626675,1053.7714957170913,49.79725010370555,0.7856721562375346,,,,,
OGLE-LMC-RRLYR-19455,False,True,7069.643555908723,1828.9093279895426,116.35903975083733,0.9761382228793123,-65.30543724776813,,,,
OGLE-LMC-RRLYR-19535,True,True,3252.5121603568846,844.8957726066412,107.17837994855546,0.9314435876994506,12.757230761854622,,3373.9572980905205,809.4151115501542,101.27856086293524
OGLE-LMC-RRLYR-19579,True,False,7965.734163684226,1439.674948018645,113.22767042372243,0.9492962594143507,11.722719601541066,"c2_alpha,c4_cycles",4907.28785028334,741.0511725709206,75.311801578602
OGLE-LMC-RRLYR-19694,False,True,7078.300555707577,1559.8517585827951,126.8369608337103,1.241802768800062,3.561926799262011,,,,
OGLE-LMC-RRLYR-19763,True,False,3438.803861017897,489.5378744884286,31.120466321950005,0.767307907841085,-173.8496054643134,c1_D,3634.3546964559614,520.5561190589225,62.04752224001993
OGLE-LMC-RRLYR-19791,False,True,6036.1413456442215,2171.9159104655337,45.68421687209906,0.9512538817373849,,,,,
OGLE-LMC-RRLYR-19810,True,True,6327.663968100521,1474.3332613270484,43.6620535928154,1.443751904129167,-13.872899231483567,,4395.632651871905,1429.795574257668,49.163109942074755
OGLE-LMC-RRLYR-19899,False,True,4642.742545189207,962.8767807426933,53.39998593389544,0.6719510294592107,,,,,
OGLE-LMC-RRLYR-19911,True,False,8018.991758699348,950.7100462546092,66.73836186737356,1.2732048135685536,-11.026010983490636,c4_cycles,3976.9264584675634,607.3938775241862,48.96242381670868
OGLE-LMC-RRLYR-20052,False,True,7032.953487516097,1394.5057915064165,64.91670840256191,1.0127110966659942,-10.177804384210095,,,,
OGLE-LMC-RRLYR-20187,False,True,7030.988297926468,1959.1510539695341,143.13915980741234,1.3634963018572048,15.61873347241572,,,,
OGLE-LMC-RRLYR-20570,False,True,7029.080773179689,968.9662383930939,112.52223552354229,0.7328553387056815,-57.22918727679619,,,,
OGLE-LMC-RRLYR-20817,False,True,7075.046141818867,828.436173323414,41.76957761699191,1.1281361600539064,-36.03383630778731,,,,
OGLE-LMC-RRLYR-21192,False,True,5728.4395736537035,453.23513887242086,84.31515921951745,0.963011411747868,11.145935758253295,,,,
OGLE-LMC-RRLYR-21279,False,True,7077.645654439775,380.96794485554744,57.44418107813601,1.6686592916536478,-0.1974847693715276,,,,
OGLE-LMC-RRLYR-21683,False,True,1802.6333311698359,723.2769972847651,47.325739739926206,0.4196896693422949,,,,,
OGLE-LMC-RRLYR-21747,False,True,5191.389633451661,1552.4965033945562,43.74237603578993,0.9147753825470751,,,,,
OGLE-LMC-RRLYR-21749,False,True,5269.538756491834,2990.528862866735,56.78508740263467,1.4695650912442269,-1.9440509128958077,,,,
OGLE-LMC-RRLYR-21835,True,False,2817.5486896949974,1462.1729048236787,47.135927174473466,1.329010777766237,5.599820553933071,c2_alpha,2744.978940026931,1550.6745167991296,44.67040265959699
OGLE-LMC-RRLYR-22402,True,False,11379.234734505791,5290.498143036525,51.047814635677796,1.0680608122894728,,"c2_alpha,c4_cycles,c5_ceiling",3881.951267965776,1891.5545159811777,41.183227363901466
OGLE-LMC-RRLYR-22564,False,True,5234.25690263335,3039.787365177774,79.0291399539477,0.8326616807833924,,,,,
OGLE-LMC-RRLYR-22581,True,True,5233.381672405518,1819.8167029167955,63.019956770383004,1.016589601182305,4.918677182320842,,4959.9776733347535,1849.246702192854,53.14445074408664
OGLE-LMC-RRLYR-22630,True,True,2935.036300001406,1214.5691147827533,67.18019176855503,0.9329311623487012,12.399446984341395,,2878.7168610805234,1200.1450108751103,63.3768565344717
OGLE-LMC-RRLYR-22903,False,True,4151.71855958741,367.07680420832446,64.80338520220056,1.4167145537898083,-60.082073943354246,,,,
OGLE-LMC-RRLYR-22947,True,False,10931.989378821863,2543.8604608947585,53.49236170461057,0.5948896094908646,4.916409439384665,"c2_alpha,c4_cycles",4396.744470778433,1035.3152266098848,47.28405201743891
OGLE-LMC-RRLYR-22970,False,True,5194.977880758786,2424.1940030243327,45.62447466345013,0.8769613587116216,,,,,
OGLE-LMC-RRLYR-23029,False,True,3045.598097730202,949.0872556370493,50.35423901827656,1.18436172107847,,,,,
OGLE-LMC-RRLYR-23186,False,True,6328.842399306683,1206.1093640710467,72.51084349506533,1.1033503345289122,2.4566871663112337,,,,
OGLE-LMC-RRLYR-23539,False,True,5192.458219118816,877.2126964313081,52.44232497223459,1.4127672051998315,,,,,
OGLE-LMC-RRLYR-23592,False,True,5189.429958054135,737.2817849304154,58.69592358184519,0.7331159842667128,,,,,
OGLE-LMC-RRLYR-23596,False,True,3839.171763526069,851.9853861123431,68.48370414112784,0.7027849756193518,,,,,
OGLE-LMC-RRLYR-23866,False,True,4605.345903225877,1028.318556124913,43.02840644087854,0.8851138001852322,,,,,
OGLE-LMC-RRLYR-24071,False,True,5192.6533483690055,1778.0782743878087,66.63144240872109,0.9765605234212315,,,,,
OGLE-LMC-RRLYR-24220,False,True,4204.932665718558,1978.7361418881912,43.87756081520271,1.0453365205415484,,,,,
OGLE-LMC-RRLYR-24566,False,True,5194.643825981157,624.9069982088499,44.51231747630618,1.2931457811253397,,,,,
