ID,P,Porb,Porb_err,a1sini_au,a1sini_err,e,e_err,omega,omega_err,T0,T0_err,beta,beta_err,K1,K1_err,fm,fm_err,Msmin,quality
02387,0.672287,1947,14,1.562,0.084,0.37,0.092,121,16,8738,87,0.07,0.044,9.48,0.85,0.13521,0.02265,0.5935,Q1
02854,0.600218,3478,20,2.328,0.079,0.454,0.052,128,6,8250,59,-0.061,0.027,8.2,0.45,0.13961,0.01428,0.6029,Q1
02950,0.495184,2572,8,2.321,0.041,0.295,0.029,-159,5,6423,38,0.075,0.017,10.28,0.26,0.2523,0.01368,0.8151,Q1
04376,0.491018,2909,19,0.755,0.022,0.423,0.059,-104,7,6505,54,0.071,0.005,3.13,0.18,0.0068,0.00064,0.1653,Q2
04628,0.585007,2164,30,0.696,0.035,0.27,0.082,177,15,7279,91,0.064,0.024,3.66,0.28,0.00971,0.00161,0.1899,Q2
04837,0.59118,4493,20,3.113,0.047,0.294,0.022,-47,4,3854,52,-0.11,0.018,7.89,0.15,0.19941,0.00917,0.721,Q1
05089,0.4808195,2879,16,0.489,0.05,0.63,0.111,-67,7,6927,45,0.108,0.004,2.53,0.88,0.00194,0.00075,0.1032,Q2
05135,0.51912,5795,85,3.888,0.07,0.18,0.013,51,3,3351,56,0.007,0.043,7.42,0.06,0.23352,0.00681,0.7826,Q2
05152,0.620119,6645,328,3.642,0.194,0.352,0.029,-51,3,4075,53,0.494,0.066,6.37,0.12,0.14599,0.00954,0.6163,Q3
05239,0.523026,3288,41,0.303,0.011,0.068,0.049,-127,64,5335,587,0.039,0.004,1.01,0.04,0.00034,4e-05,0.0556,Q2
05949,0.5007805,3285,15,2.109,0.018,0.326,0.015,-39,2,6073,21,-0.104,0.011,7.39,0.09,0.11596,0.00286,0.551,Q2
06498,0.58949,2803,3,2.493,0.01,0.136,0.008,-77,3,6537,25,-0.002,0.005,9.77,0.04,0.26296,0.00334,0.8332,Q1
06909,0.37312,4204,47,1.443,0.055,0.302,0.067,136,13,6526,153,-0.179,0.011,3.93,0.2,0.02279,0.00265,0.2678,Q2
06981,0.6076795,4195,35,0.9,0.022,0.244,0.032,-162,7,5291,84,0.014,0.008,2.41,0.08,0.00554,0.00043,0.1528,Q1
06992,0.6075195,4897,233,0.442,0.037,0.252,0.08,156,18,4827,247,0.121,0.028,1.02,0.07,0.00048,0.0001,0.0627,Q3
07051,0.868032,2238,24,1.023,0.038,0.284,0.072,-32,13,6856,83,0.469,0.024,5.21,0.26,0.0286,0.00317,0.2943,Q2
07079,0.560945,6560,277,1.839,0.406,0.564,0.039,170,14,8114,115,0.137,0.23,3.69,0.76,0.02141,0.01509,0.2609,Q3
07275,0.459478,5535,699,1.48,0.209,0.299,0.053,-12,5,6057,56,0.363,0.047,3.05,0.1,0.01412,0.00244,0.2203,Q3
07566,0.6768105,3517,8,1.745,0.022,0.508,0.013,177,1,5547,18,0.009,0.008,6.27,0.12,0.05736,0.00221,0.3979,Q1
07638,0.555344,2285,9,1.251,0.027,0.216,0.043,-159,10,6535,63,0.067,0.015,6.11,0.17,0.05011,0.00325,0.3747,Q1
07640,0.5537705,1251,2,0.973,0.011,0.076,0.024,-54,20,8293,71,0.06,0.004,8.49,0.1,0.07854,0.00275,0.4588,Q1
07659,0.505232,4922,131,0.35,0.011,0.076,0.047,-10,40,7970,572,-0.078,0.008,0.78,0.03,0.00024,2e-05,0.0487,Q3
07943,0.60435,3847,16,1.414,0.018,0.174,0.024,-25,8,6679,84,0.031,0.007,4.06,0.06,0.02552,0.00101,0.2806,Q1
07995,0.478428,6330,503,0.673,0.055,0.398,0.036,34,3,6373,42,0.079,0.008,1.26,0.02,0.00101,9e-05,0.0816,Q3
08185,0.455363,4686,33,3.887,0.024,0.27,0.006,-50,1,5128,16,-0.155,0.018,9.37,0.05,0.35686,0.00431,0.984,Q1
08215,0.5031375,8819,988,3.966,0.671,0.279,0.035,91,2,5408,38,0.429,0.155,5.07,0.36,0.10815,0.03036,0.5329,Q3
08442,0.525455,3437,21,2.381,0.028,0.29,0.014,-138,2,5827,25,-0.211,0.027,7.87,0.1,0.15243,0.00499,0.6296,Q1
08697,0.507234,2332,37,0.23,0.037,0.581,0.176,-106,10,7265,62,-0.298,0.006,1.82,2.45,0.00033,0.00021,0.0544,Q2
08752,0.612425,3930,19,2.273,0.021,0.222,0.017,26,4,6088,43,0.375,0.021,6.45,0.07,0.10144,0.00295,0.5169,Q1
08830,0.589108,4800,261,1.37,0.089,0.512,0.047,-8,4,5301,44,0.001,0.038,3.63,0.29,0.01501,0.00241,0.2258,Q3
09104,0.51507,5438,47,1.501,0.014,0.489,0.011,-103,1,6028,16,0.026,0.007,3.44,0.03,0.01525,0.0003,0.2272,Q2
09276,0.51387,5179,299,0.533,0.072,0.731,0.13,-98,14,6700,101,-0.195,0.03,2.31,3.13,0.00079,0.00038,0.0747,Q3
09577,0.559849,2150,10,1.274,0.033,0.252,0.058,-114,11,6237,62,-0.926,0.02,6.67,0.22,0.05975,0.0047,0.4052,Q1
09635,0.5199447,3984,210,0.792,0.15,0.776,0.072,-175,5,7246,48,0.219,0.042,3.72,1.72,0.00468,0.00394,0.1433,Q3
09683,0.5992245,5383,392,1.722,0.133,0.278,0.058,-112,13,6774,156,0.077,0.057,3.63,0.09,0.02355,0.00243,0.2714,Q3
09698,0.4769498,5541,522,0.566,0.079,0.262,0.082,66,12,6487,150,0.125,0.044,1.15,0.08,0.0008,0.00022,0.075,Q3
09778,0.490029,3095,55,0.247,0.008,0.262,0.053,84,15,8767,144,0.089,0.007,0.9,0.03,0.00021,2e-05,0.0467,Q2
09781,0.6973228,3454,93,0.199,0.015,0.504,0.084,-170,10,6411,87,0.055,0.006,0.74,0.1,9e-05,2e-05,0.0348,Q2
09789,0.646196,3718,7,2.774,0.021,0.222,0.011,93,2,8470,25,0.308,0.01,8.32,0.09,0.20605,0.00505,0.7333,Q1
10047,0.485956,4520,323,0.405,0.06,0.11,0.074,3,32,4567,394,0.084,0.048,0.98,0.08,0.00044,0.00014,0.0607,Q3
10142,0.508268,3734,18,2.12,0.014,0.105,0.007,129,4,5364,50,-0.713,0.013,6.21,0.03,0.0912,0.00141,0.4917,Q2
10158,0.6122545,4413,268,2.295,0.141,0.378,0.033,24,5,5634,51,-0.071,0.109,6.12,0.17,0.08294,0.007,0.4705,Q3
10210,0.568133,3500,51,0.725,0.023,0.487,0.034,-165,4,6838,32,-0.011,0.017,2.59,0.12,0.00416,0.00036,0.1371,Q2
10356,0.4942865,4965,366,2.614,0.246,0.441,0.027,114,4,6051,37,0.363,0.169,6.38,0.22,0.09677,0.01337,0.5056,Q3
10705,0.3599295,3427,28,0.864,0.019,0.134,0.034,-133,15,4241,149,-0.103,0.009,2.77,0.06,0.00733,0.00047,0.1702,Q1
10745,0.72946,3768,29,1.073,0.019,0.16,0.03,62,9,8475,105,0.069,0.013,3.14,0.07,0.0116,0.00063,0.2037,Q1
10906,0.492066,3719,60,0.28,0.009,0.308,0.049,-63,11,6409,112,0.04,0.003,0.86,0.03,0.00021,2e-05,0.0469,Q2
11090,0.59403,7618,448,3.341,0.307,0.201,0.025,-118,4,5192,76,0.244,0.1,4.86,0.19,0.08609,0.01387,0.4786,Q3
11098,0.5121868,5823,506,0.47,0.055,0.575,0.071,25,8,5721,106,-0.012,0.03,1.08,0.1,0.00042,0.00011,0.0594,Q3
11105,0.520412,4022,78,0.287,0.012,0.507,0.051,-47,9,7255,81,-0.131,0.004,0.91,0.06,0.0002,3e-05,0.0457,Q2
11108,0.598308,2877,28,0.685,0.045,0.629,0.119,-107,6,8725,41,-0.001,0.012,3.72,2.4,0.00527,0.00125,0.1499,Q2
11442,0.5145645,4739,177,0.392,0.01,0.508,0.033,-17,4,7335,45,0.07,0.004,1.05,0.03,0.00036,3e-05,0.0564,Q3
11522,0.421652,5114,24,0.817,0.009,0.567,0.015,11,1,8418,15,0.381,0.004,2.11,0.05,0.00278,0.0001,0.118,Q2
11683,0.6346595,4999,51,2.375,0.028,0.29,0.017,-24,3,7045,44,-0.007,0.013,5.4,0.07,0.07154,0.00241,0.4396,Q1
11730,0.736093,5405,288,3.355,0.313,0.266,0.083,45,19,8433,369,0.403,0.23,7.03,0.36,0.17387,0.03463,0.6724,Q3
11833,0.562582,3238,11,1.865,0.009,0.272,0.01,-54,1,5911,15,0.039,0.011,6.51,0.05,0.08251,0.00121,0.4693,Q1
11966,0.5075527,6393,337,0.394,0.031,0.68,0.047,-59,7,6976,65,0.036,0.014,0.92,0.09,0.0002,3e-05,0.046,Q3
11989,0.5023055,4073,62,0.397,0.017,0.312,0.08,30,13,7996,149,0.234,0.007,1.12,0.07,0.0005,7e-05,0.0636,Q2
11990,0.4938388,1896,28,0.139,0.007,0.199,0.101,81,39,6562,203,0.107,0.005,0.82,0.05,0.0001,2e-05,0.0361,Q2
12333,0.6085633,3206,39,0.748,0.019,0.061,0.038,-87,46,6378,411,0.043,0.011,2.55,0.07,0.00545,0.00044,0.1519,Q2
12343,0.54159,3275,106,0.81,0.074,0.445,0.11,69,17,4893,185,0.247,0.042,3.05,0.44,0.00672,0.00165,0.1646,Q3
12466,0.495691,4145,102,0.359,0.021,0.234,0.102,100,25,4562,298,-0.099,0.008,0.98,0.1,0.00036,8e-05,0.0567,Q3
12664,0.5169445,4476,96,0.834,0.042,0.516,0.049,-179,6,6505,57,-0.113,0.03,2.37,0.16,0.00388,0.00051,0.1335,Q2
12786,0.481605,4884,80,0.556,0.017,0.315,0.045,17,7,8073,95,-0.008,0.012,1.31,0.04,0.00096,8e-05,0.08,Q2
12819,0.5102775,3698,89,0.267,0.017,0.259,0.071,-146,25,7724,246,-0.099,0.007,0.82,0.06,0.00019,4e-05,0.0449,Q2
13159,0.5451018,3381,54,0.692,0.013,0.215,0.039,149,12,4710,140,0.089,0.009,2.28,0.05,0.00387,0.00023,0.1334,Q2
13260,0.568977,3231,11,0.775,0.013,0.537,0.026,92,3,7656,23,0.121,0.006,3.1,0.09,0.00595,0.00029,0.1571,Q1
13454,0.710962,1076,6,0.764,0.038,0.433,0.1,132,12,7969,44,0.053,0.022,8.67,0.85,0.05173,0.00841,0.38,Q1
13477,0.5749995,4502,81,3.722,0.09,0.139,0.028,-30,8,5704,100,-0.01,0.075,9.08,0.14,0.33949,0.01569,0.9572,Q2
13534,0.463105,3672,12,0.943,0.011,0.271,0.022,22,4,7455,41,0.003,0.004,2.9,0.04,0.0083,0.0003,0.1786,Q1
13896,0.606185,3054,80,1.99,0.088,0.295,0.054,148,6,8687,66,-0.051,0.024,7.43,0.25,0.11289,0.01087,0.5439,Q2
14101,0.5837305,4097,38,1.126,0.041,0.423,0.05,-21,7,7891,59,-0.087,0.025,3.31,0.21,0.01139,0.00135,0.2022,Q2
14145,0.472765,4066,12,2.303,0.041,0.443,0.021,-17,2,7148,30,0.252,0.006,6.88,0.19,0.09868,0.00522,0.5102,Q1
14526,0.669471,2926,24,1.393,0.058,0.389,0.064,41,8,6185,66,0.152,0.028,5.65,0.39,0.04236,0.00549,0.3482,Q1
14784,0.577686,2999,227,0.849,0.102,0.26,0.128,-169,37,7038,302,0.046,0.027,3.23,0.39,0.00928,0.00264,0.1866,Q3
14786,0.610032,2332,56,1.29,0.076,0.352,0.07,-106,13,5237,91,-0.396,0.102,6.46,0.5,0.05299,0.00832,0.3841,Q3
14815,0.56101,2798,85,0.297,0.035,0.477,0.127,156,15,6272,117,-0.173,0.014,1.36,0.32,0.00047,0.0002,0.0618,Q3
14830,0.6147847,4489,186,0.989,0.107,0.525,0.141,157,13,7007,145,-0.043,0.031,2.94,0.68,0.00666,0.00248,0.164,Q2
14891,0.636873,7525,524,2.73,0.43,0.169,0.06,131,17,8093,309,0.259,0.299,3.99,0.43,0.04939,0.01817,0.3723,Q3
14905,0.5214227,3627,76,0.324,0.033,0.447,0.145,-159,13,7513,131,-0.006,0.009,1.13,0.25,0.00036,0.00013,0.0562,Q2
15388,0.501078,2919,29,2.095,0.085,0.407,0.088,-134,7,8269,63,0.361,0.028,8.63,0.75,0.14483,0.01943,0.6139,Q3
15394,0.483954,3532,63,0.42,0.018,0.093,0.07,-65,90,7498,648,-0.171,0.01,1.3,0.07,0.0008,0.00011,0.0748,Q3
15784,0.641515,3657,161,2.246,0.144,0.286,0.06,-93,17,7813,149,0.083,0.114,6.98,0.25,0.11356,0.01564,0.5455,Q3
15841,0.660526,3411,83,2.104,0.107,0.141,0.062,-1,35,4044,359,0.528,0.045,6.79,0.31,0.10735,0.01427,0.531,Q2
20376,0.734795,1641,19,2.33,0.313,0.628,0.094,162,5,7657,25,3.687,0.179,20.75,6.38,0.66507,0.37041,1.4159,Q3
20627,0.444491,1186,9,0.261,0.009,0.271,0.074,95,16,7507,54,0.114,0.014,2.49,0.12,0.00169,0.00018,0.0981,Q1
31312,0.463265,2106,57,0.675,0.025,0.265,0.07,-29,13,7528,76,-0.074,0.084,3.63,0.18,0.0093,0.00092,0.1867,Q2
